ticket_id,text,category,priority,sentiment,language,resolution
TKT-01306,The page loads very slowly and sometimes times out completely. My internet connection is fine — other apps work normally. Is there a workaround I can try in the meantime?,technical,medium,negative,english,technical_troubleshooting
TKT-03415,I was overcharged and need the difference returned to my card. I returned the item via FedEx on two days ago. Can you expedite this reimbursement?,refund,medium,negative,english,refund_duplicate_charge
TKT-03209,This is ridiculous. Tracking shows my order is in a completely different city. I'm very disappointed with the delivery experience.,shipping,high,negative,english,track_order
TKT-03951,i am extremely frustrated. i returned my order two weeks ago but still haven't gotten my money back,refund,urgent,negative,english,refund_duplicate_charge
TKT-04480,I don't want to renew my annual plan. Make sure no further charges are applied.,subscription,medium,negative,english,cancel_subscription
TKT-04637,Can I cancel mid-cycle and get a prorated refund? My next payment date is on the 15th. Will I still have access until the end of the current period?,subscription,high,neutral,english,cancel_subscription
TKT-01725,"I get an error saying my account doesn't exist, but I've had it for years.",account,urgent,neutral,english,resolve_login_issue
TKT-01998,The login page just keeps refreshing without letting me in. I've been a customer since 2021. I can't access any of my saved data without logging in.,account,medium,negative,english,resolve_login_issue
TKT-00098,"I received two CHARGE NOTIFICATIONS FOR ONE transaction. My monthly payment should be $24.99, not double that. I need this resolved quickly, please!!",billing,high,negative,english,refund_duplicate_charge
TKT-01970,i'm really upset about this. i've been trying to reset my password for the past hour. my username is jsmith42. please advise on what to do next.,account,high,negative,english,reset_password
TKT-02427,My account seems to be suspended but I don't know why. I can't acess any of my saved data without logging in.,account,high,neutral,english,resolve_login_issue
TKT-01785,the login button is greyed out and i can't click it. i've verified my email address already. is there another way to verify my identity?,account,low,negative,english,resolve_login_issue
TKT-01655,I keep getting kicked out of the app randomly. I attached a screenshot but can't include it here. This is really affecting my work.,technical,medium,negative,english,technical_troubleshooting
TKT-00066,I am extremely frustrated. My card was debited twice for a single order. Each charge is for $59.99. Can you resolve this? I shouldn't have been charged twice.,billing,medium,negative,english,refund_duplicate_charge
TKT-02650,My package seems to be stuck in transit. This delay is really inconvenient.,shipping,high,negative,english,track_order
TKT-03995,My return was approved weeks ago but the credit still hasn't appeared. The return tracking shows it was delivered back to your warehouse.,refund,medium,negative,english,refund_duplicate_charge
TKT-01895,I AM SO DONE WITH this. I havent been able to update my password through your website.,account,high,negative,english,reset_password
TKT-04839,NOT HAPPY AT ALL. The service isn't worth the monthly fee anymore. I don't see a cancel option in my account settings.,subscription,medium,negative,english,cancel_subscription
TKT-02829,my order has been 'out for delivery' for three days straight. the tracking number is trk9220915490.,shipping,high,neutral,english,track_order
TKT-01135,I'M GETTING A weird error message when I use the application. I attached a screenshot but can't include it here,technical,low,negative,english,technical_troubleshooting
TKT-02886,I placed an order on a few days ago and it still hasn't been delivered. Is there any way to speed this up?,shipping,low,negative,english,track_order
TKT-04345,"Hi there, I have a question. I don't want to renew my annual plan.",subscription,low,neutral,english,cancel_subscription
TKT-00154,My bank shows two identical transactions from your company. Each charge is for $79.99. How do I get the extra amount refunded?,billing,high,neutral,english,refund_duplicate_charge
TKT-02781,I placed an order on last Monday and it still hasn't been delivered.,shipping,high,negative,english,track_order
TKT-03401,I can't believe this is happening again. I was charged twice by mistake — can I get the extra amount returned? I have the receipt and can provide proof of the duplicate charge.,refund,medium,negative,english,refund_duplicate_charge
TKT-02593,"Where is my order? The estimated delivery date has passed. If it's lost, I need a replacement or refund.",shipping,medium,positive,english,track_order
TKT-00429,the same amount was taken from my card twice. the amount is $24.99 each time.,billing,urgent,neutral,english,refund_duplicate_charge
TKT-02525,I haven't received any shipping updates since I placed my order. I've contacted the courier but they redirected me to you.,shipping,medium,neutral,english,track_order
TKT-00718,This is ridiculous. I'm seeing a repeated charge that shouldn't be there. This is related to order ORD-647977.,billing,medium,negative,english,refund_duplicate_charge
TKT-04661,"Hello, thank you in advance for your help. I don't want to renew my annual plan. My plan is the Starter tier at $24.99/month. Make sure no further charges are applied!!",subscription,high,neutral,english,cancel_subscription
TKT-01819,TWO-FACTOR AUTHENTICATION ISN'T sending me the verification code. This is urgent as I need access for work. Please help me regain access.,account,high,negative,english,resolve_login_issue
TKT-04053,My order arrived damaged and I need a full reimbursement. The amount I need returned is $14.99. Is there anything else you need from me to process this?,refund,urgent,negative,english,refund_duplicate_charge
TKT-02279,I keep getting 'invalid token' when I click the reset link. I've already tried from multiple devices. Please help me regain access...,account,high,neutral,english,reset_password
TKT-02352,The CAPTCHA on the login page keeps failing even when I solve it correctly. I've verified my email address already.,account,low,negative,english,resolve_login_issue
TKT-00607,"Hello, thank you in advance for your help. I see an unauthorized duplicate deduction on my account. Please fix this and credit my account.",billing,urgent,positive,english,refund_duplicate_charge
TKT-03802,The duplicate charge on my card needs to be reversed immediately. I returned the item via the courier on September 28th. Please return my payment as soon as possible.,refund,low,neutral,english,refund_duplicate_charge
TKT-03092,I haven't received any shipping updates since I placed my order. I need someone to investigate what happened to my package.,shipping,urgent,negative,english,track_order
TKT-03098,I'm really upset about this. I placed an order on last Monday and it still hasn't been delivered. This delay is really inconvenient...,shipping,medium,negative,english,track_order
TKT-00566,NOT HAPPY AT ALL. My card was debited twice for a single order. I noticed this when I checked my statement on last Friday. I want the overcharge refunded to my card.,billing,medium,negative,english,refund_duplicate_charge
TKT-02446,I haven't been able to update my password through your website. I checked my spam folder but nothing is there. Please help me regain access.,account,high,neutral,english,reset_password
TKT-00900,your website keeps displaying a blank screen on my browser. i've already tried all the basic troubleshooting steps. i'm losing patience with this recurring issue.,technical,high,negative,english,technical_troubleshooting
TKT-01945,I am extremely frustrated. I need to change my password but I can't find the option.,account,urgent,negative,english,reset_password
TKT-02333,"Hello, I hope you're having a good day. Can someone manually reset my password? The automated system isn't working for me. I can't access any of my saved data without logging in Regards.",account,urgent,positive,english,reset_password
TKT-01779,Single sign-on with Google isn't working for my account anymore!!,account,urgent,negative,english,resolve_login_issue
TKT-03850,The quality of what I recieved doesn't justify the price. I'm going to dispute the charge with my bank if this isn't resolved.,refund,high,negative,english,refund_duplicate_charge
TKT-03369,I returned my order two weeks ago but still haven't gotten my money back. I was charged $149.99 twice.,refund,low,negative,english,refund_duplicate_charge
TKT-01433,Something is broken in the app — features that used to work don't anymore. My internet connection is fine — other apps work normally. I'm losing patience with this recurring issue!!,technical,high,negative,english,technical_troubleshooting
TKT-00365,I see an unauthorized duplicate deduction on my account. The amount is $49.99 each time. Can you resolve this? I shouldn't have been charged twice.,billing,medium,negative,english,refund_duplicate_charge
TKT-00342,The same amount was taken from my card twice. This is related to order ORD-844810. I expect a refund for the duplicate amount.,billing,urgent,negative,english,refund_duplicate_charge
TKT-04365,The service isn't worth the monthly fee anymore. How soon will the cancellation take effect?,subscription,medium,neutral,english,cancel_subscription
TKT-03747,I've had it with your service! My order arrived damaged and I need a full reimbursement. I returned the item via USPS on October 1st. I need the amount credited to my original payment method!!,refund,high,negative,english,refund_duplicate_charge
TKT-02788,"Hi there, I have a question. Where is my order? The estimated delivery date has passed!!",shipping,high,neutral,english,track_order
TKT-02845,This is ridiculous. My package seems to be stuck in transit. The tracking number is TRK3927047170.,shipping,low,negative,english,track_order
TKT-02826,"Honestly, this is the worst experience. My order still hasn't arrived and it's been over two weeks. This delay is really inconvenient.",shipping,low,negative,english,track_order
TKT-02731,This is ridiculous. I paid for express delivery but it's been 13 days already. Can you contact the courier on my behalf?,shipping,low,negative,english,track_order
TKT-00388,NOT HAPPY AT ALL. I've been charged an extra amount that I didn't authorize. How do I get the extra amount refunded?,billing,high,negative,english,refund_duplicate_charge
TKT-04319,The service isn't worth the monthly fee anymore.,subscription,medium,neutral,english,cancel_subscription
TKT-01919,I can't log into my account even though I'm using the correct credentials. This is urgent as I need acess for work.,account,high,neutral,english,resolve_login_issue
TKT-00517,Your system appears to have processed my payment twice. Order number ORD-181613 seems to be the one affected. I would apreciate it if you could refund the extra amount.,billing,medium,negative,english,refund_duplicate_charge
TKT-00657,My bank shows two identical transactions from your company. Please fix this and credit my account.,billing,urgent,neutral,english,refund_duplicate_charge
TKT-04498,Please cancel my auto-renewal — I don't want to be charged again. I don't see a cancel option in my account settings.,subscription,high,neutral,english,cancel_subscription
TKT-02710,I received a delivery confirmation but the package isn't here. My delivery address is correct — I've double checked.,shipping,medium,neutral,english,track_order
TKT-01668,My device won't connect to your service properly. This started happening after the last update.,technical,high,negative,english,technical_troubleshooting
TKT-03587,"Hi there, I have a question. The item doesn't match the description and I want my money returned. I was charged $29.99 twice.",refund,medium,neutral,english,refund_duplicate_charge
TKT-04651,"Hi, I hope this message finds you well. I no longer need the service and want to cancel.",subscription,high,neutral,english,cancel_subscription
TKT-03865,I never received my order but I was charged for it. I already spoke with someone who said it would be taken care of.,refund,medium,neutral,english,refund_duplicate_charge
TKT-02011,I tried resetting my password but I get an error!!,account,medium,negative,english,reset_password
TKT-03333,I am so done with this. The courier says they delivered it but I never received anything. This delay is really inconvenient.,shipping,medium,negative,english,track_order
TKT-02047,The reset link I received says it has expired. My username is customer2024. Is there another way to verify my identity?,account,medium,neutral,english,reset_password
TKT-04227,I want to make sure I won't be charged next month. I've been a member since 2022.,subscription,medium,neutral,english,cancel_subscription
TKT-02583,The courier says they delivered it but I never received anything. I chose standard delivery. Please provide an updated delivery estimate.,shipping,low,negative,english,track_order
TKT-02290,The CAPTCHA on the login page keeps failing even when I solve it correctly. I'd apreciate a quick resolution.,account,high,negative,english,resolve_login_issue
TKT-01925,I need to change my password but I can't find the option. I've been a customer since 2021.,account,medium,neutral,english,reset_password
TKT-04444,"Dear support team, I need to downgrade or cancel my current plan.",subscription,high,neutral,english,cancel_subscription
TKT-00524,This is absolutely unacceptable. I think the system charged me twice when I placed my order. Can you resolve this? I shouldn't have been charged twice.,billing,high,negative,english,refund_duplicate_charge
TKT-03490,The duplicate charge on my card needs to be reversed immediatly. The order number is ORD-143877. Can you expedite this reimbursement?,refund,urgent,negative,english,refund_duplicate_charge
TKT-03037,I paid for express delivery but it's been 9 days already.,shipping,high,negative,english,track_order
TKT-01083,The search function in your app returns no results even though I know there should be matches. I need this fixed as soon as possible.,technical,medium,positive,english,technical_troubleshooting
TKT-00687,My bank shows two identical transactions from your company. This is related to order ORD-151069.,billing,medium,negative,english,refund_duplicate_charge
TKT-04302,I need to downgrade or cancel my current plan. Just want this taken care of.,subscription,medium,negative,english,cancel_subscription
TKT-04677,NOT HAPPY AT ALL. I tried to cancel online but the button doesnt seem to work. I need a confirmation email once it's done.,subscription,low,negative,english,cancel_subscription
TKT-01439,The software freezes whenever I try to save my work. I've already tried all the basic troubleshooting steps. How can I get this working again?,technical,high,negative,english,technical_troubleshooting
TKT-03386,The product I received is defective and I want my money back. How long will it take to get my money back?,refund,medium,positive,english,refund_duplicate_charge
TKT-00755,This is absolutely unacceptable. I just checked my statement and there's a double payment. I was expecting only one charge of $49.99.,billing,high,negative,english,refund_duplicate_charge
TKT-04222,I want to cancel my monthly plan. I read the cancellation policy but still have questions. Will I still have access until the end of the current period?,subscription,high,negative,english,cancel_subscription
TKT-03579,I canceled my order but the charge still went through. The order number is ORD-422420.,refund,high,negative,english,refund_duplicate_charge
TKT-00616,My card was debited twice for a single order. Both transactions show $49.99. Could you look into this and issue a refund?,billing,high,negative,english,refund_duplicate_charge
TKT-03061,Can you tell me where my order is right now? This is a gift and I needed it by a specific date.,shipping,urgent,negative,english,track_order
TKT-04501,Please terminate my membership and confirm via email. I need a confirmation email once it's done.,subscription,medium,neutral,english,cancel_subscription
TKT-03421,My order arrived damaged and I need a full reimbursement. This has gone on too long — I want my money back now.,refund,medium,negative,english,refund_duplicate_charge
TKT-00020,"I received two charge notifications for one transaction. I noticed this when I checked my statement on last Monday. I need this resolved quickly, please.",billing,urgent,negative,english,refund_duplicate_charge
TKT-04691,I'm switching to a different provider and need to cancel here. I don't want any retention offers — just cancel please,subscription,low,neutral,english,cancel_subscription
TKT-04178,I want to make sure I won't be charged next month.,subscription,medium,negative,english,cancel_subscription
TKT-03298,Seriously?? I want to know why my package is taking so long. My delivery address is correct — I've double checked!!,shipping,medium,negative,english,track_order
TKT-03103,I paid for express delivery but it's been 11 days already.,shipping,urgent,negative,english,track_order
TKT-01930,Can someone manually reset my password? The automated system isn't working for me. I can provide ID verification if needed. I can't acess any of my saved data without logging in.,account,medium,neutral,english,reset_password
TKT-01488,The application is not responding after the latest update. I attached a screenshot but can't include it here. I'm losing patience with this recurring issue.,technical,urgent,neutral,english,technical_troubleshooting
TKT-00188,The payment for my last order appears duplicated. I was expecting only one charge of $9.99!!,billing,medium,positive,english,refund_duplicate_charge
TKT-01072,The software freezes whenever I try to save my work. My internet connection is fine — other apps work normally. I've spent hours trying to fix this myself.,technical,medium,negative,english,technical_troubleshooting
TKT-03840,This is the third time I'm reaching out about the same issue. I was charged twice and I want my money back for the extra payement. Please confirm when the reversal has been issued.,refund,high,negative,english,refund_duplicate_charge
TKT-04863,I'd like to end my membership effective immediately. I'm currently on the Starter plan. Make sure no further charges are applied.,subscription,low,negative,english,cancel_subscription
TKT-02529,"The estimated arrival keeps getting pushed back. This is a gift and I needed it by a specific date. If it's lost, I need a replacement or refund.",shipping,high,negative,english,track_order
TKT-03128,My package seems to be stuck in transit. I'm very disappointed with the delivery experience.,shipping,medium,neutral,english,track_order
TKT-02457,"Greetings, I'm writing to inquire about something. The password reset email never arrives in my inbox. My registered email is a***@gmail.com. Please advise on what to do next.",account,low,neutral,english,reset_password
TKT-02549,My parcel has been sitting at the distribution center for a week.,shipping,high,negative,english,track_order
TKT-02683,I placed an order on earlier this week and it still hasn't been delivered.,shipping,high,negative,english,track_order
TKT-02688,Can you tell me where my order is right now? I need to know when I'll receive my order.,shipping,high,positive,english,track_order
TKT-00574,Two payements of the same amount showed up on my bank statement today. Would you be able to reverse the second charge?,billing,medium,negative,english,refund_duplicate_charge
TKT-01211,NOT HAPPY AT ALL. The search function in your app returns no results even though I know there should be matches. This started happening after the last update. Can someone please help me resolve this?,technical,urgent,negative,english,technical_troubleshooting
TKT-00033,This is ridiculous. I received two charge notifications for one transaction. Both transactions show $9.99.,billing,high,negative,english,refund_duplicate_charge
TKT-00256,"THE SAME amount was taken from my card twice. My monthly payment should be $9.99, not double that. I need this resolved quickly, please.",billing,urgent,negative,english,refund_duplicate_charge
TKT-00583,This is absolutely unacceptable. I was charged twice for the same purchase this month. The amount is $99.99 each time.,billing,high,negative,english,refund_duplicate_charge
TKT-04690,I want to cancel my monthly plan. I already tried to cancel through the website. I need a confirmation email once it's done.,subscription,medium,neutral,english,cancel_subscription
TKT-03302,"My order still hasn't arrived and it's been over two weeks. If it's lost, I need a replacement or refund.",shipping,urgent,neutral,english,track_order
TKT-04915,I want to cancel my monthly plan. I don't see a cancel option in my account settings!!,subscription,medium,negative,english,cancel_subscription
TKT-02245,I tried resetting my password but I get an error. What steps do I need to take to fix this?,account,medium,neutral,english,reset_password
TKT-04497,I've wasted so much time on this already. I need to downgrade or cancel my current plan. My next payment date is on the 15th. Can you also delete my stored payment information?,subscription,medium,negative,english,cancel_subscription
TKT-02309,I need to change my password but I can't find the option. This is urgent as I need access for work. I'd appreciate a quick resolution.,account,high,negative,english,reset_password
TKT-02329,"hello, i hope you're having a good day. i can't remember my password and need to regain access. can you send me a manual reset link? many thanks.",account,medium,positive,english,reset_password
TKT-02633,"I've had it with your service! The estimated arrival keeps getting pushed back. If it's lost, I need a replacement or refund.",shipping,high,negative,english,track_order
TKT-00478,"Hello, thank you in advance for your help. There's a charge I don't recognize that matches my last payment exactly. This happened on last Monday. This needs to be corrected immediately.",billing,urgent,neutral,english,refund_duplicate_charge
TKT-00223,There's a charge I don't recognize that matches my last payment exactly. Order number ORD-286659 seems to be the one affected.,billing,high,negative,english,refund_duplicate_charge
TKT-02934,My order has been 'out for delivery' for three days straight. My delivery address is correct — I've double checked. Can you check the status of my delivery?,shipping,low,negative,english,track_order
TKT-04491,please terminate my membership and confirm via email.,subscription,medium,negative,english,cancel_subscription
TKT-00707,Could you check my recent transactions? There seem to be two identical ones. I was expecting only one charge of $79.99. This needs to be corrected immediately.,billing,medium,negative,english,refund_duplicate_charge
TKT-03942,I've had it with your service! I was charged twice and I want my money back for the extra payment.,refund,urgent,negative,english,refund_duplicate_charge
TKT-04253,I want to stop all future charges related to my plan. Can you also delete my stored payment information?,subscription,medium,negative,english,cancel_subscription
TKT-00907,I'm experiencing constant buffering and lag on your platform.,technical,medium,negative,english,technical_troubleshooting
TKT-02901,I'm worried my package got lost in transit. I ordered on three days ago. Please provide an updated delivery estimate.,shipping,medium,negative,english,track_order
TKT-03526,I returned my order two weeks ago but still haven't gotten my money back. This has gone on too long — I want my money back now.,refund,urgent,negative,english,refund_duplicate_charge
TKT-02749,Tracking shows my order is in a completely different city. I'm very disappointed with the delivery experience.,shipping,medium,negative,english,track_order
TKT-00198,I was charged twice for the same purchase this month. The transaction date shows on the 15th. Please investigate and process a correction.,billing,medium,negative,english,refund_duplicate_charge
TKT-00153,My bank shows TWO IDENTICAL transactions from your company. Order number ORD-105409 seems to be the one affected.,billing,urgent,negative,english,refund_duplicate_charge
TKT-00732,This is absolutely unacceptable. I was charged twice for the same purchase this month. I was expecting only one charge of $59.99. How do I get the extra amount refunded?,billing,medium,negative,english,refund_duplicate_charge
TKT-00272,I just checked my statement and there's a double payment. Order number ORD-796922 seems to be the one affected. I'd like to get my money back for the extra charge.,billing,high,negative,english,refund_duplicate_charge
TKT-01208,My data isn't SYNCING ACROSS devices anymore. This started happening after the last update,technical,high,negative,english,technical_troubleshooting
TKT-01199,I am extremely frustrated. The app is super slow and basically unusable right now. This started happening after the last update. Can someone please help me resolve this?,technical,high,negative,english,technical_troubleshooting
TKT-02153,"Hi, sorry to bother you but I haven't been able to access my account since last week. I've been a customer since 2021. Please advise on what to do next.",account,urgent,neutral,english,resolve_login_issue
TKT-03202,The estimated arrival keeps getting pushed back. This is a gift and I needed it by a specific date.,shipping,medium,neutral,english,track_order
TKT-02414,I'm getting a 'session expired' message immediatly after logging in. I checked my spam folder but nothing is there. What steps do I need to take to fix this?,account,urgent,negative,english,resolve_login_issue
TKT-02805,i am extremely frustrated. i want to know why my package is taking so long,shipping,high,negative,english,track_order
TKT-02766,The estimated arrival keeps getting pushed back. My order number is ORD-357960.,shipping,urgent,negative,english,track_order
TKT-03018,I want to know why my package is taking so long. My order number is ORD-249078. Can you contact the courier on my behalf?,shipping,medium,neutral,english,track_order
TKT-04269,i don't want to renew my annual plan. just want this taken care of.,subscription,low,neutral,english,cancel_subscription
TKT-01061,The interface glitches and buttons don't respond when I tap them. The error code I'm seeing is ERR-1874. I've spent hours trying to fix this myself.,technical,medium,neutral,english,technical_troubleshooting
TKT-04731,i'd like to end my membership effective immediately. how soon will the cancellation take effect?,subscription,low,neutral,english,cancel_subscription
TKT-03920,This is absolutely unacceptable. I was charged twice by mistake — can I get the extra amount returned? This has gone on too long — I want my money back now.,refund,urgent,negative,english,refund_duplicate_charge
TKT-03872,I was overcharged and need the difference returned to my card. It's been 7 days since I requested my money back.,refund,high,negative,english,refund_duplicate_charge
TKT-01931,My account seems to be suspended but I don't know why. My registered email is j***@email.com. I need this sorted out as soon as possible.,account,medium,neutral,english,resolve_login_issue
TKT-02888,The delivery was supposed to arrive by yesterday. I ordered on earlier this week.,shipping,low,neutral,english,track_order
TKT-00230,My bank shows two identical transactions from your company. The duplicate amount is $29.99.,billing,high,negative,english,refund_duplicate_charge
TKT-04907,Please cancel my auto-renewal — I don't want to be charged again. I don't want any retention offers — just cancel please...,subscription,high,neutral,english,cancel_subscription
TKT-00443,The payment for my last order appears duplicated. Please investigate and process a correction.,billing,medium,negative,english,refund_duplicate_charge
TKT-04687,Please cancel my auto-renewal — I don't want to be charged again. I read the cancellation policy but still have questions,subscription,high,neutral,english,cancel_subscription
TKT-01824,Single sign-on with Google isn't working for my account anymore. This is urgent as I need acess for work. I need this sorted out as soon as possible.,account,urgent,negative,english,resolve_login_issue
TKT-01996,How do I change my password? The current one doesn't work. I can't access any of my saved data without logging in.,account,high,neutral,english,reset_password
TKT-03946,I canceled my order but the charge still went through. I'm going to dispute the charge with my bank if this isn't resolved.,refund,urgent,negative,english,refund_duplicate_charge
TKT-03643,I've been waiting over a month for the money to come back to my account. Can you expedite this reimbursement?,refund,high,neutral,english,refund_duplicate_charge
TKT-02692,I am so done with this. Where is my order? The estimated delivery date has passed. I chose standard delivery.,shipping,low,negative,english,track_order
TKT-03614,I accidentally purchased the wrong plan and need my money back. Can you expedite this reimbursement?,refund,medium,neutral,english,refund_duplicate_charge
TKT-00450,I've wasted so much time on this already. Your system appears to have processed my payment twice. This happened on on the 15th. Could you look into this and issue a refund?,billing,high,negative,english,refund_duplicate_charge
TKT-00289,This is absolutely unacceptable. My bank shows two identical transactions from your company. Would you be able to reverse the second charge?,billing,high,negative,english,refund_duplicate_charge
TKT-00399,I see an unauthorized duplicate deduction on my account. I need the extra payment reversed as soon as possible.,billing,medium,negative,english,refund_duplicate_charge
TKT-04875,"Greetings, I'm writing to inquire about something. I no longer need the service and want to cancel. I already tried to cancel through the website. How soon will the cancellation take effect?",subscription,medium,neutral,english,cancel_subscription
TKT-04352,I want to unsubscribe from the premium tier. I'm currently on the Pro plan. Will I still have access until the end of the current period?,subscription,urgent,neutral,english,cancel_subscription
TKT-01152,"I'm really upset about this. After the recent update, the app doesn't load properly. This has been going on for 2 days now.",technical,medium,negative,english,technical_troubleshooting
TKT-01108,Something is broken in the app — features that used to work don't anymore. How can I get this working again?,technical,urgent,neutral,english,technical_troubleshooting
TKT-02143,THE CAPTCHA on the login page keeps failing even when I solve it correctly. Is there another way to verify my identity?,account,high,negative,english,resolve_login_issue
TKT-02210,I'm locked out of my account after too many failed attempts. Please help me regain acess.,account,medium,negative,english,resolve_login_issue
TKT-03326,My neighbor says no delivery attempt was made at my address. I've contacted the courier but they redirected me to you. Can you contact the courier on my behalf?,shipping,high,positive,english,track_order
TKT-01469,The interface glitches and buttons don't respond when I tap them. I've tried restarting my iPhone but the problem persists.,technical,high,neutral,english,technical_troubleshooting
TKT-00545,I've had it with your service! I received two charge notifications for one transaction.,billing,medium,negative,english,refund_duplicate_charge
TKT-01741,I keep getting 'invalid token' when I click the reset link. I've verified my email address already. I'd appreciate a quick resolution.,account,medium,neutral,english,reset_password
TKT-04790,can i cancel mid-cycle and get a prorated refund? i read the cancellation policy but still have questions.,subscription,medium,positive,english,cancel_subscription
TKT-02951,"Good afternoon, I was wondering if you could assist me. My package seems to be stuck in transit. This is a gift and I needed it by a specific date.",shipping,high,neutral,english,track_order
TKT-00055,The same amount was taken from my card twice. I would appreciate it if you could refund the extra amount.,billing,low,neutral,english,refund_duplicate_charge
TKT-03754,"I am so done with this. The quality of what I received doesn't justify the price. I want a full reimbursement, not store credit.",refund,high,negative,english,refund_duplicate_charge
TKT-01781,"Hi there, I have a question. I can't remember my password and need to regain access. I've verified my email address already. Is there another way to verify my identity?",account,medium,neutral,english,reset_password
TKT-02737,This is absolutely unacceptable. My package seems to be stuck in transit. The tracking number is TRK8437488206.,shipping,medium,negative,english,track_order
TKT-00402,I am so done with this. Something went wrong with my payment — the amount was deducted two times. I noticed this when I checked my statement on October 1st.,billing,high,negative,english,refund_duplicate_charge
TKT-02450,I haven't been able to access my account since last week. My username is alex.jones. I need this sorted out as soon as possible.,account,medium,negative,english,resolve_login_issue
TKT-03274,Where is my order? The estimated delivery date has passed. The tracking number is TRK5981933562!!,shipping,high,negative,english,track_order
TKT-00539,I see an unauthorized duplicate deduction on my account. Each charge is for $14.99. Kindly process a refund for the duplicate transaction.,billing,medium,neutral,english,refund_duplicate_charge
TKT-02401,"every time i try to sign in, it says 'invalid credentials'.",account,high,neutral,english,resolve_login_issue
TKT-01882,This is absolutely unacceptable. The login button is greyed out and I can't click it. What steps do I need to take to fix this?,account,low,negative,english,resolve_login_issue
TKT-01861,How do I change my password? The current one doesn't work!!,account,medium,neutral,english,reset_password
TKT-01510,I am extremely frustrated. The download keeps failing at 80 percent every single time.,technical,urgent,negative,english,technical_troubleshooting
TKT-03706,I was overcharged and need the difference returned to my card. Can you expedite this reimbursement?,refund,high,negative,english,refund_duplicate_charge
TKT-03921,i was overcharged and need the difference returned to my card. it's been 3 days since i requested my money back. i just want my money returned.,refund,high,negative,english,refund_duplicate_charge
TKT-03795,I've wasted so much time on this already. My order arrived damaged and I need a full reimbursement. I already spoke with someone who said it would be taken care of. Can you expedite this reimbursement?,refund,high,negative,english,refund_duplicate_charge
TKT-00661,I recieved two charge notifications for one transaction.,billing,high,negative,english,refund_duplicate_charge
TKT-04328,I've had it with your service! I need to downgrade or cancel my current plan. I read the cancellation policy but still have questions.,subscription,medium,negative,english,cancel_subscription
TKT-02862,"My parcel has been sitting at the distribution center for a week. This is a gift and I needed it by a specific date. If it's lost, I need a replacement or refund.",shipping,high,neutral,english,track_order
TKT-04217,I need to downgrade or cancel my current plan. I've been a member since 2022. Please confirm the cancellation in writing.,subscription,high,neutral,english,cancel_subscription
TKT-01158,The interface glitches and buttons don't respond when I tap them. I've tried using different browsers but same issue. Is this a known issue? Are you working on a fix?,technical,high,negative,english,technical_troubleshooting
TKT-01638,The interface glitches and buttons don't respond when I tap them. I've tried using different browsers but same issue.,technical,medium,neutral,english,technical_troubleshooting
TKT-03992,I paid twice by mistake and need one payment returned. I returned the item via UPS on October 1st.,refund,medium,neutral,english,refund_duplicate_charge
TKT-01192,The app keeps crashing every time I try to open it. This is really affecting my work.,technical,high,negative,english,technical_troubleshooting
TKT-02347,"Dear support team, I can't log into my account even though I'm using the correct credentials. Please help me regain access.",account,high,neutral,english,resolve_login_issue
TKT-03515,I received the wrong item and want to return it for a full reimbursement. I returned the item via the courier on October 1st. Please return my payment as soon as possible.,refund,high,negative,english,refund_duplicate_charge
TKT-00757,The SAME AMOUNT WAS TAKEN FROM my card twice. Each charge is for $9.99. Can you resolve this? I shouldn't have been charged twice.,billing,high,negative,english,refund_duplicate_charge
TKT-02370,I can't log into my account even though I'm using the correct credentials. I need this sorted out as soon as possible.,account,high,neutral,english,resolve_login_issue
TKT-02555,My neighbor says no delivery attempt was made at my address. This is a gift and I needed it by a specific date. I'd like to file a complaint about the delivery service.,shipping,high,neutral,english,track_order
TKT-01010,"Dear support team, The software freezes whenever I try to save my work. The error code I'm seeing is ERR-9657. I've spent hours trying to fix this myself...",technical,medium,neutral,english,technical_troubleshooting
TKT-02530,My parcel has been sitting at the distribution center for a week. I'd like to file a complaint about the delivery service.,shipping,high,negative,english,track_order
TKT-02712,Where is my order? The estimated delivery date has passed. I chose standard delivery!!,shipping,medium,negative,english,track_order
TKT-02822,I am so done with this. I paid for express delivery but it's been 3 days already. I selected express delivery. I'd like to file a complaint about the delivery service.,shipping,low,negative,english,track_order
TKT-03395,"Honestly, this is the worst experience. The product I recieved is defective and I want my money back. I have the receipt and can provide proof of the duplicate charge. How long will it take to get my money back?",refund,medium,negative,english,refund_duplicate_charge
TKT-03662,I'm not satisfied with my purchase and would like to return it. I already spoke with someone who said it would be taken care of!!,refund,high,negative,english,refund_duplicate_charge
TKT-00343,"This is the third time I'm reaching out about the same issue. I was charged twice for the same purchase this month. I need this resolved quickly, please.",billing,medium,negative,english,refund_duplicate_charge
TKT-02055,I need to change my password but I can't find the option. Please help me regain access.,account,urgent,positive,english,reset_password
TKT-03804,The duplicate charge on my card needs to be reversed immediately. I just want my money returned.,refund,urgent,negative,english,refund_duplicate_charge
TKT-01789,I am so done with this. My password expired and I can't seem to create a new one. I've been a customer since 2023.,account,high,negative,english,reset_password
TKT-00945,This is the third time I'm reaching out about the same issue. The app is super slow and basically unusable right now. I attached a screenshot but can't include it here. Can you provide a timeline for when this will be resolved?,technical,medium,negative,english,technical_troubleshooting
TKT-02388,the captcha on the login page keeps failing even when i solve it correctly. i've verified my email address already. this is becoming very frustrating.,account,high,neutral,english,resolve_login_issue
TKT-01270,My device won't connect to your service properly. My internet connection is fine — other apps work normally.,technical,medium,neutral,english,technical_troubleshooting
TKT-04823,can you help me cancel before the next payment cycle? my next payment date is last week. will i still have access until the end of the current period?,subscription,high,neutral,english,cancel_subscription
TKT-03764,I am extremely frustrated. The quality of what I received doesn't justify the price.,refund,urgent,negative,english,refund_duplicate_charge
TKT-03771,This is the third time I'm reaching out about the same issue. I'm not satisfied with my purchase and would like to return it. Can you expedite this reimbursement?,refund,high,negative,english,refund_duplicate_charge
TKT-00025,"Hello, thank you in advance for your help. I think the system charged me twice when I placed my order.",billing,high,neutral,english,refund_duplicate_charge
TKT-00605,Your system appears to have processed my payment twice. It appeared on my statement dated three days ago. I need the extra payment reversed as soon as possible.,billing,high,neutral,english,refund_duplicate_charge
TKT-00777,I can't believe this is happening again. Looks like the payment went through two times.,billing,urgent,negative,english,refund_duplicate_charge
TKT-01737,My account seems to be suspended but I don't know why. My registered email is m***@yahoo.com. I need this sorted out as soon as possible.,account,high,positive,english,resolve_login_issue
TKT-02966,Is there a way to expedite my delivery? I selected express delivery,shipping,medium,neutral,english,track_order
TKT-03402,This is absolutely unacceptable. The service didn't work as advertised — I want my money back. I have the receipt and can provide proof of the duplicate charge. Please return my payment as soon as possible.,refund,urgent,negative,english,refund_duplicate_charge
TKT-04467,I want to unsubscribe from the premium tier. My next payment date is earlier this week. Can you also delete my stored payment information?,subscription,high,positive,english,cancel_subscription
TKT-00050,Seriously?? I just checked my statement and there's a double payment. Order number ORD-247111 seems to be the one affected. I need the extra payment reversed as soon as possible.,billing,urgent,negative,english,refund_duplicate_charge
TKT-04967,I've BEEN TRYING TO CANCEL FOR days but can't figure out how.,subscription,medium,negative,english,cancel_subscription
TKT-00290,"dear support team, the payment for my last order appears duplicated. both transactions show $49.99. please investigate and process a correction.",billing,high,neutral,english,refund_duplicate_charge
TKT-00639,"I can't believe this is happening again. I recieved two charge notifications for one transaction. I was expecting only one charge of $29.99. I need this resolved quickly, please.",billing,urgent,negative,english,refund_duplicate_charge
TKT-01004,"After the recent update, the app doesn't load properly. I've tried restarting my desktop computer but the problem persists.",technical,high,negative,english,technical_troubleshooting
TKT-02036,I havent been able to update my password through your website. What steps do I need to take to fix this?,account,urgent,neutral,english,reset_password
TKT-04228,i tried to cancel online but the button doesnt seem to work. i don't see a cancel option in my account settings. how soon will the cancellation take effect?,subscription,high,neutral,english,cancel_subscription
TKT-03628,i was charged twice by mistake — can i get the extra amount returned? can you expedite this reimbursement?,refund,high,negative,english,refund_duplicate_charge
TKT-03759,"hello, i hope you're having a good day. i've been waiting over a month for the money to come back to my account",refund,medium,positive,english,refund_duplicate_charge
TKT-03536,The service didn't work as advertised — I want my money back. How long will it take to get my money back?,refund,high,negative,english,refund_duplicate_charge
TKT-00766,My card was debited twice for a single order. Reference number: ORD-506019. I would appreciate it if you could refund the extra amount.,billing,high,negative,english,refund_duplicate_charge
TKT-02277,This is ridiculous. My account shows as deactivated but I never deactivated it. My registered email is d***@outlook.com. Can you send me a manual reset link?,account,low,negative,english,resolve_login_issue
TKT-00147,"Good morning, I'd like some help please. I just checked my statement and there's a double payement. Please fix this and credit my account.",billing,medium,neutral,english,refund_duplicate_charge
TKT-02990,I can't believe this is happening again. Can you tell me where my order is right now? This is a gift and I needed it by a specific date. I need to know when I'll receive my order.,shipping,high,negative,english,track_order
TKT-01429,My data isn't syncing across devices anymore. I attached a screenshot but can't include it here. How can I get this working again?,technical,medium,neutral,english,technical_troubleshooting
TKT-00558,"Honestly, this is the worst experience. My bank shows two identical transactions from your company. My monthly payment should be $59.99, not double that. Can you resolve this? I shouldn't have been charged twice.",billing,medium,negative,english,refund_duplicate_charge
TKT-03898,This is ridiculous. I was charged twice by mistake — can I get the extra amount returned? I'm going to dispute the charge with my bank if this isn't resolved.,refund,high,negative,english,refund_duplicate_charge
TKT-01538,I've had it with your service! The page loads very slowly and sometimes times out completely. I've tried restarting my Samsung tablet but the problem persists,technical,high,negative,english,technical_troubleshooting
TKT-02224,I've had it with your service! I'm getting a 'session expired' message immediately after logging in. I've verified my email address already. I need this sorted out as soon as possible,account,medium,negative,english,resolve_login_issue
TKT-03006,I am extremely frustrated. I haven't received any shipping updates since I placed my order. I selected express delivery!!,shipping,medium,negative,english,track_order
TKT-04270,The service isn't worth the monthly fee anymore. I've been a member since 2021.,subscription,high,negative,english,cancel_subscription
TKT-02544,Can you tell me where my order is right now? I chose standard delivery. I'm very disappointed with the delivery experience!!,shipping,high,neutral,english,track_order
TKT-03150,"The courier says they delivered it but I never recieved anything. If it's lost, I need a replacement or refund.",shipping,medium,negative,english,track_order
TKT-01628,"Honestly, this is the worst experience. The notification system seems completely broken on my end. Can someone please help me resolve this?",technical,high,negative,english,technical_troubleshooting
TKT-00075,I received two charge notifications for one transaction. This is related to order ORD-126499,billing,medium,negative,english,refund_duplicate_charge
TKT-00835,The app keeps crashing every time I try to open it. I've already tried all the basic troubleshooting steps. I've spent hours trying to fix this myself.,technical,urgent,negative,english,technical_troubleshooting
TKT-01414,NOT HAPPY AT ALL. I'm getting a weird error message when I use the application. I'm using version 3.2.1 on desktop computer. I'm losing patience with this recurring issue.,technical,high,negative,english,technical_troubleshooting
TKT-03419,This is absolutely unacceptable. I was told I would get my payment back but it hasn't appeared on my statement. I returned the item via DHL on earlier this week. I need the amount credited to my original payment method.,refund,medium,negative,english,refund_duplicate_charge
TKT-04108,"the quality of what i received doesn't justify the price. the return tracking shows it was delivered back to your warehouse. i want a full reimbursement, not store credit!!",refund,low,negative,english,refund_duplicate_charge
TKT-00489,Looks like the payment went through two times. I was expecting only one charge of $199.99.,billing,high,negative,english,refund_duplicate_charge
TKT-01764,how do i change my password? the current one doesn't work. i can provide id verification if needed.,account,urgent,neutral,english,reset_password
TKT-03991,I'M REALLY UPSET about this. The product broke within the first day — I need my money back. I just want my money returned.,refund,high,negative,english,refund_duplicate_charge
TKT-03704,the service didn't work as advertised — i want my money back.,refund,medium,negative,english,refund_duplicate_charge
TKT-03988,I returned my order two weeks ago but still haven't gotten my money back. I have the receipt and can provide proof of the duplicate charge.,refund,medium,negative,english,refund_duplicate_charge
TKT-02403,"Hi there, I have a question. My account seems to be suspended but I don't know why. I've been a customer since 2024 Many thanks.",account,medium,positive,english,resolve_login_issue
TKT-00624,I see an UNAUTHORIZED DUPLICATE deduction on my account.,billing,high,negative,english,refund_duplicate_charge
TKT-00418,My bank shows two identical transactions from your company. Order number ORD-674612 seems to be the one affected. I would appreciate it if you could refund the extra amount.,billing,high,negative,english,refund_duplicate_charge
TKT-04958,"Hi, I hope this message finds you well. I'd like to end my membership effective immediately. I read the cancellation policy but still have questions.",subscription,medium,neutral,english,cancel_subscription
TKT-04779,I want TO CANCEL MY MONTHLY plan.,subscription,low,negative,english,cancel_subscription
TKT-01278,The system keeps showing error code 503 when I try to access my data. It works fine on my laptop but not on my MacBook.,technical,low,negative,english,technical_troubleshooting
TKT-02802,"Honestly, this is the worst experience. I placed an order on on the 15th and it still hasn't been delivered. I've contacted the courier but they redirected me to you. Is there any way to speed this up?",shipping,low,negative,english,track_order
TKT-03272,"Hello, I hope you're having a good day. I want to know why my package is taking so long. If it's lost, I need a replacement or refund!!",shipping,high,positive,english,track_order
TKT-00703,I see an unauthorized duplicate deduction on my account. The duplicate amount is $199.99.,billing,high,positive,english,refund_duplicate_charge
TKT-00572,I think the system charged me twice when I placed my order. The amount is $79.99 each time. I need the extra payment reversed as soon as possible.,billing,medium,negative,english,refund_duplicate_charge
TKT-00878,I can't believe this is happening again. I'm experiencing constant buffering and lag on your platform. My internet connection is fine — other apps work normally. Please escalate this if necessary.,technical,medium,negative,english,technical_troubleshooting
TKT-00247,There are duplicate charges showing on my card. Both transactions show $149.99.,billing,high,neutral,english,refund_duplicate_charge
TKT-02110,I haven't been able to access my account since last week. My username is user12345.,account,low,neutral,english,resolve_login_issue
TKT-00800,"Could you check my recent transactions? There seem to be two identical ones. This is related to order ORD-532884. I need this resolved quickly, please.",billing,medium,negative,english,refund_duplicate_charge
TKT-02328,My account seems to be suspended but I don't know why. I checked my spam folder but nothing is there!!,account,medium,neutral,english,resolve_login_issue
TKT-01068,My data isn't syncing across devices anymore. I've already cleared the cache and reinstalled the app. Is this a known issue? Are you working on a fix?,technical,high,neutral,english,technical_troubleshooting
TKT-00748,Seriously?? Could you check my recent transactions? There seem to be two identical ones. I noticed this when I checked my statement on last Friday. I want the overcharge refunded to my card.,billing,urgent,negative,english,refund_duplicate_charge
TKT-03564,I can't believe this is happening again. The service didn't work as advertised — I want my money back. The return tracking shows it was delivered back to your warehouse. This has gone on too long — I want my money back now.,refund,medium,negative,english,refund_duplicate_charge
TKT-01803,"Hello, I hope you're having a good day. Two-factor authentication isn't sending me the verification code. Please advise on what to do next.",account,high,neutral,english,resolve_login_issue
TKT-02897,The estimated arrival keeps getting pushed back. The tracking number is TRK9160826209. Can you check the status of my delivery?,shipping,low,neutral,english,track_order
TKT-04510,Please cancel my auto-renewal — I don't want to be charged again.,subscription,medium,negative,english,cancel_subscription
TKT-02812,The delivery was supposed to arrive by on the 15th. Please provide an updated delivery estimate.,shipping,medium,negative,english,track_order
TKT-02057,"Every time I try to sign in, it says 'invalid credentials'. I can't access any of my saved data without logging in.",account,medium,negative,english,resolve_login_issue
TKT-01640,The application is not responding after the latest update. This has been going on for 3 days now. Can someone please help me resolve this?,technical,high,negative,english,technical_troubleshooting
TKT-03557,"Honestly, this is the worst experience. I was told I would get my payment back but it hasn't appeared on my statement. The return tracking shows it was delivered back to your warehouse. How long will it take to get my money back?",refund,high,negative,english,refund_duplicate_charge
TKT-02921,The estimated arrival keeps getting pushed back. My delivery address is correct — I've double checked. This delay is really inconvenient.,shipping,low,positive,english,track_order
TKT-00981,This is absolutely unacceptable. Something is broken in the app — features that used to work don't anymore. How can I get this working again?,technical,high,negative,english,technical_troubleshooting
TKT-04765,"Hi, sorry to bother you but I've been trying to cancel for days but can't figure out how. I need a confirmation email once it's done.",subscription,urgent,neutral,english,cancel_subscription
TKT-03582,"I am so done with this. I was told I would get my payment back but it hasn't appeared on my statement. I want a full reimbursement, not store credit.",refund,high,negative,english,refund_duplicate_charge
TKT-00609,Two payments of the same amount showed up on my bank statement today.,billing,medium,neutral,english,refund_duplicate_charge
TKT-00207,I WAS CHARGED TWICE FOR the same purchase this month. Order number ORD-494388 seems to be the one affected. I'd like to get my money back for the extra charge.,billing,high,negative,english,refund_duplicate_charge
TKT-02918,The delivery was supposed to arrive by three days ago.,shipping,medium,neutral,english,track_order
TKT-00942,My data isn't syncing across devices anymore. I've tried restarting my iPhone but the problem persists. I've spent hours trying to fix this myself!!,technical,high,negative,english,technical_troubleshooting
TKT-04336,I've been trying to cancel for days but can't figure out how. My next payment date is yesterday. How soon will the cancellation take effect?,subscription,medium,positive,english,cancel_subscription
TKT-04508,NOT HAPPY AT ALL. How do I stop my recurring payment? I read the cancellation policy but still have questions. Can you also delete my stored payment information?,subscription,medium,negative,english,cancel_subscription
TKT-01647,I can't believe this is happening again. The system keeps showing error code 503 when I try to access my data. I'm using version 5.1.0 on MacBook. Can someone please help me resolve this?,technical,urgent,negative,english,technical_troubleshooting
TKT-00015,This is absolutely unacceptable. The payment for my last order appears duplicated. It appeared on my statement dated earlier this week. I would appreciate it if you could refund the extra amount.,billing,medium,negative,english,refund_duplicate_charge
TKT-04564,THIS IS THE third time I'm reaching out about the same issue. I tried to cancel online but the button doesnt seem to work. I've been a member since 2023. Make sure no further charges are applied.,subscription,urgent,negative,english,cancel_subscription
TKT-02072,I forgot my password and the reset link isn't working. I've verified my email address already. Please advise on what to do next.,account,urgent,neutral,english,reset_password
TKT-04587,Can you help me cancel before the next payment cycle? My plan is the Enterprise tier at $19.99/month.,subscription,medium,positive,english,cancel_subscription
TKT-00778,Could you check my recent transactions? There seem to be two identical ones. Each charge is for $199.99. Please investigate and process a correction.,billing,urgent,negative,english,refund_duplicate_charge
TKT-01137,I am extremely frustrated. The software freezes whenever I try to save my work.,technical,high,negative,english,technical_troubleshooting
TKT-02079,"greetings, i'm writing to inquire about something. i need to change my password but i can't find the option.",account,medium,neutral,english,reset_password
TKT-04792,I tried to cancel online but the button doesn't seem to work. My plan is the Standard tier at $39.99/month!!,subscription,low,neutral,english,cancel_subscription
TKT-01443,The application is not responding after the latest update. It works fine on my laptop but not on my MacBook.,technical,urgent,negative,english,technical_troubleshooting
TKT-02994,My order still hasn't arrived and it's been over two weeks. This is a gift and I needed it by a specific date.,shipping,medium,neutral,english,track_order
TKT-04126,I paid twice by mistake and need one payment returned. It's been 14 days since I requested my money back. Please confirm when the reversal has been issued.,refund,urgent,negative,english,refund_duplicate_charge
TKT-01198,The application is not responding after the latest update. Is there a workaround I can try in the meantime?,technical,low,negative,english,technical_troubleshooting
TKT-01411,NOT HAPPY AT ALL. My data isn't syncing across devices anymore.,technical,low,negative,english,technical_troubleshooting
TKT-01453,i'm experiencing constant buffering and lag on your platform. other users in my household are experiencing the same thing.,technical,high,negative,english,technical_troubleshooting
TKT-04840,I want to cancel my monthly plan. I don't see a cancel option in my account settings. Will I still have access until the end of the current period?,subscription,medium,neutral,english,cancel_subscription
TKT-02179,I haven't been able to update my password through your website. Is there another way to verify my identity?,account,high,neutral,english,reset_password
TKT-01713,I keep getting 'invalid token' when I click the reset link. I checked my spam folder but nothing is there. I'd appreciate a quick resolution.,account,medium,neutral,english,reset_password
TKT-00953,The notification system seems completely broken on my end.,technical,low,neutral,english,technical_troubleshooting
TKT-02628,I want to know why my package is taking so long. My delivery address is correct — I've double checked. Can you check the status of my delivery?,shipping,medium,negative,english,track_order
TKT-02264,Single sign-on with Google isn't working for my account anymore.,account,medium,negative,english,resolve_login_issue
TKT-02430,"Honestly, this is the worst experience. Every time I try to sign in, it says 'invalid credentials'. I've already tried from multiple devices. I'd appreciate a quick resolution.",account,high,negative,english,resolve_login_issue
TKT-02875,The tracking information hasn't been updated in five days. I ordered on earlier this week. Please provide an updated delivery estimate.,shipping,medium,negative,english,track_order
TKT-01473,"Hi there, I have a question. The interface glitches and buttons don't respond when I tap them. This started happening after the last update. I need this fixed as soon as possible.",technical,urgent,neutral,english,technical_troubleshooting
TKT-03269,I can't believe this is happening again. My package seems to be stuck in transit. The tracking number is TRK2829626419. I'd like to file a complaint about the delivery service.,shipping,low,negative,english,track_order
TKT-03997,The item doesn't match the description and I want my money returned. It's been 7 days since I requested my money back. Please confirm when the reversal has been issued.,refund,high,positive,english,refund_duplicate_charge
TKT-00455,There are duplicate charges showing on my card.,billing,high,negative,english,refund_duplicate_charge
TKT-02476,I'm really upset about this. I haven't been able to update my password through your website. I need this sorted out as soon as possible.,account,high,negative,english,reset_password
TKT-03979,My order arrived damaged and I need a full reimbursement. It's been 4 days since I requested my money back. Please confirm when the reversal has been issued.,refund,medium,negative,english,refund_duplicate_charge
TKT-00640,The payment for my last order appears duplicated. Each charge is for $14.99.,billing,high,positive,english,refund_duplicate_charge
TKT-01571,The application is not responding after the latest update. My internet connection is fine — other apps work normally. I need this fixed as soon as possible.,technical,high,negative,english,technical_troubleshooting
TKT-03695,i've had it with your service! the service didn't work as advertised — i want my money back. i returned the item via fedex on last friday.,refund,high,negative,english,refund_duplicate_charge
TKT-01715,"honestly, this is the worst experience. i can't log into my account even though i'm using the correct credentials. i've been a customer since 2024.",account,medium,negative,english,resolve_login_issue
TKT-04028,I was overcharged and need the difference returned to my card. I already spoke with someone who said it would be taken care of.,refund,medium,negative,english,refund_duplicate_charge
TKT-00999,I'm really upset about this. My device won't connect to your service properly. Other users in my household are experiencing the same thing.,technical,high,negative,english,technical_troubleshooting
TKT-02439,The LOGIN PAGE JUST KEEPS refreshing without letting me in. Please advise on what to do next.,account,high,negative,english,resolve_login_issue
TKT-00316,I think the system charged me twice when I placed my order. I noticed this when I checked my statement on last Monday.,billing,high,negative,english,refund_duplicate_charge
TKT-04739,I want to unsubscribe from the premium tier. I'm currently on the Premium plan.,subscription,urgent,negative,english,cancel_subscription
TKT-01677,My temporary password stopped working before I could set a new one. This is urgent as I need access for work.,account,low,negative,english,reset_password
TKT-03864,I was told I would get my payment back but it hasn't appeared on my statement. The return tracking shows it was delivered back to your warehouse. I'm going to dispute the charge with my bank if this isn't resolved.,refund,urgent,negative,english,refund_duplicate_charge
TKT-02063,The login page just keeps refreshing without letting me in. I've verified my email adress already. I'd appreciate a quick resolution,account,high,negative,english,resolve_login_issue
TKT-03550,This is the third time I'm reaching out about the same issue. I paid twice by mistake and need one payment returned. I was charged $9.99 twice. This has gone on too long — I want my money back now.,refund,high,negative,english,refund_duplicate_charge
TKT-04427,Please terminate my membership and confirm via email. Will I still have access until the end of the current period?,subscription,high,negative,english,cancel_subscription
TKT-01283,I can't believe this is happening again. Your website keeps displaying a blank screen on my browser. I've tried using different browsers but same issue. Can you provide a timeline for when this will be resolved?,technical,urgent,negative,english,technical_troubleshooting
TKT-03686,The product broke within the first day — I need my money back. Is there anything else you need from me to process this?,refund,low,neutral,english,refund_duplicate_charge
TKT-04449,"Hi, I hope this message finds you well. I signed up by mistake and need to cancel right away. How soon will the cancellation take effect?",subscription,medium,neutral,english,cancel_subscription
TKT-00708,NOT HAPPY AT ALL. I think the system charged me twice when I placed my order. Order number ORD-306946 seems to be the one affected. Please fix this and credit my account!!,billing,high,negative,english,refund_duplicate_charge
TKT-01719,I've been trying to reset my password for the past hour. What steps do I need to take to fix this?,account,urgent,neutral,english,reset_password
TKT-03428,"I am so done with this. The product broke within the first day — I need my money back. I want a full reimbursement, not store credit.",refund,urgent,negative,english,refund_duplicate_charge
TKT-00052,The same amount was taken from my card twice. How do I get the extra amount refunded?,billing,high,negative,english,refund_duplicate_charge
TKT-04685,I'm switching to a different provider and need to cancel here. I'm currently on the Standard plan.,subscription,medium,neutral,english,cancel_subscription
TKT-02700,The courier says they delivered it but I never recieved anything. My order number is ORD-932868. Can you check the status of my delivery?,shipping,low,neutral,english,track_order
TKT-04960,"Dear support team, Please cancel my auto-renewal — I don't want to be charged again. My plan is the Starter tier at $19.99/month. Please confirm the cancellation in writing.",subscription,medium,neutral,english,cancel_subscription
TKT-00085,i was charged twice for the same purchase this month. how do i get the extra amount refunded?,billing,medium,neutral,english,refund_duplicate_charge
TKT-02625,I'm worried my package got lost in transit. I chose standard delivery.,shipping,high,neutral,english,track_order
TKT-03336,i was told i would get my payment back but it hasn't appeared on my statement. i was charged $59.99 twice. is there anything else you need from me to process this?,refund,urgent,negative,english,refund_duplicate_charge
TKT-04072,The product I received is defective and I want my money back. It's been 5 days since I requested my money back.,refund,high,negative,english,refund_duplicate_charge
TKT-00141,"Honestly, this is THE WORST EXPERIANCE. The same amount was taken from my card twice. I expect a refund for the duplicate amount.",billing,high,negative,english,refund_duplicate_charge
TKT-00067,Could you check my recent transactions? There seem to be two identical ones. I expect a refund for the duplicate amount.,billing,high,negative,english,refund_duplicate_charge
TKT-01880,I keep getting 'invalid token' when I click the reset link. I've verified my email address already.,account,medium,neutral,english,reset_password
TKT-03549,The product I received is defective and I want my money back. I returned the item via the courier on earlier this week...,refund,high,negative,english,refund_duplicate_charge
TKT-01421,I'm experiencing constant buffering and lag on your platform. I'm using version 4.0.0 on desktop computer.,technical,medium,neutral,english,technical_troubleshooting
TKT-01786,Two-factor authentication isn't sending me the verification code. I've already tried from multiple devices. I can't access any of my saved data without logging in.,account,high,neutral,english,resolve_login_issue
TKT-04038,i'm really upset about this. the service didn't work as advertised — i want my money back. can you expedite this reimbursement?,refund,high,negative,english,refund_duplicate_charge
TKT-00792,I'm really upset about this. I see an unauthorized duplicate deduction on my account. Reference number: ORD-260633. Please investigate and process a correction.,billing,high,negative,english,refund_duplicate_charge
TKT-04090,The product I received is defective and I want my money back. I returned the item via DHL on October 1st. Is there anything else you need from me to process this?,refund,medium,neutral,english,refund_duplicate_charge
TKT-01317,The search function in your app returns no results even though I know there should be matches. This has been going on for 10 days now. Is there a workaround I can try in the meantime?,technical,high,negative,english,technical_troubleshooting
TKT-02456,I'm locked out of my account after too many failed attempts. I've verified my email address already. Can you send me a manual reset link?,account,high,neutral,english,resolve_login_issue
TKT-03952,This is absolutely unacceptable. I was charged twice and I want my money back for the extra payment. I have the receipt and can provide proof of the duplicate charge.,refund,urgent,negative,english,refund_duplicate_charge
TKT-03464,The item doesn't match the description and I want my money returned. The order number is ORD-963080. Can you expedite this reimbursement?,refund,high,positive,english,refund_duplicate_charge
TKT-01552,The software freezes whenever I try to save my work. I've spent hours trying to fix this myself.,technical,high,neutral,english,technical_troubleshooting
TKT-01989,I'm really upset about this. The CAPTCHA on the login page keeps failing even when I solve it correctly. I need this sorted out as soon as possible.,account,medium,negative,english,resolve_login_issue
TKT-01533,The system keeps showing error code 503 when I try to access my data. My internet connection is fine — other apps work normally. Is this a known issue? Are you working on a fix?,technical,high,negative,english,technical_troubleshooting
TKT-04240,can i cancel mid-cycle and get a prorated refund? just want this taken care of.,subscription,medium,neutral,english,cancel_subscription
TKT-04807,I want to make sure I won't be charged next month. My plan is the Pro tier at $29.99/month.,subscription,medium,negative,english,cancel_subscription
TKT-00808,"I've been charged an extra amount that I didn't authorize. My monthly payment should be $14.99, not double that. This needs to be corrected immediately",billing,high,negative,english,refund_duplicate_charge
TKT-01769,"Dear support team, The login page just keeps refreshing without letting me in. I can provide ID verification if needed.",account,medium,positive,english,resolve_login_issue
TKT-03346,"Honestly, this is the worst experience. I'm not satisfied with my purchase and would like to return it. The order number is ORD-407259.",refund,medium,negative,english,refund_duplicate_charge
TKT-04453,Please remove my payment method and cancel the recurring charge. Thank you for processing this promptly.,subscription,medium,negative,english,cancel_subscription
TKT-01620,"Hi, sorry to bother you but The page loads very slowly and sometimes times out completely. This started happening after the last update Thanks in advance!",technical,high,positive,english,technical_troubleshooting
TKT-04741,I want to cancel my monthly plan. I'm currently on the Standard plan. I don't want any retention offers — just cancel please.,subscription,medium,neutral,english,cancel_subscription
TKT-03602,This is ridiculous. I paid twice by mistake and need one payement returned.,refund,urgent,negative,english,refund_duplicate_charge
TKT-01017,I've had it with your service! I keep getting kicked out of the app randomly.,technical,high,negative,english,technical_troubleshooting
TKT-00176,"I'm really upset about this. There's a charge I don't recognize that matches my last payment exactly. My monthly payment should be $39.99, not double that. This needs to be corrected immediately.",billing,high,negative,english,refund_duplicate_charge
TKT-03368,my return was approved weeks ago but the credit still hasn't appeared. the amount i need returned is $199.99.,refund,urgent,negative,english,refund_duplicate_charge
TKT-03237,My order still hasn't arrived and it's been over two weeks. My order number is ORD-502359.,shipping,high,negative,english,track_order
TKT-04877,I'd like to end my membership effective immediatly. My plan is the Premium tier at $19.99/month.,subscription,medium,negative,english,cancel_subscription
TKT-00403,Your system appears to have processed my payment twice. The duplicate amount is $39.99. Kindly process a refund for the duplicate transaction.,billing,high,negative,english,refund_duplicate_charge
TKT-02062,"Hi, sorry to bother you but I'm locked out of my account after too many failed attempts. I'd apreciate a quick resolution I really appreciate it.",account,urgent,positive,english,resolve_login_issue
TKT-00833,I see an unauthorized duplicate deduction on my account. I noticed this when I checked my statement on earlier this week!!,billing,medium,neutral,english,refund_duplicate_charge
TKT-01155,This is the third time I'm reaching out about the same issue. The interface glitches and buttons don't respond when I tap them. This has been going on for 11 days now. Can someone please help me resolve this?,technical,high,negative,english,technical_troubleshooting
TKT-00291,"Your system appears to have processed my payment twice. My monthly payment should be $99.99, not double that.",billing,urgent,neutral,english,refund_duplicate_charge
TKT-02917,"Good afternoon, I was wondering if you could assist me. Is there a way to expedite my delivery? My delivery address is correct — I've double checked",shipping,medium,neutral,english,track_order
TKT-02327,"Dear support team, My account shows as deactivated but I never deactivated it. My username is maria_garcia. Can you send me a manual reset link? Regards.",account,medium,positive,english,resolve_login_issue
TKT-01361,The interface glitches and buttons don't respond when I tap them. How can I get this working again?,technical,medium,neutral,english,technical_troubleshooting
TKT-02756,"Hi there, I have a question. I want to know why my package is taking so long. Please provide an updated delivery estimate.",shipping,medium,neutral,english,track_order
TKT-00215,Looks like the payment went through two times. I was expecting only one charge of $29.99. I would appreciate it if you could refund the extra amount.,billing,high,negative,english,refund_duplicate_charge
TKT-04409,I'd like to end my membership effective immediately. I already tried to cancel through the website. Can you also delete my stored payment information?,subscription,low,neutral,english,cancel_subscription
TKT-01545,I keep getting a connection error when I try to use the app. I've tried using different browsers but same issue. Please escalate this if necessary.,technical,high,negative,english,technical_troubleshooting
TKT-01095,The application is not responding after the latest update. I need this fixed as soon as possible.,technical,low,neutral,english,technical_troubleshooting
TKT-03093,My neighbor says no delivery attempt was made at my address. The tracking number is TRK4785957098.,shipping,medium,neutral,english,track_order
TKT-00309,My bank shows two identical transactions from your company. The amount is $14.99 each time. I'd like to get my money back for the extra charge.,billing,urgent,neutral,english,refund_duplicate_charge
TKT-03257,Tracking shows my order is in a completely different city. My order number is ORD-882750.,shipping,low,neutral,english,track_order
TKT-02522,I can't believe this is happening again. I received a delivery confirmation but the package isn't here. My order number is ORD-821384.,shipping,high,negative,english,track_order
TKT-01752,I can't believe this is happening again. I'm locked out of my account after too many failed attempts. I've been a customer since 2023.,account,high,negative,english,resolve_login_issue
TKT-04235,this is absolutely unacceptable. please remove my payment method and cancel the recurring charge. i don't see a cancel option in my account settings. make sure no further charges are applied.,subscription,high,negative,english,cancel_subscription
TKT-02987,I haven't received any shipping updates since I placed my order. I selected express delivery.,shipping,medium,negative,english,track_order
TKT-03856,I accidentally purchased the wrong plan and need my money back. The return tracking shows it was delivered back to your warehouse. Please confirm when the reversal has been issued.,refund,urgent,negative,english,refund_duplicate_charge
TKT-03657,I was overcharged and need the difference returned to my card. It's been 9 days since I requested my money back. I'm going to dispute the charge with my bank if this isn't resolved.,refund,urgent,positive,english,refund_duplicate_charge
TKT-01812,"Greetings, I'm writing to inquire about something. The login button is greyed out and I can't click it. I need this sorted out as soon as possible.",account,medium,neutral,english,resolve_login_issue
TKT-02792,I want to know why my package is taking so long. I ordered on earlier this week.,shipping,medium,positive,english,track_order
TKT-01084,I keep getting a connection error when I try to use the app. I've tried restarting my Android phone but the problem persists.,technical,medium,negative,english,technical_troubleshooting
TKT-03361,The quality of what I received doesn't justify the price. I just want my money returned.,refund,high,negative,english,refund_duplicate_charge
TKT-00086,There's a charge I don't recognize that matches my last payment exactly. The transaction date shows two days ago. I expect a refund for the duplicate amount.,billing,high,neutral,english,refund_duplicate_charge
TKT-03133,I need to track my package but the tracking number doesnt work.,shipping,urgent,negative,english,track_order
TKT-04445,i am extremely frustrated. i no longer need the service and want to cancel. i read the cancellation policy but still have questions.,subscription,medium,negative,english,cancel_subscription
TKT-03727,The duplicate charge on my card needs to be reversed immediately. Please return my payment as soon as possible.,refund,urgent,negative,english,refund_duplicate_charge
TKT-03926,I returned my order two weeks ago but still haven't gotten my money back. The amount I need returned is $29.99.,refund,medium,negative,english,refund_duplicate_charge
TKT-02341,"I am so done with this. Every time I try to sign in, it says 'invalid credentials'. I've already tried from multiple devices.",account,low,negative,english,resolve_login_issue
TKT-00958,"Honestly, this is the worst experience. The page loads very slowly and sometimes times out completely. It works fine on my laptop but not on my Windows laptop.",technical,medium,negative,english,technical_troubleshooting
TKT-03543,i'm not satisfied with my purchase and would like to return it. i returned the item via fedex on three days ago!!,refund,urgent,neutral,english,refund_duplicate_charge
TKT-04910,How do I stop my recurring payment? I've been a member since 2022. I don't want any retention offers — just cancel please.,subscription,low,neutral,english,cancel_subscription
TKT-01740,Single sign-on with Google isn't working for my account anymore. This is urgent as I need access for work. What steps do I need to take to fix this?,account,urgent,neutral,english,resolve_login_issue
TKT-00189,"I'm seeing a repeated charge that shouldn't be there. My monthly payment should be $79.99, not double that.",billing,high,negative,english,refund_duplicate_charge
TKT-03743,Seriously?? The product broke within the first day — I need my money back. It's been 6 days since I requested my money back.,refund,high,negative,english,refund_duplicate_charge
TKT-01016,Something is broken in the app — features that used to work don't anymore. I'm using version 4.2.3 on Samsung tablet.,technical,medium,neutral,english,technical_troubleshooting
TKT-00095,My bank shows two identical transactions from your company. The transaction date shows a few days ago.,billing,urgent,negative,english,refund_duplicate_charge
TKT-03319,NOT HAPPY AT all. i haven't received any shipping updates since i placed my order. is there any way to speed this up?,shipping,medium,negative,english,track_order
TKT-03692,i was charged twice and i want my money back for the extra payment. please confirm when the reversal has been issued.,refund,high,negative,english,refund_duplicate_charge
TKT-04726,Can you help me cancel before the next payment cycle? I already tried to cancel through the website. Thank you for processing this promptly.,subscription,medium,neutral,english,cancel_subscription
TKT-01592,I'm really upset about this. The system keeps showing error code 503 when I try to access my data. I've already tried all the basic troubleshooting steps.,technical,high,negative,english,technical_troubleshooting
TKT-04514,How DO I STOP MY recurring payment?,subscription,low,negative,english,cancel_subscription
TKT-01374,"Hello, thank you in advance for your help. The app is super slow and basically unusable right now. This is really affecting my work.",technical,low,neutral,english,technical_troubleshooting
TKT-04865,I've decided to discontinue my plan. My next payment date is on the 15th.,subscription,low,neutral,english,cancel_subscription
TKT-00861,I keep getting a connection error when I try to use the app. This started happening after the last update.,technical,medium,negative,english,technical_troubleshooting
TKT-04650,Please terminate my membership and confirm via email. I read the cancellation policy but still have questions!!,subscription,urgent,neutral,english,cancel_subscription
TKT-03246,I received a delivery confirmation but the package isn't here. The tracking number is TRK1378166419. Can you contact the courier on my behalf?,shipping,medium,negative,english,track_order
TKT-01588,The software freezes whenever I try to save my work. I've already cleared the cache and reinstalled the app. I rely on this app daily and can't afford downtime.,technical,high,neutral,english,technical_troubleshooting
TKT-03874,I was charged twice by mistake — can I get the extra amount returned? The order number is ORD-528612. This has gone on too long — I want my money back now.,refund,medium,negative,english,refund_duplicate_charge
TKT-04528,"Good afternoon, I was wondering if you could assist me. The service isn't worth the monthly fee anymore. I don't want any retention offers — just cancel please.",subscription,medium,neutral,english,cancel_subscription
TKT-04775,I need to downgrade or cancel my current plan. How soon will the cancellation take effect?,subscription,medium,neutral,english,cancel_subscription
TKT-01125,the app keeps crashing every time i try to open it. is there a workaround i can try in the meantime?,technical,high,negative,english,technical_troubleshooting
TKT-03057,the estimated arrival keeps getting pushed back.,shipping,medium,neutral,english,track_order
TKT-00797,I think the system charged me twice when I placed my order. The transaction date shows last week. How do I get the extra amount refunded?,billing,low,negative,english,refund_duplicate_charge
TKT-04006,My return was approved weeks ago but the credit still hasn't appeared. I returned the item via the courier on last week. Please confirm when the reversal has been issued.,refund,medium,negative,english,refund_duplicate_charge
TKT-04439,I'VE WASTED SO MUCH time on this already. I need to downgrade or cancel my current plan. Can you also delete my stored payment information?,subscription,high,negative,english,cancel_subscription
TKT-04959,i want to cancel my monthly plan. i don't see a cancel option in my account settings. thank you for processing this promptly.,subscription,high,neutral,english,cancel_subscription
TKT-00084,I noticed an extra charge on my credit card statement. Reference number: ORD-891645. Please fix this and credit my account.,billing,high,neutral,english,refund_duplicate_charge
TKT-02517,I want to know why my package is taking so long. I've contacted the courier but they redirected me to you.,shipping,medium,neutral,english,track_order
TKT-04121,I paid twice by mistake and need one payement returned.,refund,high,negative,english,refund_duplicate_charge
TKT-02407,Seriously?? I requested a password reset but didn't get any email. My registered email is m***@yahoo.com. Please help me regain access.,account,high,negative,english,reset_password
TKT-04800,I'd like to end my membership effective immediatly.,subscription,medium,neutral,english,cancel_subscription
TKT-00964,i'm experiencing constant buffering and lag on your platform. i've already cleared the cache and reinstalled the app. i've spent hours trying to fix this myself.,technical,high,negative,english,technical_troubleshooting
TKT-03024,Can you tell me where my order is right now? The tracking number is TRK9227391953.,shipping,high,neutral,english,track_order
TKT-01484,"Honestly, this is the worst experience. I'm getting a weird error message when I use the application. This has been going on for 4 days now. This is really affecting my work",technical,medium,negative,english,technical_troubleshooting
TKT-04114,"Honestly, this is the worst experience. I canceled my order but the charge still went through. I was charged $59.99 twice.",refund,high,negative,english,refund_duplicate_charge
TKT-03438,"This is ridiculous. The duplicate charge on my card needs to be reversed immediately. I want a full reimbursement, not store credit.",refund,high,negative,english,refund_duplicate_charge
TKT-04079,NOT HAPPY AT ALL. The duplicate charge on my card needs to be reversed immediately.,refund,high,negative,english,refund_duplicate_charge
TKT-04410,I'd like to end my membership effective immediately. I've been a member since 2021.,subscription,urgent,neutral,english,cancel_subscription
TKT-00239,"I see an unauthorized duplicate deduction on my account. My monthly payment should be $99.99, not double that. Please investigate and process a correction.",billing,urgent,neutral,english,refund_duplicate_charge
TKT-02648,I'm really upset about this. The tracking information hasn't been updated in five days. My order number is ORD-472746.,shipping,high,negative,english,track_order
TKT-02743,"I haven't received any shipping updates since I placed my order. If it's lost, I need a replacement or refund.",shipping,high,neutral,english,track_order
TKT-00987,The download keeps failing at 80 percent every single time. I'm using version 3.2.1 on MacBook.,technical,high,negative,english,technical_troubleshooting
TKT-01096,"good morning, i'd like some help please. the interface glitches and buttons don't respond when i tap them. this started happening after the last update. is there a workaround i can try in the meantime?",technical,high,positive,english,technical_troubleshooting
TKT-03938,I was charged twice by mistake — can I get the extra amount returned? I returned the item via USPS on earlier this week. How long will it take to get my money back?,refund,high,neutral,english,refund_duplicate_charge
TKT-02133,The reset link I received says it has expired.,account,low,neutral,english,reset_password
TKT-04589,I WANT TO MAKE sure i won't be charged next month. i don't see a cancel option in my account settings.,subscription,low,negative,english,cancel_subscription
TKT-03960,The service didn't work as advertised — I want my money back. I was charged $79.99 twice.,refund,low,negative,english,refund_duplicate_charge
TKT-04744,I'm switching to a different provider and need to cancel here!!,subscription,medium,negative,english,cancel_subscription
TKT-04761,I need to downgrade or cancel my current plan. I already tried to cancel through the website.,subscription,medium,negative,english,cancel_subscription
TKT-03046,I'm really upset about this. I recieved a delivery confirmation but the package isn't here.,shipping,high,negative,english,track_order
TKT-00145,"Greetings, I'm writing to inquire about something. The payment for my last order appears duplicated.",billing,high,neutral,english,refund_duplicate_charge
TKT-00361,This is ridiculous. I noticed an extra charge on my credit card statement. Can you resolve this? I shouldn't have been charged twice.,billing,medium,negative,english,refund_duplicate_charge
TKT-00081,Seriously?? Something went wrong with my payment — the amount was deducted two times,billing,high,negative,english,refund_duplicate_charge
TKT-02585,This is ridiculous. I need to track my package but the tracking number doesn't work. This is a gift and I needed it by a specific date.,shipping,low,negative,english,track_order
TKT-01055,Your website keeps displaying a blank screen on my browser. The error code I'm seeing is ERR-4401. I've spent hours trying to fix this myself.,technical,medium,negative,english,technical_troubleshooting
TKT-02840,Tracking shows my order is in a completely different city. I chose standard delivery. I'd like to file a complaint about the delivery service.,shipping,medium,negative,english,track_order
TKT-02098,I've had it with your service! I keep getting 'invalid token' when I click the reset link. I can't access any of my saved data without logging in.,account,medium,negative,english,reset_password
TKT-00076,"Greetings, I'm writing to inquire about something. The same amount was taken from my card twice. This happened on September 28th. I want the overcharge refunded to my card.",billing,urgent,neutral,english,refund_duplicate_charge
TKT-00336,"Hello, thank you in advance for your help. Two payements of the same amount showed up on my bank statement today. Reference number: ORD-134812. I'd like to get my money back for the extra charge I really appreciate it.",billing,high,positive,english,refund_duplicate_charge
TKT-03382,The product I RECEIVED is defective and I want my money back. I need the amount credited to my original payment method.,refund,high,negative,english,refund_duplicate_charge
TKT-03936,This is the third time I'm reaching out about the same issue. The quality of what I received doesn't justify the price. I was charged $149.99 twice.,refund,high,negative,english,refund_duplicate_charge
TKT-04733,Please cancel my auto-renewal — I don't want to be charged again. My plan is the Pro tier at $29.99/month. Just want this taken care of.,subscription,low,neutral,english,cancel_subscription
TKT-03875,I cancled my order but the charge still went through. How long will it take to get my money back?,refund,high,negative,english,refund_duplicate_charge
TKT-03341,I canceled my order but the charge still went through. I need the amount credited to my original payment method.,refund,medium,negative,english,refund_duplicate_charge
TKT-01961,I need to change my password but I can't find the option. What steps do I need to take to fix this?,account,medium,negative,english,reset_password
TKT-02390,I can't sign in from my new phone. I've verified my email address already. Please advise on what to do next.,account,high,neutral,english,resolve_login_issue
TKT-02852,Where is my order? The estimated delivery date has passed. I need to know when I'll receive my order.,shipping,medium,negative,english,track_order
TKT-02078,My password expired and I can't seem to create a new one. Please advise on what to do next!!,account,medium,negative,english,reset_password
TKT-04843,Seriously?? I'd like to end my membership effective immediately. My plan is the Premium tier at $79.99/month. I need a confirmation email once it's done.,subscription,medium,negative,english,cancel_subscription
TKT-00123,Your system appears to have processed my payment twice. I was expecting only one charge of $9.99. I want the overcharge refunded to my card.,billing,medium,neutral,english,refund_duplicate_charge
TKT-02447,I'm locked out because I forgot my password. I've been a customer since 2023...,account,medium,neutral,english,reset_password
TKT-00304,I am extremely frustrated. I think the system charged me twice when I placed my order. I need the extra payment reversed as soon as possible.,billing,medium,negative,english,refund_duplicate_charge
TKT-00844,I can't believe this is happening again. The page loads very slowly and sometimes times out completely. I've tried restarting my Samsung tablet but the problem persists.,technical,urgent,negative,english,technical_troubleshooting
TKT-04486,I want to make sure I won't be charged next month. My next payment date is October 1st.,subscription,low,negative,english,cancel_subscription
TKT-02889,I paid for express delivery but it's been 6 days already. I ordered on October 1st. I need to know when I'll receive my order.,shipping,medium,neutral,english,track_order
TKT-02699,I'm really upset about this. I want to know why my package is taking so long. This delay is really inconvenient.,shipping,medium,negative,english,track_order
TKT-03584,"Dear support team, I've been waiting over a month for the money to come back to my account. I have the receipt and can provide proof of the duplicate charge. I need the amount credited to my original payment method.",refund,high,neutral,english,refund_duplicate_charge
TKT-01130,I can't get the app to work on my phone since yesterday. It works fine on my laptop but not on my desktop computer.,technical,medium,negative,english,technical_troubleshooting
TKT-03152,I haven't received any shipping updates since I placed my order. I ordered on on the 15th. This delay is really inconvenient.,shipping,high,negative,english,track_order
TKT-00996,The search function in your app returns no results even though I know there should be matches. I've tried using different browsers but same issue. Is this a known issue? Are you working on a fix?,technical,low,negative,english,technical_troubleshooting
TKT-03139,This is absolutely unacceptable. Where is my order? The estimated delivery date has passed. I selected express delivery.,shipping,high,negative,english,track_order
TKT-01574,The software freezes whenever I try to save my work. I'd apreciate any help with this problem.,technical,urgent,positive,english,technical_troubleshooting
TKT-03060,I've HAD IT with your service! Where is my order? The estimated delivery date has passed. My delivery address is correct — I've double checked. Please provide an updated delivery estimate.,shipping,high,negative,english,track_order
TKT-04943,I don't want to renew my annual plan. My plan is the Pro tier at $9.99/month,subscription,medium,neutral,english,cancel_subscription
TKT-00070,there are duplicate charges showing on my card. the amount is $149.99 each time.,billing,high,positive,english,refund_duplicate_charge
TKT-03899,Seriously?? I was told I would get my payment back but it hasn't appeared on my statement. This has gone on too long — I want my money back now.,refund,urgent,negative,english,refund_duplicate_charge
TKT-00441,Two payments of the same amount showed up on my bank statement today. I want the overcharge refunded to my card.,billing,high,negative,english,refund_duplicate_charge
TKT-04752,This is ridiculous. Please cancel my auto-renewal — I don't want to be charged again. My plan is the Basic tier at $39.99/month. Make sure no further charges are applied.,subscription,medium,negative,english,cancel_subscription
TKT-01572,the app is super slow and basically unusable right now. i attached a screenshot but can't include it here.,technical,medium,negative,english,technical_troubleshooting
TKT-02546,I paid for express delivery but it's been 8 days already. This is a gift and I needed it by a specific date. Can you check the status of my delivery?,shipping,low,negative,english,track_order
TKT-01086,"Greetings, I'm writing to inquire about something. I can't get the app to work on my phone since yesterday. It works fine on my laptop but not on my iPad.",technical,medium,neutral,english,technical_troubleshooting
TKT-04972,I've been trying to cancel for days but can't figure out how. I'm currently on the Pro plan.,subscription,urgent,negative,english,cancel_subscription
TKT-04876,The service isn't worth the monthly fee anymore. My plan is the Premium tier at $29.99/month.,subscription,medium,negative,english,cancel_subscription
TKT-04015,I canceled my order but the charge still went through. The return tracking shows it was delivered back to your warehouse. Can you expedite this reimbursement?,refund,low,negative,english,refund_duplicate_charge
TKT-04450,I'd like to end my membership effective immediately. I already tried to cancel through the website. Please confirm the cancellation in writing.,subscription,urgent,neutral,english,cancel_subscription
TKT-03311,I've had it with your service! My package seems to be stuck in transit. This delay is really inconvenient.,shipping,high,negative,english,track_order
TKT-04477,I've decided to discontinue my plan. I already tried to cancel through the website. How soon will the cancellation take effect?,subscription,low,neutral,english,cancel_subscription
TKT-00046,I've had it with your service! I was charged twice for the same purchase this month. The transaction date shows September 28th. Kindly process a refund for the duplicate transaction.,billing,high,negative,english,refund_duplicate_charge
TKT-04281,I want to stop all future charges related to my plan. My plan is the Basic tier at $9.99/month. I need a confirmation email once it's done.,subscription,high,neutral,english,cancel_subscription
TKT-03895,"Hi, I hope this message finds you well. The product I received is defective and I want my money back. Please confirm when the reversal has been issued.",refund,urgent,neutral,english,refund_duplicate_charge
TKT-02778,I am extremely frustrated. I paid for express delivery but it's been 14 days already.,shipping,low,negative,english,track_order
TKT-02718,The courier says they delivered it but I never received anything. The tracking number is TRK9880932411.,shipping,high,negative,english,track_order
TKT-02903,The estimated arrival keeps getting pushed back. I ordered on a few days ago. Can you check the status of my delivery?,shipping,high,neutral,english,track_order
TKT-04556,"Hi, sorry to bother you but Can I cancel mid-cycle and get a prorated refund? I don't see a cancel option in my account settings. Thank you for processing this promptly I really appreciate it.",subscription,high,positive,english,cancel_subscription
TKT-01918,I need to change my password but I can't find the option. I'd appreciate a quick resolution.,account,high,negative,english,reset_password
TKT-04961,how do i stop my recurring payment? please confirm the cancellation in writing...,subscription,high,negative,english,cancel_subscription
TKT-00283,I'm SEEING A repeated charge that shouldn't be there. The transaction date shows yesterday.,billing,high,negative,english,refund_duplicate_charge
TKT-04129,"hi, i hope this message finds you well. the product broke within the first day — i need my money back. the return tracking shows it was delivered back to your warehouse. how long will it take to get my money back?",refund,high,neutral,english,refund_duplicate_charge
TKT-04082,Seriously?? I was overcharged and need the difference returned to my card. The return tracking shows it was delivered back to your warehouse. How long will it take to get my money back?,refund,low,negative,english,refund_duplicate_charge
TKT-00741,I am so done with this. The payment for my last order appears duplicated. The transaction date shows yesterday. Please reverse the duplicate charge!!,billing,high,negative,english,refund_duplicate_charge
TKT-02586,The tracking information hasn't been updated in five days. I ordered on last week. This delay is really inconvenient.,shipping,high,neutral,english,track_order
TKT-00274,My bank shows two identical transactions from your company. Order number ORD-388086 seems to be the one affected. Would you be able to reverse the second charge?,billing,medium,negative,english,refund_duplicate_charge
TKT-00911,i'm getting a weird error message when i use the application. i'm using version 3.2.1 on desktop computer.,technical,urgent,negative,english,technical_troubleshooting
TKT-02008,The login button is greyed out and I can't click it. I've already tried from multiple devices. Please help me regain access.,account,medium,neutral,english,resolve_login_issue
TKT-00759,This is ridiculous. I received two charge notifications for one transaction. The duplicate amount is $99.99. Please investigate and process a correction.,billing,high,negative,english,refund_duplicate_charge
TKT-01849,"Good morning, I'd like some help please. I haven't been able to update my password through your website. I've already tried from multiple devices. Is there another way to verify my identity?",account,medium,neutral,english,reset_password
TKT-04403,"Hi, sorry to bother you but I no longer need the service and want to cancel.",subscription,low,neutral,english,cancel_subscription
TKT-04534,NOT HAPPY AT ALL. I tried to cancel online but the button doesn't seem to work. I don't want any retention offers — just cancel please.,subscription,medium,negative,english,cancel_subscription
TKT-01954,The login page just keeps refreshing without letting me in. I've already tried from multiple devices.,account,medium,neutral,english,resolve_login_issue
TKT-00022,I just checked my statement and there's a double payement!!,billing,medium,negative,english,refund_duplicate_charge
TKT-03076,Can you tell me where my order is right now? I selected express delivery. This delay is really inconvenient.,shipping,medium,negative,english,track_order
TKT-04979,Seriously?? I'd like to end my membership effective immediately. I don't see a cancel option in my account settings.,subscription,high,negative,english,cancel_subscription
TKT-00540,I just checked my statement and there's a double payment.,billing,high,neutral,english,refund_duplicate_charge
TKT-02374,"hello, i hope you're having a good day. my password expired and i can't seem to create a new one. i've verified my email address already",account,high,neutral,english,reset_password
TKT-02273,I'm getting a 'session expired' message immediately after logging in. My username is maria_garcia. Please help me regain access.,account,medium,neutral,english,resolve_login_issue
TKT-01141,the search function in your app returns no results even though i know there should be matches. i attached a screenshot but can't include it here. i need this fixed as soon as possible.,technical,urgent,negative,english,technical_troubleshooting
TKT-01727,"Good afternoon, I was wondering if you could assist me. I'm getting a 'session expired' message immediately after logging in. I can provide ID verification if needed. Please advise on what to do next.",account,high,neutral,english,resolve_login_issue
TKT-02768,"Good afternoon, I was wondering if you could assist me. My order has been 'out for delivery' for three days straight. I'd like to file a complaint about the delivery service.",shipping,low,neutral,english,track_order
TKT-02851,I recieved a delivery confirmation but the package isn't here. This is a gift and I needed it by a specific date. I need to know when I'll receive my order.,shipping,medium,negative,english,track_order
TKT-02126,The CAPTCHA on the login page keeps failing even when I solve it correctly!!,account,high,neutral,english,resolve_login_issue
TKT-01212,The download keeps failing at 80 percent every single time. Can you provide a timeline for when this will be resolved?,technical,medium,neutral,english,technical_troubleshooting
TKT-03290,The delivery was supposed to arrive by two days ago. I chose standard delivery. I'd like to file a complaint about the delivery service.,shipping,urgent,neutral,english,track_order
TKT-02366,I'm locked out because I forgot my password. I've verified my email address already. Can you send me a manual reset link?,account,high,neutral,english,reset_password
TKT-04838,"Honestly, this is the worst experience. How do I stop my recurring payment? I'm currently on the Starter plan. Thank you for processing this promptly.",subscription,medium,negative,english,cancel_subscription
TKT-00348,I WAS CHARGED TWICE for the same purchase this month. The transaction date shows September 28th. I want the overcharge refunded to my card!!,billing,high,negative,english,refund_duplicate_charge
TKT-04716,I want to cancel my monthly plan. Just want this taken care of.,subscription,low,neutral,english,cancel_subscription
TKT-01485,The page loads very slowly and sometimes times out completely. Other users in my household are experiencing the same thing. I'm losing patience with this recurring issue.,technical,medium,neutral,english,technical_troubleshooting
TKT-03773,I was told I would get my payement back but it hasn't appeared on my statement. The amount I need returned is $199.99. This has gone on too long — I want my money back now!!,refund,high,negative,english,refund_duplicate_charge
TKT-02705,My parcel has been sitting at the distribution center for a week. I selected express delivery!!,shipping,urgent,negative,english,track_order
TKT-04093,"The duplicate charge on my card needs to be reversed immediately. It's been 11 days since I requested my money back. I want a full reimbursement, not store credit.",refund,high,positive,english,refund_duplicate_charge
TKT-03613,I returned my order two weeks ago but still haven't gotten my money back. I have the receipt and can provide proof of the duplicate charge. Can you expedite this reimbursement?,refund,urgent,neutral,english,refund_duplicate_charge
TKT-03506,I canceled my order but the charge still went through. I returned the item via DHL on two days ago,refund,high,negative,english,refund_duplicate_charge
TKT-04198,i've decided to discontinue my plan. i don't see a cancel option in my account settings. just want this taken care of.,subscription,medium,neutral,english,cancel_subscription
TKT-00351,NOT HAPPY AT ALL. Two payments of the same amount showed up on my bank statement today. The transaction date shows yesterday. Could you look into this and issue a refund?,billing,medium,negative,english,refund_duplicate_charge
TKT-00271,This is ridiculous. My card was debited twice for a single order. The transaction date shows earlier this week.,billing,high,negative,english,refund_duplicate_charge
TKT-02908,I've had it with your service! Can you tell me where my order is right now? Can you contact the courier on my behalf?,shipping,high,negative,english,track_order
TKT-04666,I'm switching to a different provider and need to cancel here. I already tried to cancel through the website. Just want this taken care of!!,subscription,high,neutral,english,cancel_subscription
TKT-04171,I've been trying to cancel for days but can't figure out how. I read the cancellation policy but still have questions!!,subscription,medium,positive,english,cancel_subscription
TKT-02654,I can't believe this is happening again. Can you tell me where my order is right now? My delivery address is correct — I've double checked.,shipping,high,negative,english,track_order
TKT-02896,I'm really upset about this. Where is my order? The estimated delivery date has passed. My order number is ORD-552090.,shipping,medium,negative,english,track_order
TKT-00838,The download keeps failing at 80 percent every single time. I attached a screenshot but can't include it here. Can you provide a timeline for when this will be resolved?,technical,high,negative,english,technical_troubleshooting
TKT-01005,The app is super slow and basically unusable right now. The error code I'm seeing is ERR-8536. I'm losing patience with this recurring issue.,technical,high,negative,english,technical_troubleshooting
TKT-01609,I keep getting a connection error when I try to use the app. The error code I'm seeing is ERR-7041!!,technical,high,negative,english,technical_troubleshooting
TKT-04367,I no longer need the service and want to cancel. I don't see a cancel option in my account settings.,subscription,urgent,negative,english,cancel_subscription
TKT-03288,"Hello, thank you in advance for your help. The courier says they delivered it but I never received anything. I need to know when I'll receive my order.",shipping,medium,neutral,english,track_order
TKT-01284,My DATA ISN'T syncing across devices anymore. I've already tried all the basic troubleshooting steps. Can you provide a timeline for when this will be resolved?,technical,medium,negative,english,technical_troubleshooting
TKT-04043,"Greetings, I'm writing to inquire about something. The duplicate charge on my card needs to be reversed immediately. I returned the item via UPS on last week Many thanks.",refund,urgent,positive,english,refund_duplicate_charge
TKT-02735,I am so done with this. My package seems to be stuck in transit. I've contacted the courier but they redirected me to you. Is there any way to speed this up?,shipping,low,negative,english,track_order
TKT-00689,My credit card WAS BILLED DOUBLE FOR MY recent purchase. I want the overcharge refunded to my card.,billing,medium,negative,english,refund_duplicate_charge
TKT-03174,I want to know why my package is taking so long. I selected express delivery,shipping,medium,negative,english,track_order
TKT-03279,I haven't received any shipping updates since I placed my order. The tracking number is TRK9220618209. I'm very disappointed with the delivery experience.,shipping,medium,neutral,english,track_order
TKT-03703,I am so done with this. The product broke within the first day — I need my money back. Please return my payment as soon as possible!!,refund,urgent,negative,english,refund_duplicate_charge
TKT-03218,I placed an order on yesterday and it still hasn't been delivered. I ordered on yesterday.,shipping,medium,neutral,english,track_order
TKT-04600,How do I stop my recurring payement? I don't see a cancel option in my account settings. Please confirm the cancellation in writing.,subscription,high,negative,english,cancel_subscription
TKT-01971,This is ridiculous. The password reset email never arrives in my inbox. I've been a customer since 2023.,account,medium,negative,english,reset_password
TKT-02571,My order still hasn't arrived and it's been over two weeks. Can you check the status of my delivery?,shipping,high,negative,english,track_order
TKT-01462,I can't believe this is happening again. I keep getting a connection error when I try to use the app. The error code I'm seeing is ERR-3157.,technical,medium,negative,english,technical_troubleshooting
TKT-03296,my order still hasn't arrived and it's been over two weeks. my order number is ord-381889.,shipping,urgent,neutral,english,track_order
TKT-03753,I've had it with your service! I never recieved my order but I was charged for it. The amount I need returned is $14.99. Please return my payment as soon as possible.,refund,medium,negative,english,refund_duplicate_charge
TKT-02436,the login button is greyed out and i can't click it. please help me regain access.,account,medium,positive,english,resolve_login_issue
TKT-01542,This is ridiculous. The download keeps failing at 80 percent every single time. Please escalate this if necessary.,technical,high,negative,english,technical_troubleshooting
TKT-03825,NOT HAPPY AT ALL. I returned my order two weeks ago but still haven't gotten my money back. Can you expedite this reimbursement?,refund,urgent,negative,english,refund_duplicate_charge
TKT-04152,The service didn't work as advertised — I want my money back. I have the receipt and can provide proof of the duplicate charge.,refund,medium,negative,english,refund_duplicate_charge
TKT-04679,I've had it with your service! Can you help me cancel before the next payment cycle? I'm currently on the Pro plan. How soon will the cancellation take effect?,subscription,medium,negative,english,cancel_subscription
TKT-00884,"Hi, I hope this message finds you well. The page loads very slowly and sometimes times out completely. I've tried using different browsers but same issue. Is there a workaround I can try in the meantime?",technical,high,neutral,english,technical_troubleshooting
TKT-03690,I WAS OVERCHARGED AND NEED THE difference returned to my card. Please confirm when the reversal has been issued.,refund,medium,negative,english,refund_duplicate_charge
TKT-01531,The download keeps failing at 80 percent every single time. I attached a screenshot but can't include it here. Is there a workaround I can try in the meantime?,technical,high,negative,english,technical_troubleshooting
TKT-02823,i want to know why my package is taking so long. i selected express delivery,shipping,high,neutral,english,track_order
TKT-01291,"After the recent update, the app doesn't load properly.",technical,urgent,negative,english,technical_troubleshooting
TKT-01519,Something is broken in the app — features that used to work don't anymore. This has been going on for 4 days now.,technical,medium,neutral,english,technical_troubleshooting
TKT-00941,I can't get the app to work on my phone since yesterday. Is this a known issue? Are you working on a fix?,technical,high,negative,english,technical_troubleshooting
TKT-01282,Something is broken in the app — features that used to work don't anymore. I've already tried all the basic troubleshooting steps. Please escalate this if necessary!!,technical,high,neutral,english,technical_troubleshooting
TKT-04948,I've decided to discontinue my plan. I don't see a cancel option in my account settings!!,subscription,medium,neutral,english,cancel_subscription
TKT-00353,This is ridiculous. The same amount was taken from my card twice. This is related to order ORD-691729. I want the overcharge refunded to my card.,billing,high,negative,english,refund_duplicate_charge
TKT-00514,I think the system charged me twice when I placed my order. The duplicate amount is $24.99.,billing,medium,negative,english,refund_duplicate_charge
TKT-03017,the estimated arrival keeps getting pushed back. i'd like to file a complaint about the delivery service.,shipping,medium,negative,english,track_order
TKT-02595,I AM EXTREMELY FRUSTRATED. I placed an order on last week and it still hasn't been delivered. I've contacted the courier but they redirected me to you. I'm very disappointed with the delivery experience.,shipping,low,negative,english,track_order
TKT-01857,I've had it with your service! I can't remember my password and need to regain access. Please help me regain access.,account,high,negative,english,reset_password
TKT-03594,I've had it with your service! I accidentally purchased the wrong plan and need my money back. I was charged $9.99 twice. Please return my payment as soon as possible.,refund,medium,negative,english,refund_duplicate_charge
TKT-02251,"Hi, sorry to bother you but The CAPTCHA on the login page keeps failing even when I solve it correctly. I've been a customer since 2022 Thanks in advance!",account,high,positive,english,resolve_login_issue
TKT-04874,i am so done with this. can you help me cancel before the next payment cycle? just want this taken care of.,subscription,urgent,negative,english,cancel_subscription
TKT-04332,I've been trying to cancel for days but can't figure out how. My next payement date is two days ago. I need a confirmation email once it's done.,subscription,medium,neutral,english,cancel_subscription
TKT-02151,the login page just keeps refreshing without letting me in. i can't access any of my saved data without logging in.,account,medium,negative,english,resolve_login_issue
TKT-01604,The search function in your app returns no results even though I know there should be matches. I've already cleared the cache and reinstalled the app. I'm losing patience with this recurring issue.,technical,medium,negative,english,technical_troubleshooting
TKT-01512,This is ridiculous. The app keeps crashing every time I try to open it. I'm losing patience with this recurring issue.,technical,urgent,negative,english,technical_troubleshooting
TKT-02003,Single sign-on with Google isn't working for my account anymore. Is there another way to verify my identity?,account,medium,neutral,english,resolve_login_issue
TKT-00379,I just checked my statement and there's a double payement. Could you look into this and issue a refund?,billing,low,neutral,english,refund_duplicate_charge
TKT-01974,How do I change my password? The current one doesn't work. This is urgent as I need access for work. Please help me regain access.,account,medium,negative,english,reset_password
TKT-03334,I haven't received any shipping updates since I placed my order. This is a gift and I needed it by a specific date. Can you contact the courier on my behalf?,shipping,high,negative,english,track_order
TKT-04104,i've had it with your service! i've been waiting over a month for the money to come back to my account. is there anything else you need from me to process this?,refund,high,negative,english,refund_duplicate_charge
TKT-02665,My PACKAGE SEEMS TO BE STUCK in transit. I need someone to investigate what happened to my package.,shipping,medium,negative,english,track_order
TKT-01691,The password reset email never arrives in my inbox. My username is jsmith42. Please help me regain access.,account,low,neutral,english,reset_password
TKT-03457,I am so done with this. I was charged twice by mistake — can I get the extra amount returned?,refund,high,negative,english,refund_duplicate_charge
TKT-02022,I've wasted so much time on this already. I tried resetting my password but I get an error. Please help me regain access...,account,high,negative,english,reset_password
TKT-00556,I'm really upset about this. Two payements of the same amount showed up on my bank statement today.,billing,high,negative,english,refund_duplicate_charge
TKT-03732,I've wasted so much time on this already. I paid twice by mistake and need one payment returned. I already spoke with someone who said it would be taken care of. How long will it take to get my money back?,refund,high,negative,english,refund_duplicate_charge
TKT-03450,My return was approved weeks ago but the credit still hasn't appeared. I was charged $59.99 twice. I just want my money returned.,refund,urgent,neutral,english,refund_duplicate_charge
TKT-03313,My parcel has been sitting at the distribution center for a week. The tracking number is TRK2834645825. This delay is really inconvenient...,shipping,high,negative,english,track_order
TKT-01214,I am so done with this. The search function in your app returns no results even though I know there should be matches. Please escalate this if necessary.,technical,medium,negative,english,technical_troubleshooting
TKT-00169,THIS IS THE THIRD time I'm reaching out about the same issue. Looks like the payment went through two times.,billing,high,negative,english,refund_duplicate_charge
TKT-02130,i can't log into my account even though i'm using the correct credentials. i checked my spam folder but nothing is there. i need this sorted out as soon as possible.,account,medium,negative,english,resolve_login_issue
TKT-00853,NOT HAPPY AT ALL. I'm experiencing constant buffering and lag on your platform. The error code I'm seeing is ERR-9941. Can someone please help me resolve this?,technical,medium,negative,english,technical_troubleshooting
TKT-03896,The duplicate charge on my card needs to be reversed immediatly. The order number is ORD-249410.,refund,urgent,neutral,english,refund_duplicate_charge
TKT-03724,I received the wrong item and want to return it for a full reimbursement. Please return my payment as soon as possible.,refund,urgent,negative,english,refund_duplicate_charge
TKT-04496,"Hi there, I have a question. Can you help me cancel before the next payment cycle? I read the cancellation policy but still have questions. I don't want any retention offers — just cancel please.",subscription,medium,neutral,english,cancel_subscription
TKT-04974,"Greetings, I'm writing to inquire about something. I want to make sure I won't be charged next month. My next payment date is three days ago. Thank you for processing this promptly.",subscription,medium,positive,english,cancel_subscription
TKT-00823,This is absolutely UNACCEPTABLE. I WAS CHARGED twice for the same purchase this month. The amount is $149.99 each time.,billing,high,negative,english,refund_duplicate_charge
TKT-04891,"Honestly, this is the worst experience. I'm switching to a different provider and need to cancel here.",subscription,medium,negative,english,cancel_subscription
TKT-02066,My password expired and I can't seem to create a new one.,account,urgent,negative,english,reset_password
TKT-03367,My return was approved weeks ago but the credit still hasn't appeared. I have the receipt and can provide proof of the duplicate charge.,refund,high,negative,english,refund_duplicate_charge
TKT-03443,I PAID TWICE by mistake and need one payment returned. I already spoke with someone who said it would be taken care of.,refund,high,negative,english,refund_duplicate_charge
TKT-04563,I can't believe this is happening again. I've been trying to cancel for days but can't figure out how. I already tried to cancel through the website. Just want this taken care of.,subscription,high,negative,english,cancel_subscription
TKT-01050,I keep getting kicked out of the app randomly. This started happening after the last update. I'd apreciate any help with this problem.,technical,medium,neutral,english,technical_troubleshooting
TKT-00650,"Hi, sorry to bother you but The same amount was taken from my card twice. The transaction date shows earlier this week. I need this resolved quickly, please Looking forward to hearing from you.",billing,high,positive,english,refund_duplicate_charge
TKT-02013,My temporary password stopped working before I could set a new one. I can't access any of my saved data without logging in.,account,high,neutral,english,reset_password
TKT-02477,I am so done with this. My password expired and I can't seem to create a new one. I can provide ID verification if needed.,account,urgent,negative,english,reset_password
TKT-00824,I'm seeing a repeated charge that shouldn't be there. The transaction date shows last week. Please fix this and credit my account.,billing,urgent,negative,english,refund_duplicate_charge
TKT-02950,I paid for express delivery but it's been 8 days already. I'm very disappointed with the delivery experiance.,shipping,high,negative,english,track_order
TKT-02664,I am extremely frustrated. I havent received any shipping updates since I placed my order. My order number is ORD-116482. Can you contact the courier on my behalf?,shipping,urgent,negative,english,track_order
TKT-03787,This is absolutely unacceptable. I was charged twice by mistake — can I get the extra amount returned? I was charged $49.99 twice.,refund,medium,negative,english,refund_duplicate_charge
TKT-02849,"Hi, I hope this message finds you well. I want to know why my package is taking so long. I ordered on September 28th. I need to know when I'll receive my order.",shipping,high,neutral,english,track_order
TKT-02815,My neighbor says no delivery attempt was made at my adress. I've contacted the courier but they redirected me to you!!,shipping,high,neutral,english,track_order
TKT-04095,"The item doesn't match the description and I want my money returned. I have the receipt and can provide proof of the duplicate charge. I want a full reimbursement, not store credit.",refund,high,negative,english,refund_duplicate_charge
TKT-03645,Seriously?? I was told I would get my payment back but it hasn't appeared on my statement. Can you expedite this reimbursement?,refund,urgent,negative,english,refund_duplicate_charge
TKT-01879,"Hello, I hope you're having a good day. I enter my email and password but nothing happens. My username is customer2024.",account,high,neutral,english,resolve_login_issue
TKT-02907,I'm worried my package got lost in transit. I've contacted the courier but they redirected me to you. Can you check the status of my delivery?,shipping,medium,neutral,english,track_order
TKT-01444,the download keeps failing at 80 percent every single time. i'd apreciate any help with this problem...,technical,medium,negative,english,technical_troubleshooting
TKT-02413,"Good morning, I'd like some help please. I tried resetting my password but I get an error. I need this sorted out as soon as possible",account,medium,neutral,english,reset_password
TKT-01933,Two-factor authentication isn't sending me the verification code. I've verified my email adress already. This is becoming very frustrating...,account,urgent,neutral,english,resolve_login_issue
TKT-01051,The software freezes whenever I try to save my work. Can you provide a timeline for when this will be resolved?,technical,medium,negative,english,technical_troubleshooting
TKT-04851,I signed up by mistake and need to cancel right away. I'm currently on the Standard plan. I don't want any retention offers — just cancel please.,subscription,medium,neutral,english,cancel_subscription
TKT-01246,"Honestly, this is the worst experience. The interface glitches and buttons don't respond when I tap them. It works fine on my laptop but not on my iPhone.",technical,low,negative,english,technical_troubleshooting
TKT-01294,"Hi there, I have a question. The app is super slow and basically unusable right now. I've tried using different browsers but same issue. Is this a known issue? Are you working on a fix?",technical,urgent,neutral,english,technical_troubleshooting
TKT-04045,I'm really upset about this. The product broke within the first day — I need my money back. I have the receipt and can provide proof of the duplicate charge. Please return my payment as soon as possible.,refund,high,negative,english,refund_duplicate_charge
TKT-00561,"I'm seeing a repeated charge that shouldn't be there. My monthly payment should be $24.99, not double that. Could you look into this and issue a refund?",billing,urgent,negative,english,refund_duplicate_charge
TKT-02169,"hi there, i have a question. i can't log into my account even though i'm using the correct credentials...",account,urgent,neutral,english,resolve_login_issue
TKT-03491,i never received my order but i was charged for it.,refund,high,neutral,english,refund_duplicate_charge
TKT-00895,My data isn't syncing across devices anymore. Please escalate this if necessary.,technical,high,neutral,english,technical_troubleshooting
TKT-04209,I've decided to discontinue my plan. I don't want any retention offers — just cancel please.,subscription,urgent,neutral,english,cancel_subscription
TKT-02094,I requested a password reset but didn't get any email. This is urgent as I need access for work.,account,high,neutral,english,reset_password
TKT-04916,I don't want to renew my annual plan. I read the cancellation policy but still have questions. I don't want any retention offers — just cancel please.,subscription,high,neutral,english,cancel_subscription
TKT-04010,The item doesn't match the description and I want my money returned!!,refund,high,neutral,english,refund_duplicate_charge
TKT-02892,NOT HAPPY AT ALL. The estimated arrival keeps getting pushed back. My order number is ORD-961421. Can you contact the courier on my behalf?,shipping,medium,negative,english,track_order
TKT-00565,"This is the third time I'm reaching out about the same issue. Looks like the payment went through two times. The amount is $149.99 each time. I need this resolved quickly, please.",billing,high,negative,english,refund_duplicate_charge
TKT-04519,Can I cancel mid-cycle and get a prorated refund? I need a confirmation email once it's done.,subscription,high,positive,english,cancel_subscription
TKT-03342,"this is the third time i'm reaching out about the same issue. the product i received is defective and i want my money back. i already spoke with someone who said it would be taken care of. i want a full reimbursement, not store credit.",refund,urgent,negative,english,refund_duplicate_charge
TKT-01527,the interface glitches and buttons don't respond when i tap them. other users in my household are experiencing the same thing. i've spent hours trying to fix this myself.,technical,medium,negative,english,technical_troubleshooting
TKT-02755,My order has been 'out for delivery' for three days straight. I selected express delivery.,shipping,low,negative,english,track_order
TKT-04202,i no longer need the service and want to cancel. i read the cancellation policy but still have questions. how soon will the cancellation take effect?,subscription,medium,negative,english,cancel_subscription
TKT-00663,I've wasted so much time on this already. Looks like the payement went through two times. I noticed this when I checked my statement on three days ago. I need the extra payment reversed as soon as possible,billing,medium,negative,english,refund_duplicate_charge
TKT-03862,I accidentally purchased the wrong plan and need my money back. The amount I need returned is $99.99. I just want my money returned.,refund,urgent,neutral,english,refund_duplicate_charge
TKT-04757,I signed up by mistake and need to cancel right away. I don't want any retention offers — just cancel please.,subscription,high,negative,english,cancel_subscription
TKT-02470,"Hi, sorry to bother you but I haven't been able to update my password through your website. I've already tried from multiple devices. Please advise on what to do next.",account,urgent,neutral,english,reset_password
TKT-00737,Your system appears to have processed my payment twice.,billing,high,neutral,english,refund_duplicate_charge
TKT-02311,I'm locked out becuase I forgot my password. I need this sorted out as soon as possible.,account,medium,negative,english,reset_password
TKT-04811,I'm really upset about this. I tried to cancel online but the button doesnt seem to work. My plan is the Pro tier at $199.99/month. I need a confirmation email once it's done.,subscription,medium,negative,english,cancel_subscription
TKT-00989,Your website keeps DISPLAYING A BLANK screen on my browser. I've tried using different browsers but same issue. I've spent hours trying to fix this myself.,technical,medium,negative,english,technical_troubleshooting
TKT-00027,I am so done with this. My credit card was billed double for my recent purchase. Each charge is for $24.99.,billing,high,negative,english,refund_duplicate_charge
TKT-02943,"honestly, this IS THE worst experience. my parcel has been sitting at the distribution center for a week. i chose standard delivery. i'd like to file a complaint about the delivery service",shipping,urgent,negative,english,track_order
TKT-01173,"Honestly, this is the worst experience. I'm experiencing constant buffering and lag on your platform. I've tried using different browsers but same issue. I've spent hours trying to fix this myself.",technical,high,negative,english,technical_troubleshooting
TKT-02623,The tracking information hasn't been updated in five days. I've contacted the courier but they redirected me to you. This delay is really inconvenient.,shipping,high,neutral,english,track_order
TKT-04464,i'm switching to a different provider and need to cancel here. how soon will the cancellation take effect?,subscription,low,positive,english,cancel_subscription
TKT-02612,"Hello, thank you in advance for your help. I received a delivery confirmation but the package isn't here. My delivery address is correct — I've double checked.",shipping,medium,neutral,english,track_order
TKT-02349,I tried resetting my password but I get an error. My username is techuser99. Please advise on what to do next.,account,urgent,negative,english,reset_password
TKT-04204,I want to stop all future charges related to my plan. My next payement date is on the 15th. Just want this taken care of.,subscription,medium,neutral,english,cancel_subscription
TKT-00595,I'm seeing a repeated charge that shouldn't be there. Order number ORD-233666 seems to be the one affected. Please reverse the duplicate charge.,billing,urgent,negative,english,refund_duplicate_charge
TKT-03841,I canceled my ORDER BUT THE CHARGE still went through. The amount I need returned is $39.99.,refund,urgent,negative,english,refund_duplicate_charge
TKT-04001,I was charged twice and I want my money back for the extra payment. I returned the item via DHL on two days ago.,refund,medium,negative,english,refund_duplicate_charge
TKT-01237,I am extremely frustrated. The system keeps showing error code 503 when I try to access my data. This has been going on for 3 days now. I need this fixed as soon as possible.,technical,medium,negative,english,technical_troubleshooting
TKT-03489,I canceled my order but the charge still went through. I returned the item via DHL on last week. Please return my payement as soon as possible.,refund,medium,negative,english,refund_duplicate_charge
TKT-00568,There's a charge I don't recognize that matches my last payement exactly. I want the overcharge refunded to my card.,billing,high,neutral,english,refund_duplicate_charge
TKT-00229,"The payment for my last order appears duplicated. My monthly payment should be $39.99, not double that. I'd like to get my money back for the extra charge.",billing,low,negative,english,refund_duplicate_charge
TKT-04889,I want to cancel my monthly plan. My plan is the Standard tier at $24.99/month.,subscription,low,neutral,english,cancel_subscription
TKT-03339,I've had it with your service! I canceled my order but the charge still went through,refund,high,negative,english,refund_duplicate_charge
TKT-01029,My device won't connect to your service properly. I've already tried all the basic troubleshooting steps.,technical,low,negative,english,technical_troubleshooting
TKT-00890,The download keeps failing at 80 percent every single time. I'd appreciate any help with this problem,technical,medium,neutral,english,technical_troubleshooting
TKT-04169,I want to cancel my monthly plan. My next payement date is three days ago.,subscription,high,neutral,english,cancel_subscription
TKT-00681,I see an unauthorized duplicate deduction on my account. Reference number: ORD-373467. I expect a refund for the duplicate amount.,billing,high,negative,english,refund_duplicate_charge
TKT-03101,My neighbor says no delivery attempt was made at my address. The tracking number is TRK5904638453.,shipping,medium,neutral,english,track_order
TKT-04101,The product broke within the first day — I need my money back. I already spoke with someone who said it would be taken care of. I just want my money returned.,refund,medium,neutral,english,refund_duplicate_charge
TKT-03971,The service didn't work as advertised — I want my money back. The amount I need returned is $99.99. Can you expedite this reimbursement?,refund,medium,negative,english,refund_duplicate_charge
TKT-01603,The notification system seems completely broken on my end. The error code I'm seeing is ERR-2495...,technical,urgent,negative,english,technical_troubleshooting
TKT-03273,I need to track my package but the tracking number doesn't work. This is a gift and I needed it by a specific date. I'm very disappointed with the delivery experience.,shipping,low,negative,english,track_order
TKT-04553,I am so done with this. I want to unsubscribe from the premium tier. My plan is the Standard tier at $79.99/month. Will I still have access until the end of the current period?,subscription,high,negative,english,cancel_subscription
TKT-01894,Seriously?? I haven't been able to update my password through your website.,account,high,negative,english,reset_password
TKT-02991,I'm worried my PACKAGE GOT LOST IN TRANSIT. My order number is ORD-613292!!,shipping,medium,negative,english,track_order
TKT-00231,This is absolutely unacceptable. Your system appears to have processed my payment twice. It appeared on my statement dated last Friday. This needs to be corrected immediately.,billing,high,negative,english,refund_duplicate_charge
TKT-03629,I returned my order two weeks ago but still haven't gotten my money back. I returned the item via UPS on on the 15th. I need the amount credited to my original payment method.,refund,high,neutral,english,refund_duplicate_charge
TKT-02709,I received a delivery confirmation but the package isn't here. Can you contact the courier on my behalf?,shipping,medium,negative,english,track_order
TKT-03407,I'VE WASTED SO MUCH time on this already. I received the wrong item and want to return it for a full reimbursement. This has gone on too long — I want my money back now.,refund,medium,negative,english,refund_duplicate_charge
TKT-01855,"Honestly, this is the worst experience. The CAPTCHA on the login page keeps failing even when I solve it correctly. This is becoming very frustrating.",account,low,negative,english,resolve_login_issue
TKT-03280,This is ridiculous. The estimated arrival keeps getting pushed back. This is a gift and I needed it by a specific date. I'd like to file a complaint about the delivery service.,shipping,high,negative,english,track_order
TKT-01535,I'm experiencing constant buffering and lag on your platform. My internet connection is fine — other apps work normally.,technical,urgent,negative,english,technical_troubleshooting
TKT-00371,I see an unauthorized duplicate deduction on my account. Order number ORD-289050 seems to be the one affected.,billing,high,negative,english,refund_duplicate_charge
TKT-03330,The delivery was supposed to arrive by earlier this week. I selected express delivery. Please provide an updated delivery estimate.,shipping,high,negative,english,track_order
TKT-01854,Can someone manually reset my password? The automated system isn't working for me. I can't access any of my saved data without logging in.,account,high,negative,english,reset_password
TKT-02315,My password expired and I can't seem to create a new one!!,account,high,neutral,english,reset_password
TKT-00187,I see AN UNAUTHORIZED DUPLICATE deduction on my account. Reference number: ORD-480002.,billing,medium,negative,english,refund_duplicate_charge
TKT-02637,"Dear support team, I paid for express delivery but it's been 8 days already. The tracking number is TRK3586471799.",shipping,urgent,neutral,english,track_order
TKT-04321,Can I cancel mid-cycle and get a prorated refund? I already tried to cancel through the website.,subscription,high,negative,english,cancel_subscription
TKT-00370,Two payements of the same amount showed up on my bank statement today.,billing,high,neutral,english,refund_duplicate_charge
TKT-03651,The product broke within the first day — I need my money back. I was charged $79.99 twice.,refund,high,negative,english,refund_duplicate_charge
TKT-01498,i am extremely frustrated. i keep getting kicked out of the app randomly. my internet connection is fine — other apps work normally. i've spent hours trying to fix this myself.,technical,medium,negative,english,technical_troubleshooting
TKT-04273,I'm switching to a different provider and need to cancel here. I already tried to cancel through the website. Please confirm the cancellation in writing.,subscription,high,negative,english,cancel_subscription
TKT-04654,Seriously?? Please remove my payment method and cancel the recurring charge. Make sure no further charges are applied.,subscription,medium,negative,english,cancel_subscription
TKT-02668,i want to know why my package is taking so long. i chose standard delivery!!,shipping,medium,neutral,english,track_order
TKT-02818,My parcel has been sitting at the distribution center for a week. The tracking number is TRK6360740836!!,shipping,medium,negative,english,track_order
TKT-03440,This is absolutely unacceptable. I returned my order two weeks ago but still haven't gotten my money back. I have the receipt and can provide proof of the duplicate charge. I'm going to dispute the charge with my bank if this isn't resolved.,refund,urgent,negative,english,refund_duplicate_charge
TKT-02745,I placed an order on on the 15th and it still hasn't been delivered. I ordered on September 28th. I need someone to investigate what happened to my package.,shipping,high,neutral,english,track_order
TKT-01074,I'm getting a weird error message when I use the application. Other users in my household are experiencing the same thing. How can I get this working again?,technical,urgent,negative,english,technical_troubleshooting
TKT-04649,"Hello, I hope you're having a good day. I'd like to end my membership effective immediately I apreciate your help.",subscription,low,positive,english,cancel_subscription
TKT-00635,I've been charged an extra amount that I didn't authorize. The transaction date shows a few days ago.,billing,medium,negative,english,refund_duplicate_charge
TKT-03292,I'M WORRIED my package got lost in transit. My order number is ORD-612208.,shipping,high,negative,english,track_order
TKT-03820,I accidentally purchased the wrong plan and need my money back. This has gone on too long — I want my money back now.,refund,urgent,negative,english,refund_duplicate_charge
TKT-03289,I want to know why my package is taking so long. My order number is ORD-444212.,shipping,medium,neutral,english,track_order
TKT-03922,"My return was approved weeks ago but the credit still hasn't appeared. The return tracking shows it was delivered back to your warehouse. I want a full reimbursement, not store credit.",refund,medium,negative,english,refund_duplicate_charge
TKT-03570,I can't believe this is happening again. I paid twice by mistake and need one payment returned. I returned the item via UPS on earlier this week.,refund,urgent,negative,english,refund_duplicate_charge
TKT-01550,Your website keeps displaying a blank screen on my browser. This started happening after the last update. I'd appreciate any help with this problem.,technical,high,negative,english,technical_troubleshooting
TKT-00120,I see an unauthorized duplicate deduction on my account. Please reverse the duplicate charge,billing,medium,negative,english,refund_duplicate_charge
TKT-03422,I returned my order two weeks ago but still haven't gotten my money back. Please return my payment as soon as possible.,refund,urgent,neutral,english,refund_duplicate_charge
TKT-00917,My data isn't syncing across devices anymore!!,technical,medium,neutral,english,technical_troubleshooting
TKT-00280,I was charged twice for the same purchase this month. I want the overcharge refunded to my card.,billing,high,neutral,english,refund_duplicate_charge
TKT-00474,There are duplicate charges showing on my card. Order number ORD-241086 seems to be the one affected.,billing,high,negative,english,refund_duplicate_charge
TKT-03890,I can't believe this is happening again. The duplicate charge on my card needs to be reversed immediatly. Please return my payment as soon as possible.,refund,high,negative,english,refund_duplicate_charge
TKT-01929,I'm getting a 'session expired' message immediately after logging in.,account,low,neutral,english,resolve_login_issue
TKT-00433,could you check my recent transactions? there seem to be two identical ones. this is related to order ord-430193.,billing,high,negative,english,refund_duplicate_charge
TKT-04808,The service isn't worth the monthly fee anymore. I already tried to cancel through the website. How soon will the cancellation take effect?,subscription,low,neutral,english,cancel_subscription
TKT-01252,My device won't connect to your service properly. I've spent hours trying to fix this myself.,technical,medium,neutral,english,technical_troubleshooting
TKT-03590,The service didn't work as advertised — I want my money back. The return tracking shows it was delivered back to your warehouse. I'm going to dispute the charge with my bank if this isn't resolved.,refund,medium,negative,english,refund_duplicate_charge
TKT-01584,"Hello, thank you in advance for your help. I'm getting a weird error message when I use the application. Is this a known issue? Are you working on a fix?",technical,high,neutral,english,technical_troubleshooting
TKT-00813,Two payments of the same amount showed up on my bank statement today. Kindly process a refund for the duplicate transaction.,billing,high,negative,english,refund_duplicate_charge
TKT-00037,I just checked my statement and there's a double payement. It appeared on my statement dated earlier this week. I would appreciate it if you could refund the extra amount.,billing,urgent,negative,english,refund_duplicate_charge
TKT-01172,The app keeps crashing every time I try to open it. It works fine on my laptop but not on my desktop computer!!,technical,high,neutral,english,technical_troubleshooting
TKT-00575,I see an unauthorized duplicate deduction on my account. The transaction date shows two days ago.,billing,high,negative,english,refund_duplicate_charge
TKT-01689,This is absolutely unacceptable. I can't remember my password and need to regain access. I can provide ID verification if needed. Please help me regain access.,account,medium,negative,english,reset_password
TKT-04069,The product broke WITHIN THE FIRST day — I need my money back,refund,high,negative,english,refund_duplicate_charge
TKT-03011,Is there a way to expedite my delivery? My delivery address is correct — I've double checked. Can you check the status of my delivery?,shipping,medium,negative,english,track_order
TKT-03102,This is ridiculous. My order still hasn't arrived and it's been over two weeks. I'm very disappointed with the delivery experience.,shipping,low,negative,english,track_order
TKT-00065,The payment for my last order appears duplicated.,billing,urgent,negative,english,refund_duplicate_charge
TKT-04542,Can I cancel mid-cycle and get a prorated refund? I don't see a cancel option in my account settings!!,subscription,low,neutral,english,cancel_subscription
TKT-04953,Please remove my payment method and cancel the recurring charge. I read the cancellation policy but still have questions. Will I still have access until the end of the current period?,subscription,low,neutral,english,cancel_subscription
TKT-03796,The item doesn't match the description and I want my money returned. Is there anything else you need from me to process this?,refund,medium,negative,english,refund_duplicate_charge
TKT-01898,The RESET LINK I received says it has expired.,account,medium,negative,english,reset_password
TKT-02824,I recieved a delivery confirmation but the package isn't here. Can you check the status of my delivery?,shipping,low,negative,english,track_order
TKT-00742,something went wrong with my payment — the amount was deducted two times. i was expecting only one charge of $49.99. can you resolve this? i shouldn't have been charged twice.,billing,medium,negative,english,refund_duplicate_charge
TKT-03622,I never received my order but I was charged for it. I have the receipt and can provide proof of the duplicate charge.,refund,high,negative,english,refund_duplicate_charge
TKT-03869,The duplicate charge on my card needs to be reversed immediately. I already spoke with someone who said it would be taken care of. How long will it take to get my money back?,refund,urgent,negative,english,refund_duplicate_charge
TKT-02693,The estimated arrival keeps getting pushed back.,shipping,medium,negative,english,track_order
TKT-00612,I think THE SYSTEM CHARGED ME twice when I placed my order. I was expecting only one charge of $79.99. I expect a refund for the duplicate amount...,billing,high,negative,english,refund_duplicate_charge
TKT-00110,I've had it with your service! Something went wrong with my payment — the amount was deducted two times. Reference number: ORD-846348.,billing,urgent,negative,english,refund_duplicate_charge
TKT-02448,I can't sign in from my new phone. I've been a customer since 2023. I'd appreciate a quick resolution.,account,medium,neutral,english,resolve_login_issue
TKT-03962,The product broke within the first day — I need my money back. This has gone on too long — I want my money back now.,refund,high,positive,english,refund_duplicate_charge
TKT-04709,I want to unsubscribe from the premium tier. I don't see a cancel option in my account settings. I need a confirmation email once it's done.,subscription,high,negative,english,cancel_subscription
TKT-00943,the interface glitches and buttons don't respond when i tap them. i'm using version 3.2.1 on iphone. how can i get this working again?,technical,medium,negative,english,technical_troubleshooting
TKT-02515,Where is my order? The estimated delivery date has passed. I've contacted the courier but they redirected me to you.,shipping,medium,negative,english,track_order
TKT-00965,the software freezes whenever i try to save my work. it works fine on my laptop but not on my macbook. please escalate this if necessary.,technical,low,neutral,english,technical_troubleshooting
TKT-03259,This is the third time I'm reaching out about the same issue. Can you tell me where my order is right now? This is a gift and I needed it by a specific date!!,shipping,high,negative,english,track_order
TKT-04755,I want to stop all future charges related to my plan. I need a confirmation email once it's done!!,subscription,low,neutral,english,cancel_subscription
TKT-03780,My order arrived damaged and I need a full reimbursement. It's been 4 days since I requested my money back.,refund,urgent,negative,english,refund_duplicate_charge
TKT-01723,The password reset email never arrives in my inbox,account,high,neutral,english,reset_password
TKT-03607,I've been waiting over a month for the money to come back to my account. Is there anything else you need from me to process this?,refund,medium,negative,english,refund_duplicate_charge
TKT-01071,The notification system seems completely broken on my end. I attached a screenshot but can't include it here. Please escalate this if necessary.,technical,medium,negative,english,technical_troubleshooting
TKT-01843,The password reset email never arrives in my inbox. My registered email is j***@email.com. I can't acess any of my saved data without logging in.,account,medium,neutral,english,reset_password
TKT-00131,I see an unauthorized duplicate deduction on my account. I noticed this when I checked my statement on last week.,billing,high,neutral,english,refund_duplicate_charge
TKT-03470,I've been waiting over a month for the money to come back to my account. The amount I need returned is $59.99.,refund,high,negative,english,refund_duplicate_charge
TKT-01790,Two-factor authentication ISN'T SENDING ME THE verification code. I need this sorted out as soon as possible.,account,high,negative,english,resolve_login_issue
TKT-00790,i just checked my statement and there's a double payment. i noticed this when i checked my statement on on the 15th.,billing,urgent,negative,english,refund_duplicate_charge
TKT-00888,The application is not responding after the latest update.,technical,medium,negative,english,technical_troubleshooting
TKT-01728,Two-factor authentication isn't sending me the verification code.,account,high,negative,english,resolve_login_issue
TKT-04109,"I returned my order two weeks ago but still havent gotten my money back. I want a full reimbursement, not store credit.",refund,medium,positive,english,refund_duplicate_charge
TKT-02302,"Hi, I hope this message finds you well. I havent been able to access my account since last week.",account,urgent,neutral,english,resolve_login_issue
TKT-02691,I'm worried my package got lost in transit. I selected express delivery.,shipping,high,negative,english,track_order
TKT-02640,My package seems to be stuck in transit. I need to know when I'll receive my order.,shipping,high,neutral,english,track_order
TKT-03044,I'm worried my package got lost in transit. Please provide an updated delivery estimate.,shipping,medium,neutral,english,track_order
TKT-02493,NOT HAPPY AT ALL. The login page just keeps refreshing without letting me in. This is becoming very frustrating.,account,medium,negative,english,resolve_login_issue
TKT-01600,The notification system seems completely broken on my end. Other users in my household are experiencing the same thing. Is this a known issue? Are you working on a fix?,technical,high,negative,english,technical_troubleshooting
TKT-03598,I've wasted so much time on this already. My return was approved weeks ago but the credit still hasn't appeared. I already spoke with someone who said it would be taken care of. How long will it take to get my money back?,refund,high,negative,english,refund_duplicate_charge
TKT-03803,I returned my order two weeks ago but still haven't gotten my money back. I was charged $79.99 twice.,refund,medium,neutral,english,refund_duplicate_charge
TKT-03905,I was charged twice by mistake — can I get the extra amount returned? I just want my money returned,refund,urgent,negative,english,refund_duplicate_charge
TKT-01683,Two-factor authentication isn't sending me the verification code. Is there another way to verify my identity?,account,low,neutral,english,resolve_login_issue
TKT-04905,I need to downgrade or cancel my current plan. I need a confirmation email once it's done...,subscription,medium,neutral,english,cancel_subscription
TKT-03783,I was charged twice by mistake — can I get the extra amount returned? It's been 11 days since I requested my money back. Is there anything else you need from me to process this?,refund,medium,negative,english,refund_duplicate_charge
TKT-01090,I'm getting a weird error message when I use the application. I've tried restarting my desktop computer but the problem persists.,technical,low,neutral,english,technical_troubleshooting
TKT-02567,I placed an order on yesterday and it still hasn't been delivered. I need to know when I'll receive my order.,shipping,high,positive,english,track_order
TKT-03357,I cancled my order but the charge still went through. I returned the item via UPS on October 1st.,refund,urgent,negative,english,refund_duplicate_charge
TKT-03210,I am extremely frustrated. My neighbor says no delivery attempt was made at my address. I ordered on last Monday.,shipping,low,negative,english,track_order
TKT-02174,I need to change my password but I can't find the option. Can you send me a manual reset link?,account,high,neutral,english,reset_password
TKT-00137,Seriously?? I received two charge notifications for one transaction. This happened on yesterday. This needs to be corrected immediatly.,billing,urgent,negative,english,refund_duplicate_charge
TKT-04241,Please terminate my membership and confirm via email.,subscription,high,negative,english,cancel_subscription
TKT-04610,I want to make sure I won't be charged next month. Thank you for processing this promptly.,subscription,high,neutral,english,cancel_subscription
TKT-02398,I haven't been able to access my account since last week. This is becoming very frustrating!!,account,low,neutral,english,resolve_login_issue
TKT-01390,I'm getting a WEIRD ERROR MESSAGE WHEN I use the application. I've already tried all the basic troubleshooting steps. I'd appreciate any help with this problem.,technical,high,negative,english,technical_troubleshooting
TKT-03568,I've wasted so much time on this already. The item doesn't match the description and I want my money returned.,refund,high,negative,english,refund_duplicate_charge
TKT-01525,The page loads very slowly and sometimes times out completely. This has been going on for 11 days now. Please escalate this if necessary.,technical,high,neutral,english,technical_troubleshooting
TKT-04848,I'm really upset about this. I want to unsubscribe from the premium tier. I'm currently on the Starter plan.,subscription,high,negative,english,cancel_subscription
TKT-02084,I've had it with your service! I've been trying to reset my password for the past hour.,account,high,negative,english,reset_password
TKT-03191,Tracking shows my order is in a completely different city. I ordered on last Monday. Is there any way to speed this up?,shipping,medium,negative,english,track_order
TKT-00793,"Good morning, I'd like some help please. I think the system charged me twice when I placed my order. Please reverse the duplicate charge.",billing,medium,neutral,english,refund_duplicate_charge
TKT-00469,I just checked my statement and there's a double payment. Both transactions show $199.99. Kindly process a refund for the duplicate transaction.,billing,urgent,negative,english,refund_duplicate_charge
TKT-04430,I've WASTED SO MUCH TIME on this already. I want to cancel my monthly plan. I've been a member since 2023.,subscription,medium,negative,english,cancel_subscription
TKT-00518,could you check my recent transactions? there seem to be two identical ones. this happened on two days ago.,billing,high,negative,english,refund_duplicate_charge
TKT-03653,I canceled my order but the charge still went through. I have the receipt and can provide proof of the duplicate charge.,refund,urgent,negative,english,refund_duplicate_charge
TKT-04268,"Hello, I hope you're having a good day. Please terminate my membership and confirm via email. I've been a member since 2023. Can you also delete my stored payement information?",subscription,medium,neutral,english,cancel_subscription
TKT-03120,My order has been 'out for delivery' for three days straight. I'd like to file a complaint about the delivery service.,shipping,urgent,negative,english,track_order
TKT-00184,i am extremely frustrated. two payments of the same amount showed up on my bank statement today. this happened on last monday. i want the overcharge refunded to my card.,billing,urgent,negative,english,refund_duplicate_charge
TKT-03797,"Hi, sorry to bother you but The item doesn't match the description and I want my money returned. The order number is ORD-481726. I just want my money returned.",refund,urgent,neutral,english,refund_duplicate_charge
TKT-02760,I placed an order on three days ago and it still hasn't been delivered. The tracking number is TRK7864996685. I'm very disappointed with the delivery experience.,shipping,low,negative,english,track_order
TKT-01686,Seriously?? My account shows as deactivated but I never deactivated it. I checked my spam folder but nothing is there. This is becoming very frustrating.,account,high,negative,english,resolve_login_issue
TKT-04446,I'd like to end my membership effective immediately.,subscription,medium,negative,english,cancel_subscription
TKT-04802,I tried to cancel online but the button doesn't seem to work. My plan is the Basic tier at $59.99/month. How soon will the cancellation take effect?,subscription,medium,negative,english,cancel_subscription
TKT-03725,I recieved the wrong item and want to return it for a full reimbursement. I already spoke with someone who said it would be taken care of.,refund,urgent,negative,english,refund_duplicate_charge
TKT-00552,"I noticed an extra charge on my credit card statement. I need this resolved quickly, please.",billing,high,neutral,english,refund_duplicate_charge
TKT-01369,i'm getting A WEIRD ERROR MESSAGE WHEN i use the application. this has been going on for 2 days now.,technical,low,negative,english,technical_troubleshooting
TKT-00477,"The payment for my last order appears duplicated. I need this resolved quickly, please.",billing,urgent,negative,english,refund_duplicate_charge
TKT-04573,i'd like to end my membership effective immediately. i read the cancellation policy but still have questions. will i still have access until the end of the current period?,subscription,urgent,neutral,english,cancel_subscription
TKT-02432,"Honestly, this is the worst experience. I requested a password reset but didn't get any email. This is urgent as I need access for work. Please help me regain access...",account,urgent,negative,english,reset_password
TKT-02368,The CAPTCHA on the login page keeps failing even when I solve it correctly. My username is techuser99. This is becoming very frustrating.,account,high,neutral,english,resolve_login_issue
TKT-01375,The download keeps failing at 80 percent every single time. Please escalate this if necessary,technical,high,neutral,english,technical_troubleshooting
TKT-03818,The product broke within the first day — I need my money back. I returned the item via the courier on last Friday,refund,urgent,negative,english,refund_duplicate_charge
TKT-03993,This is the third time I'm reaching out about the same issue. The item doesn't match the description and I want my money returned. The order number is ORD-389323.,refund,medium,negative,english,refund_duplicate_charge
TKT-00284,My credit card was billed double for my recent purchase. Kindly process a refund for the duplicate transaction.,billing,high,negative,english,refund_duplicate_charge
TKT-02533,tracking shows my order is in a completely different city. can you contact the courier on my behalf?,shipping,high,negative,english,track_order
TKT-00717,I just checked my statement and there's a double payment. Reference number: ORD-758245. Please investigate and process a correction.,billing,medium,negative,english,refund_duplicate_charge
TKT-04942,I am so done with this. The service isn't worth the monthly fee anymore. I've been a member since 2023.,subscription,medium,negative,english,cancel_subscription
TKT-00509,This is the third time I'm reaching out about the same issue. The same amount was taken from my card twice. This happened on earlier this week. I would appreciate it if you could refund the extra amount.,billing,high,negative,english,refund_duplicate_charge
TKT-00584,Looks like the payment went through two times,billing,high,neutral,english,refund_duplicate_charge
TKT-04372,"Hi there, I have a question. I've been trying to cancel for days but can't figure out how. My plan is the Premium tier at $29.99/month. I need a confirmation email once it's done.",subscription,medium,neutral,english,cancel_subscription
TKT-04024,"Honestly, this is the worst experience. I was told I would get my payement back but it hasn't appeared on my statement. I want a full reimbursement, not store credit.",refund,high,negative,english,refund_duplicate_charge
TKT-00799,I've been charged an extra amount that I didn't authorize. This is related to order ORD-685208.,billing,high,negative,english,refund_duplicate_charge
TKT-03216,I'm really upset about this. Is there a way to expedite my delivery?,shipping,high,negative,english,track_order
TKT-00080,Looks like the payment went through two times. The amount is $79.99 each time.,billing,urgent,negative,english,refund_duplicate_charge
TKT-04537,i'm switching to a different provider and need to cancel here. will i still have access until the end of the current period?,subscription,medium,negative,english,cancel_subscription
TKT-00883,the software freezes whenever i try to save my work. i need this fixed as soon as possible,technical,medium,negative,english,technical_troubleshooting
TKT-01835,Two-factor authentication isn't sending me the verification code. I've verified my email address already. I can't access any of my saved data without logging in.,account,medium,negative,english,resolve_login_issue
TKT-00200,this is ridiculous. there's a charge i don't recognize that matches my last payment exactly.,billing,high,negative,english,refund_duplicate_charge
TKT-00252,"Honestly, this is the worst experience. I noticed an extra charge on my credit card statement. Could you look into this and issue a refund?",billing,low,negative,english,refund_duplicate_charge
TKT-03005,"I can't believe this is happening again. I haven't received any shipping updates since I placed my order. I selected express delivery. If it's lost, I need a replacement or refund.",shipping,urgent,negative,english,track_order
TKT-01092,the app is super slow and basically unusable right now. it works fine on my laptop but not on my android phone. how can i get this working again?,technical,medium,neutral,english,technical_troubleshooting
TKT-01743,I forgot my password and the reset link isn't working!!,account,medium,neutral,english,reset_password
TKT-03495,I was told I would get my payment back but it hasn't appeared on my statement. Please return my payment as soon as possible.,refund,high,neutral,english,refund_duplicate_charge
TKT-04813,"Hi, I hope this message finds you well. Can you help me cancel before the next payment cycle?",subscription,medium,neutral,english,cancel_subscription
TKT-04597,I want to stop all future charges related to my plan. I've been a member since 2023!!,subscription,high,neutral,english,cancel_subscription
TKT-04218,The service isn't worth the monthly fee anymore. My plan is the Pro tier at $14.99/month.,subscription,medium,neutral,english,cancel_subscription
TKT-01249,I am extremely frustrated. I keep getting kicked out of the app randomly. I've tried using different browsers but same issue...,technical,medium,negative,english,technical_troubleshooting
TKT-04163,The quality of what I received doesn't justify the price. Is there anything else you need from me to process this?,refund,urgent,negative,english,refund_duplicate_charge
TKT-04343,I tried to cancel online but the button doesn't seem to work. My next payment date is yesterday!!,subscription,medium,neutral,english,cancel_subscription
TKT-03524,I accidentally purchased the wrong plan and need my money back. The order number is ORD-645362. I need the amount credited to my original payment method.,refund,urgent,negative,english,refund_duplicate_charge
TKT-03693,i received the wrong item and want to return it for a full reimbursement.,refund,high,negative,english,refund_duplicate_charge
TKT-01242,I can't believe this is happening again. I'm experiencing constant buffering and lag on your platform. I rely on this app daily and can't afford downtime.,technical,high,negative,english,technical_troubleshooting
TKT-02660,"hello, thank you in advance for your help. my neighbor says no delivery attempt was made at my address. i selected express delivery. i'm very disappointed with the delivery experience...",shipping,medium,neutral,english,track_order
TKT-03592,NOT HAPPY AT ALL. I was told I would get my payment back but it hasn't appeared on my statement. I have the receipt and can provide proof of the duplicate charge.,refund,medium,negative,english,refund_duplicate_charge
TKT-04565,Please cancel my auto-renewal — I don't want to be charged again. My next payment date is October 1st. How soon will the cancellation take effect?,subscription,urgent,neutral,english,cancel_subscription
TKT-01235,I'm experiencing constant BUFFERING AND lag on your platform. I'm using version 3.2.1 on Android phone. How can I get this working again?,technical,urgent,negative,english,technical_troubleshooting
TKT-04700,Can you help me cancel before the next payement cycle? My plan is the Premium tier at $49.99/month.,subscription,medium,positive,english,cancel_subscription
TKT-04920,I signed up by mistake and need to cancel right away. I don't see a cancel option in my account settings. Will I still have access until the end of the current period?,subscription,medium,negative,english,cancel_subscription
TKT-01174,The download keeps failing at 80 percent every single time. I've spent hours trying to fix this myself!!,technical,medium,negative,english,technical_troubleshooting
TKT-03497,My order arrived damaged and I need a full reimbursement.,refund,medium,negative,english,refund_duplicate_charge
TKT-02313,My temporary password stopped working before I could set a new one. I've already tried from multiple devices. I can't access any of my saved data without logging in.,account,low,negative,english,reset_password
TKT-04867,I am extremely frustrated. I'd like to end my membership effective immediately. I don't see a cancel option in my account settings. Can you also delete my stored payment information?,subscription,medium,negative,english,cancel_subscription
TKT-02419,"Good morning, I'd like some help please. I'm getting a 'session expired' message immediatly after logging in. What steps do I need to take to fix this?",account,high,neutral,english,resolve_login_issue
TKT-04936,Seriously?? I don't want to renew my annual plan.,subscription,medium,negative,english,cancel_subscription
TKT-04220,I don't want to renew my annual plan. Thank you for processing this promptly.,subscription,urgent,neutral,english,cancel_subscription
TKT-03484,"The product I received is defective and I want my money back. I returned the item via the courier on October 1st. I want a full reimbursement, not store credit.",refund,high,negative,english,refund_duplicate_charge
TKT-03625,The PRODUCT I recieved is defective and I want my money back.,refund,urgent,negative,english,refund_duplicate_charge
TKT-03685,i'm really upset about this. i received the wrong item and want to return it for a full reimbursement. please confirm when the reversal has been issued.,refund,high,negative,english,refund_duplicate_charge
TKT-04737,I'd like to end my membership effective immediately. I've been a member since 2024. Make sure no further charges are applied.,subscription,low,negative,english,cancel_subscription
TKT-00416,I'm seeing a repeated charge that shouldn't be there. The transaction date shows last week,billing,high,negative,english,refund_duplicate_charge
TKT-00059,I'm really upset about this. I just checked my statement and there's a double payment. The duplicate amount is $24.99. Please reverse the duplicate charge.,billing,high,negative,english,refund_duplicate_charge
TKT-03053,I'm really upset about this. The courier says they delivered it but I never received anything. Can you contact the courier on my behalf?,shipping,medium,negative,english,track_order
TKT-01021,My device won't connect to your service properly. The error code I'm seeing is ERR-6339. This is really affecting my work.,technical,low,negative,english,technical_troubleshooting
TKT-02988,This is ridiculous. Where is my order? The estimated delivery date has passed. I ordered on last week. Can you check the status of my delivery?,shipping,medium,negative,english,track_order
TKT-03300,I RECEIVED A delivery confirmation but the package isn't here. This is a gift and I needed it by a specific date.,shipping,medium,negative,english,track_order
TKT-00585,Looks like the payment went through two times. Reference number: ORD-583861. Can you resolve this? I shouldn't have been charged twice.,billing,high,negative,english,refund_duplicate_charge
TKT-04924,"Good afternoon, I was wondering if you could assist me. I want to unsubscribe from the premium tier. Will I still have acess until the end of the current period?",subscription,medium,neutral,english,cancel_subscription
TKT-02596,I need to track my package but the tracking number doesn't work. I'm very disappointed with the delivery experience.,shipping,medium,neutral,english,track_order
TKT-01359,The download keeps failing at 80 percent every single time. It works fine on my laptop but not on my Windows laptop. I'd appreciate any help with this problem.,technical,medium,negative,english,technical_troubleshooting
TKT-00307,I received two charge notifications for one transaction.,billing,urgent,negative,english,refund_duplicate_charge
TKT-04715,i tried to cancel online but the button doesn't seem to work.,subscription,low,neutral,english,cancel_subscription
TKT-02809,Is there a way to expedite my delivery? I selected express delivery. Please provide an updated delivery estimate.,shipping,medium,negative,english,track_order
TKT-00968,"Hi, sorry to bother you but I keep getting a connection error when I try to use the app. Please escalate this if necessary.",technical,high,positive,english,technical_troubleshooting
TKT-03648,I WAS OVERCHARGED AND NEED the difference returned to my card. It's been 5 days since I requested my money back. I just want my money returned.,refund,high,negative,english,refund_duplicate_charge
TKT-03520,I canceled my order but the charge still went through. The order number is ORD-968049. Is there anything else you need from me to process this?,refund,high,negative,english,refund_duplicate_charge
TKT-02363,I enter my email and password but nothing happens. My username is jsmith42. What steps do I need to take to fix this?,account,medium,negative,english,resolve_login_issue
TKT-04031,I paid twice by mistake and need one payment returned. I have the receipt and can provide proof of the duplicate charge.,refund,urgent,negative,english,refund_duplicate_charge
TKT-02207,How do I change my password? The current one doesnt work. I need this sorted out as soon as possible.,account,medium,neutral,english,reset_password
TKT-03880,"My order ARRIVED DAMAGED AND I NEED a full reimbursement. The return tracking shows it was delivered back to your warehouse. I want a full reimbursement, not store credit.",refund,urgent,negative,english,refund_duplicate_charge
TKT-02255,Can someone manually reset my password? The automated system isn't working for me. I can provide ID verification if needed!!,account,high,negative,english,reset_password
TKT-00959,The interface glitches and buttons don't respond when I tap them.,technical,medium,neutral,english,technical_troubleshooting
TKT-03071,Can you tell me where my order is right now? My delivery address is correct — I've double checked. Can you check the status of my delivery?,shipping,medium,negative,english,track_order
TKT-02028,I can't sign in from my new phone. Please help me regain access.,account,medium,neutral,english,resolve_login_issue
TKT-00335,I think the system charged me twice when I placed my order. Reference number: ORD-935626.,billing,high,negative,english,refund_duplicate_charge
TKT-03073,My order still hasn't arrived and it's been over two weeks. I need to know when I'll receive my order.,shipping,high,negative,english,track_order
TKT-02496,Two-factor authentication isn't sending me the verification code. I've already tried from multiple devices.,account,medium,negative,english,resolve_login_issue
TKT-02673,My neighbor says no delivery attempt was made at my adress. I'd like to file a complaint about the delivery service.,shipping,medium,negative,english,track_order
TKT-02763,i want to know why my package is taking so long. i ordered on two days ago. this delay is really inconvenient,shipping,medium,negative,english,track_order
TKT-01342,I can't get the app to work on my phone since yesterday. It works fine on my laptop but not on my MacBook. I've spent hours trying to fix this myself.,technical,high,negative,english,technical_troubleshooting
TKT-03254,I paid for express delivery but it's been 2 days already. I ordered on last Friday. I need to know when I'll receive my order!!,shipping,medium,neutral,english,track_order
TKT-01667,i've had it with your service! the app keeps crashing every time i try to open it. i'd appreciate any help with this problem.,technical,high,negative,english,technical_troubleshooting
TKT-03371,The duplicate charge on my card needs to be reversed immediately. I already spoke with someone who said it would be taken care of.,refund,high,negative,english,refund_duplicate_charge
TKT-03801,I was told I would get my payment back but it hasn't appeared on my statement. I have the receipt and can provide proof of the duplicate charge. I just want my money returned.,refund,medium,negative,english,refund_duplicate_charge
TKT-02225,I've wasted so much time on this already. I haven't been able to access my account since last week. I can provide ID verification if needed.,account,high,negative,english,resolve_login_issue
TKT-01415,The software freezes whenever I try to save my work. This started happening after the last update.,technical,medium,negative,english,technical_troubleshooting
TKT-00297,the payment for my last order appears duplicated. please fix this and credit my account.,billing,high,neutral,english,refund_duplicate_charge
TKT-01783,seriously?? can someone manually reset my password? the automated system isn't working for me. my username is david.lee.,account,medium,negative,english,reset_password
TKT-01877,The reset link I received says it has expired. This is becoming very frustrating.,account,high,neutral,english,reset_password
TKT-01286,Something is broken in the app — features that used to work don't anymore. My internet connection is fine — other apps work normally. I need this fixed as soon as possible.,technical,high,neutral,english,technical_troubleshooting
TKT-02306,The login page just keeps refreshing without letting me in. Can you send me a manual reset link?,account,high,neutral,english,resolve_login_issue
TKT-04117,I can't believe this is happening again. I canceled my order but the charge still went through.,refund,urgent,negative,english,refund_duplicate_charge
TKT-00444,Two payments of the same amount showed up on my bank statement today. The duplicate amount is $49.99. Kindly process a refund for the duplicate transaction.,billing,high,negative,english,refund_duplicate_charge
TKT-01900,I've wasted so much time on this already. My temporary password stopped working before I could set a new one,account,high,negative,english,reset_password
TKT-02149,I'm locked OUT OF MY ACCOUNT AFTER too many failed attempts. Please help me regain access.,account,medium,negative,english,resolve_login_issue
TKT-01397,"Hello, I hope you're having a good day. My device won't connect to your service properly. Can someone please help me resolve this?",technical,medium,neutral,english,technical_troubleshooting
TKT-02268,"Good afternoon, I was wondering if you could assist me. I've been trying to reset my password for the past hour. This is becoming very frustrating.",account,urgent,neutral,english,reset_password
TKT-02658,I'm really upset about this. Is there a way to expedite my delivery? This delay is really inconvenient.,shipping,medium,negative,english,track_order
TKT-02095,"Hi there, I have a question. I'm locked out because I forgot my password. I've verified my email address already. Please advise on what to do next.",account,medium,neutral,english,reset_password
TKT-00731,I've had it with your service! The same amount was taken from my card twice. Could you look into this and issue a refund?,billing,medium,negative,english,refund_duplicate_charge
TKT-01409,The download keeps failing at 80 percent every single time. I've spent hours trying to fix this myself.,technical,high,negative,english,technical_troubleshooting
TKT-02250,Seriously?? I'm locked out because I forgot my password. This is urgent as I need access for work.,account,urgent,negative,english,reset_password
TKT-03853,I paid twice by mistake and need one payment returned. It's been 9 days since I requested my money back. I need the amount credited to my original payment method.,refund,medium,negative,english,refund_duplicate_charge
TKT-03294,I haven't received any shipping updates since I placed my order. Please provide an updated delivery estimate,shipping,medium,neutral,english,track_order
TKT-02838,My order has been 'out for delivery' for three days straight.,shipping,medium,negative,english,track_order
TKT-02929,The delivery was supposed to arrive by last Monday. I chose standard delivery.,shipping,low,negative,english,track_order
TKT-01994,I've wasted so much time on this already. The reset link I received says it has expired. I need this sorted out as soon as possible.,account,high,negative,english,reset_password
TKT-03086,The tracking information hasn't been updated in five days. I selected express delivery.,shipping,low,neutral,english,track_order
TKT-00520,"My card was debited twice for a single order. I need this resolved quickly, please.",billing,high,negative,english,refund_duplicate_charge
TKT-01774,I can't log into my account even though I'm using the correct credentials. I've already tried from multiple devices. I need this sorted out as soon as possible.,account,urgent,negative,english,resolve_login_issue
TKT-02219,"greetings, i'm writing to inquire about something. i get an error saying my account doesn't exist, but i've had it for years. this is urgent as i need access for work. what steps do i need to take to fix this?",account,high,neutral,english,resolve_login_issue
TKT-01813,I'm getting a 'session expired' message immediately after logging in. I've been a customer since 2023.,account,medium,negative,english,resolve_login_issue
TKT-00961,My data isn't syncing across devices anymore. I've already cleared the cache and reinstalled the app.,technical,medium,negative,english,technical_troubleshooting
TKT-03868,I'm not satisfied with my purchase and would like to return it. The return tracking shows it was delivered back to your warehouse.,refund,medium,negative,english,refund_duplicate_charge
TKT-04638,Please terminate my membership and confirm via email. Make sure no further charges are applied.,subscription,high,neutral,english,cancel_subscription
TKT-04978,"Hi there, I have a question. I want to make sure I won't be charged next month. Thank you for processing this promptly Best wishes.",subscription,medium,positive,english,cancel_subscription
TKT-02118,I've been trying to reset my password for the past hour. Can you send me a manual reset link?,account,high,neutral,english,reset_password
TKT-01515,I'm experiencing constant buffering and lag on your platform. It works fine on my laptop but not on my iPad,technical,high,neutral,english,technical_troubleshooting
TKT-00882,I keep getting a connection error when I try to use the app.,technical,medium,neutral,english,technical_troubleshooting
TKT-04144,I paid twice by mistake and need one payment returned. The return tracking shows it was delivered back to your warehouse. Please confirm when the reversal has been issued.,refund,high,negative,english,refund_duplicate_charge
TKT-04656,I want to stop all future charges related to my plan. Thank you for processing this promptly.,subscription,high,neutral,english,cancel_subscription
TKT-02704,My order still hasn't arrived and it's been over two weeks. I chose standard delivery. Can you check the status of my delivery?,shipping,medium,neutral,english,track_order
TKT-02312,I need to change my password but I can't find the option,account,medium,negative,english,reset_password
TKT-00213,could you check my recent transactions? there seem to be two identical ones. i noticed this when i checked my statement on yesterday. i want the overcharge refunded to my card...,billing,high,negative,english,refund_duplicate_charge
TKT-01254,I'm getting a weird error message when I use the application. This is really affecting my work.,technical,high,negative,english,technical_troubleshooting
TKT-03857,I returned my order two weeks ago but still haven't gotten my money back. The return tracking shows it was delivered back to your warehouse,refund,high,negative,english,refund_duplicate_charge
TKT-03884,I can't believe this is happening again. The service didn't work as advertised — I want my money back. The amount I need returned is $149.99. Is there anything else you need from me to process this?,refund,urgent,negative,english,refund_duplicate_charge
TKT-01348,I can't get the app to work on my phone since yesterday. This started happening after the last update. I'm losing patience with this recurring issue.,technical,medium,negative,english,technical_troubleshooting
TKT-00112,"Hi, I hope this message finds you well. Something went wrong with my payement — the amount was deducted two times. It appeared on my statement dated earlier this week.",billing,medium,positive,english,refund_duplicate_charge
TKT-04772,"Good morning, I'd like some help please. I signed up by mistake and need to cancel right away.",subscription,low,positive,english,cancel_subscription
TKT-00502,I see an UNAUTHORIZED DUPLICATE DEDUCTION ON MY account. Order number ORD-954518 seems to be the one affected.,billing,high,negative,english,refund_duplicate_charge
TKT-00599,I was charged twice for the same purchase this month. The transaction date shows last Friday. I expect a refund for the duplicate amount.,billing,urgent,negative,english,refund_duplicate_charge
TKT-02998,The courier says they delivered it but I never recieved anything. My delivery address is correct — I've double checked. I need someone to investigate what happened to my package.,shipping,medium,neutral,english,track_order
TKT-04991,I'd like to end my membership effective immediately. I'm currently on the Enterprise plan. Will I still have access until the end of the current period?,subscription,medium,neutral,english,cancel_subscription
TKT-01524,I'm really upset about this. I'm experiencing constant buffering and lag on your platform. Can you provide a timeline for when this will be resolved?,technical,low,negative,english,technical_troubleshooting
TKT-04482,i NEED TO DOWNGRADE OR cancel my current plan.,subscription,medium,negative,english,cancel_subscription
TKT-01731,the reset link i received says it has expired. my registered email is a***@gmail.com. is there another way to verify my identity?,account,medium,neutral,english,reset_password
TKT-02598,Can you tell me where my order is right now? My order number is ORD-359264. I'd like to file a complaint about the delivery service.,shipping,medium,neutral,english,track_order
TKT-03260,"Hello, thank you in advance for your help. My neighbor says no delivery attempt was made at my adress. My delivery address is correct — I've double checked.",shipping,low,neutral,english,track_order
TKT-02035,single sign-on with google isn't working for my account anymore. please help me regain access.,account,high,negative,english,resolve_login_issue
TKT-03500,I accidentally purchased the wrong plan and need my money back. The amount I need returned is $199.99. This has gone on too long — I want my money back now.,refund,high,negative,english,refund_duplicate_charge
TKT-00671,"Good afternoon, I was wondering if you could assist me. The same amount was taken from my card twice. Reference number: ORD-477627. Would you be able to reverse the second charge?",billing,high,neutral,english,refund_duplicate_charge
TKT-00204,NOT HAPPY AT ALL. I received two charge notifications for one transaction. The amount is $9.99 each time.,billing,high,negative,english,refund_duplicate_charge
TKT-03277,I recieved a delivery confirmation but the package isn't here. Is there any way to speed this up?,shipping,medium,neutral,english,track_order
TKT-01097,This is the third time I'm reaching out about the same issue. The application is not responding after the latest update. It works fine on my laptop but not on my iPhone. This is really affecting my work,technical,medium,negative,english,technical_troubleshooting
TKT-03240,"my order still hasn't arrived and it's been over two weeks. if it's lost, i need a replacement or refund.",shipping,low,negative,english,track_order
TKT-00440,"Hi, I hope this message finds you well. I just checked my statement and there's a double payment. I need the extra payment reversed as soon as possible.",billing,medium,neutral,english,refund_duplicate_charge
TKT-04659,I want to cancel my monthly plan. How soon will the cancellation take effect?,subscription,medium,neutral,english,cancel_subscription
TKT-01366,I am extremely frustrated. My device won't connect to your service properly.,technical,high,negative,english,technical_troubleshooting
TKT-03153,"i placed an order on yesterday and it still hasn't been delivered. i selected express delivery. if it's lost, i need a replacement or refund.",shipping,urgent,neutral,english,track_order
TKT-00711,"Honestly, this is the worst experience. There's a charge I don't recognize that matches my last payment exactly. Reference number: ORD-254925.",billing,urgent,negative,english,refund_duplicate_charge
TKT-01417,The system KEEPS SHOWING ERROR CODE 503 when I try to access my data. I've already tried all the basic troubleshooting steps. Is there a workaround I can try in the meantime?,technical,medium,negative,english,technical_troubleshooting
TKT-02663,The estimated arrival keeps getting pushed back. I ordered on last Monday. I'd like to file a complaint about the delivery service.,shipping,medium,negative,english,track_order
TKT-00013,I think the system charged me twice when I placed my order. The transaction date shows last week. Please investigate and process a correction.,billing,high,negative,english,refund_duplicate_charge
TKT-01557,"Hi there, I have a question. I can't get the app to work on my phone since yesterday. I attached a screenshot but can't include it here. Please escalate this if necessary...",technical,high,neutral,english,technical_troubleshooting
TKT-03551,I canceled my order but the charge still went through. Please confirm when the reversal has been issued.,refund,high,negative,english,refund_duplicate_charge
TKT-00971,I've had it with your service! Something is broken in the app — features that used to work don't anymore. How can I get this working again?,technical,urgent,negative,english,technical_troubleshooting
TKT-01312,I keep getting kicked out of the app randomly. Is this a known issue? Are you working on a fix?,technical,urgent,negative,english,technical_troubleshooting
TKT-02239,Seriously?? The CAPTCHA on the login page keeps failing even when I solve it correctly. My username is user12345. Can you send me a manual reset link?,account,medium,negative,english,resolve_login_issue
TKT-04487,This is ridiculous. I signed up by mistake and need to cancel right away. I don't see a cancel option in my account settings. I don't want any retention offers — just cancel please.,subscription,low,negative,english,cancel_subscription
TKT-02308,I enter my email and password but nothing happens.,account,medium,neutral,english,resolve_login_issue
TKT-04760,please remove my payement method and cancel the recurring charge. thank you for processing this promptly.,subscription,urgent,negative,english,cancel_subscription
TKT-03088,The delivery was supposed to arrive by on the 15th. I'm very disappointed with the delivery experiance.,shipping,medium,neutral,english,track_order
TKT-02120,"Every time I try to sign in, it says 'invalid credentials'. What steps do I need to take to fix this?",account,urgent,positive,english,resolve_login_issue
TKT-02864,Is there a way to expedite my delivery? I chose standard delivery. This delay is really inconvenient.,shipping,medium,negative,english,track_order
TKT-04577,i've been trying to cancel for days but can't figure out how. my next payment date is last friday. please confirm the cancellation in writing.,subscription,low,neutral,english,cancel_subscription
TKT-04668,Can I cancel mid-cycle and get a prorated refund? I've been a member since 2021. Thank you for processing this promptly.,subscription,high,negative,english,cancel_subscription
TKT-04277,"Good morning, I'd like some help please. I don't want to renew my annual plan. Please confirm the cancellation in writing.",subscription,medium,neutral,english,cancel_subscription
TKT-02978,I paid for express delivery but it's been 4 days already. I need someone to investigate what happened to my package!!,shipping,high,neutral,english,track_order
TKT-04039,"Honestly, this is the worst experience. My return was approved weeks ago but the credit still hasn't appeared. I returned the item via FedEx on last Monday.",refund,high,negative,english,refund_duplicate_charge
TKT-03977,"I returned my order two weeks ago but still haven't gotten my money back. It's been 7 days since I requested my money back. I want a full reimbursement, not store credit.",refund,medium,negative,english,refund_duplicate_charge
TKT-02856,I've had it with your service! The estimated arrival keeps getting pushed back.,shipping,high,negative,english,track_order
TKT-03384,The service didn't work as advertised — I want my money back. This has gone on too long — I want my money back now!!,refund,urgent,negative,english,refund_duplicate_charge
TKT-03448,The quality of what I received doesn't justify the price. Please confirm when the reversal has been issued.,refund,medium,negative,english,refund_duplicate_charge
TKT-04569,"Greetings, I'm writing to inquire about something. I tried to cancel online but the button doesn't seem to work. My next payment date is last week.",subscription,high,neutral,english,cancel_subscription
TKT-04639,This is ridiculous. I want to unsubscribe from the premium tier.,subscription,medium,negative,english,cancel_subscription
TKT-04546,I need to downgrade or cancel my current plan...,subscription,high,neutral,english,cancel_subscription
TKT-00804,The same amount was taken from my card twice. I noticed this when I checked my statement on two days ago.,billing,high,neutral,english,refund_duplicate_charge
TKT-04211,Please terminate my membership and confirm via email. Make sure no further charges are applied,subscription,urgent,positive,english,cancel_subscription
TKT-03034,My package seems to be stuck in transit. I ordered on last week.,shipping,low,neutral,english,track_order
TKT-00769,"My bank shows two identical transactions from your company. The transaction date shows last Friday. I need this resolved quickly, please.",billing,high,negative,english,refund_duplicate_charge
TKT-04386,I tried to cancel online but the button doesnt seem to work. My next payment date is September 28th. Make sure no further charges are applied.,subscription,medium,negative,english,cancel_subscription
TKT-04845,I signed up by mistake and need to cancel right away. My plan is the Pro tier at $149.99/month. I need a confirmation email once it's done.,subscription,medium,neutral,english,cancel_subscription
TKT-02064,How do I change my password? The current one doesn't work. Is there another way to verify my identity?,account,high,positive,english,reset_password
TKT-01927,"Dear support team, Every time I try to sign in, it says 'invalid credentials'. Is there another way to verify my identity?",account,medium,neutral,english,resolve_login_issue
TKT-03611,The item doesnt match the description and I want my money returned. Is there anything else you need from me to process this?,refund,high,negative,english,refund_duplicate_charge
TKT-01438,The application is not responding after the latest update. My internet connection is fine — other apps work normally.,technical,high,neutral,english,technical_troubleshooting
TKT-00127,I AM SO done with this. Your system appears to have processed my payment twice. Would you be able to reverse the second charge?,billing,urgent,negative,english,refund_duplicate_charge
TKT-01077,The application is not responding after the latest update. How can I get this working again?,technical,high,negative,english,technical_troubleshooting
TKT-01661,the interface glitches and buttons don't respond when i tap them. other users in my household are experiencing the same thing.,technical,high,negative,english,technical_troubleshooting
TKT-01063,The software freezes whenever I try to save my work. Is this a known issue? Are you working on a fix?,technical,medium,neutral,english,technical_troubleshooting
TKT-01665,"Dear support team, The system keeps showing error code 503 when I try to access my data. Can someone please help me resolve this?",technical,medium,neutral,english,technical_troubleshooting
TKT-04494,Please cancel my auto-renewal — I don't want to be charged again. My next payment date is three days ago. Make sure no further charges are applied.,subscription,low,neutral,english,cancel_subscription
TKT-04599,I don't want to renew my annual plan. I've been a member since 2021. Make sure no further charges are applied.,subscription,medium,neutral,english,cancel_subscription
TKT-01279,The notification system seems completely broken on my end. I've already cleared the cache and reinstalled the app. Can someone please help me resolve this?,technical,high,neutral,english,technical_troubleshooting
TKT-03253,My neighbor says no delivery attempt was made at my address. I'd like to file a complaint about the delivery service.,shipping,low,neutral,english,track_order
TKT-03228,"The estimated arrival keeps getting pushed back. If it's lost, I need a replacement or refund.",shipping,high,negative,english,track_order
TKT-01271,The app keeps crashing every time I try to open it. It works fine on my laptop but not on my Android phone. Can someone please help me resolve this?,technical,medium,negative,english,technical_troubleshooting
TKT-03025,I've wasted so much time on this already. I paid for express delivery but it's been 7 days already. I'd like to file a complaint about the delivery service.,shipping,medium,negative,english,track_order
TKT-01217,My device won't connect to your service properly. I rely on this app daily and can't afford downtime.,technical,low,negative,english,technical_troubleshooting
TKT-04283,please remove my payment method and cancel the recurring charge.,subscription,medium,neutral,english,cancel_subscription
TKT-00828,I can't believe this is happening again. There's a charge I don't recognize that matches my last payement exactly. Both transactions show $24.99. Please investigate and process a correction.,billing,medium,negative,english,refund_duplicate_charge
TKT-02483,I enter my email and password but nothing happens. I've already tried from multiple devices. I can't access any of my saved data without logging in.,account,medium,negative,english,resolve_login_issue
TKT-04759,I want to unsubscribe from the premium tier. How soon will the cancellation take effect?,subscription,medium,negative,english,cancel_subscription
TKT-01791,the login page just keeps refreshing without letting me in. i'd appreciate a quick resolution.,account,high,negative,english,resolve_login_issue
TKT-01951,I'm locked out of my account after too many failed attempts. This is urgent as I need access for work. I'd appreciate a quick resolution.,account,medium,negative,english,resolve_login_issue
TKT-01126,"Hello, thank you in advance for your help. The search function in your app returns no results even though I know there should be matches. I'd apreciate any help with this problem.",technical,urgent,neutral,english,technical_troubleshooting
TKT-01332,I've wasted so much time on this already. My data isn't syncing across devices anymore. The error code I'm seeing is ERR-9802. I rely on this app daily and can't afford downtime.,technical,high,negative,english,technical_troubleshooting
TKT-04400,I'm switching to a different provider and need to cancel here. Thank you for processing this promptly.,subscription,high,neutral,english,cancel_subscription
TKT-01873,The login button is greyed out and I can't click it. Can you send me a manual reset link?,account,medium,neutral,english,resolve_login_issue
TKT-01268,"Hi, sorry to bother you but The application is not responding after the latest update. I'm using version 5.1.0 on Samsung tablet. I'd appreciate any help with this problem.",technical,low,positive,english,technical_troubleshooting
TKT-00752,Two payments of the same amount showed up on my bank statement today. I noticed this when I checked my statement on last week. I'd like to get my money back for the extra charge.,billing,medium,negative,english,refund_duplicate_charge
TKT-00490,Looks like the payment went through two times. I was expecting only one charge of $59.99.,billing,high,neutral,english,refund_duplicate_charge
TKT-00032,This is absolutely unacceptable. My card was debited twice for a single order. The duplicate amount is $24.99.,billing,high,negative,english,refund_duplicate_charge
TKT-00311,there are duplicate charges showing on my card.,billing,high,positive,english,refund_duplicate_charge
TKT-04673,I need to downgrade or cancel my current plan!!,subscription,medium,negative,english,cancel_subscription
TKT-01160,I can't believe this is happening again. The app keeps crashing every time I try to open it. This is really affecting my work.,technical,medium,negative,english,technical_troubleshooting
TKT-00021,"Hi, sorry to bother you but I noticed an extra charge on my credit card statement. Order number ORD-242254 seems to be the one affected. Can you resolve this? I shouldn't have been charged twice.",billing,medium,neutral,english,refund_duplicate_charge
TKT-02103,I've been trying to reset my password for the past hour. I've verified my email address already. This is becoming very frustrating.,account,high,neutral,english,reset_password
TKT-02974,"Good afternoon, I was wondering if you could assist me. My package seems to be stuck in transit. This delay is really inconvenient.",shipping,high,neutral,english,track_order
TKT-00305,I've been charged an extra amount that I didn't authorize.,billing,medium,negative,english,refund_duplicate_charge
TKT-00472,i was charged twice for the same purchase this month. this needs to be corrected immediately.,billing,medium,negative,english,refund_duplicate_charge
TKT-01413,"After the recent update, the app doesn't load properly. The error code I'm seeing is ERR-3819...",technical,medium,neutral,english,technical_troubleshooting
TKT-04799,I'm switching to a different provider and need to cancel here. I don't want any retention offers — just cancel please.,subscription,medium,negative,english,cancel_subscription
TKT-01333,I can't believe this is happening again. I keep getting kicked out of the app randomly. I rely on this app daily and can't afford downtime!!,technical,high,negative,english,technical_troubleshooting
TKT-02101,I've wasted so much time on this already. I requested a password reset but didn't get any email. This is urgent as I need acess for work. I need this sorted out as soon as possible.,account,high,negative,english,reset_password
TKT-00871,The software freezes whenever I try to save my work. This started happening after the last update. Can you provide a timeline for when this will be resolved?,technical,high,negative,english,technical_troubleshooting
TKT-00496,There's a charge I don't recognize that matches my last payment exactly. Reference number: ORD-571614. This needs to be corrected immediately,billing,medium,negative,english,refund_duplicate_charge
TKT-02314,This is the third time I'm reaching out about the same issue. Single sign-on with Google isn't working for my account anymore. My registered email is j***@email.com. What steps do I need to take to fix this?,account,high,negative,english,resolve_login_issue
TKT-02914,"Hi, sorry to bother you but The estimated arrival keeps getting pushed back. This is a gift and I needed it by a specific date. If it's lost, I need a replacement or refund.",shipping,medium,neutral,english,track_order
TKT-03959,I've been waiting over a month for the money to come back to my account. I just want my money returned.,refund,high,negative,english,refund_duplicate_charge
TKT-04185,i don't want to renew my annual plan. make sure no further charges are applied.,subscription,high,neutral,english,cancel_subscription
TKT-04199,I've decided to discontinue my plan. I don't see a cancel option in my account settings.,subscription,low,neutral,english,cancel_subscription
TKT-01926,My password expired and I can't seem to create a new one. I can provide ID verification if needed. Please advise on what to do next.,account,low,neutral,english,reset_password
TKT-02294,i can't believe this is happening again. my account shows as deactivated but i never deactivated it. i need this sorted out as soon as possible.,account,medium,negative,english,resolve_login_issue
TKT-03980,"Honestly, this is the worst experience. The service didn't work as advertised — I want my money back. The return tracking shows it was delivered back to your warehouse.",refund,medium,negative,english,refund_duplicate_charge
TKT-02134,Can someone manually reset my password? The automated system isn't working for me. My registered email is user***@mail.com. Please advise on what to do next.,account,low,negative,english,reset_password
TKT-03501,I was charged twice by mistake — can I get the extra amount returned? This has gone on too long — I want my money back now.,refund,high,negative,english,refund_duplicate_charge
TKT-04531,I no longer need the service and want to cancel. My next payment date is last Monday. I need a confirmation email once it's done.,subscription,low,negative,english,cancel_subscription
TKT-02455,I need to change my password but I can't find the option. I've verified my email address already.,account,urgent,negative,english,reset_password
TKT-02732,Where is my order? The estimated delivery date has passed. I ordered on three days ago. I'm very disappointed with the delivery experience.,shipping,medium,negative,english,track_order
TKT-01297,"After the recent update, the app doesn't load properly. I've already tried all the basic troubleshooting steps. This is really affecting my work.",technical,high,negative,english,technical_troubleshooting
TKT-03882,"The product broke within the first day — I need my money back. I want a full reimbursement, not store credit.",refund,urgent,neutral,english,refund_duplicate_charge
TKT-03008,Where is my order? The estimated delivery date has passed. I'm very disappointed with the delivery experience.,shipping,medium,negative,english,track_order
TKT-02497,I forgot my password and the reset link isn't working. This is urgent as I need access for work. I need this sorted out as soon as possible.,account,high,neutral,english,reset_password
TKT-01753,My password expired and I can't seem to create a new one. What steps do I need to take to fix this?,account,high,neutral,english,reset_password
TKT-00618,I think the system charged me twice when I placed my order. The amount is $49.99 each time. How do I get the extra amount refunded?,billing,urgent,negative,english,refund_duplicate_charge
TKT-04179,I want to cancel my monthly plan.,subscription,medium,negative,english,cancel_subscription
TKT-04767,I've decided to discontinue my plan!!,subscription,medium,neutral,english,cancel_subscription
TKT-00594,I can't BELIEVE THIS is happening again. Your system appears to have processed my payment twice.,billing,high,negative,english,refund_duplicate_charge
TKT-03933,I was charged twice by mistake — can I get the extra amount returned? I already spoke with someone who said it would be taken care of.,refund,high,negative,english,refund_duplicate_charge
TKT-00889,The download keeps failing at 80 percent every single time!!,technical,low,negative,english,technical_troubleshooting
TKT-02417,I can't log into my account even though I'm using the correct credentials. My registered email is user***@mail.com. I'd appreciate a quick resolution.,account,medium,negative,english,resolve_login_issue
TKT-01008,I'm experiencing constant buffering and lag on your platform. This started happening after the last update. Can you provide a timeline for when this will be resolved?,technical,high,negative,english,technical_troubleshooting
TKT-02194,"Every time I try to sign in, it says 'invalid credentials'. I've already tried from multiple devices. I need this sorted out as soon as possible.",account,high,negative,english,resolve_login_issue
TKT-02451,My account shows as deactivated but I never deactivated it. I've already tried from multiple devices.,account,urgent,negative,english,resolve_login_issue
TKT-00136,I just checked my statement and there's a double payment. The transaction date shows a few days ago. I'd like to get my money back for the extra charge.,billing,high,negative,english,refund_duplicate_charge
TKT-03828,I am extremely frustrated. The duplicate charge on my card needs to be reversed immediatly.,refund,high,negative,english,refund_duplicate_charge
TKT-02211,i am so done with this. i'm locked out because i forgot my password. i can provide id verification if needed.,account,high,negative,english,reset_password
TKT-03161,My order still hasn't arrived and it's been over two weeks. This delay is really inconvenient.,shipping,medium,negative,english,track_order
TKT-01243,The interface glitches and buttons don't respond when I tap them. The error code I'm seeing is ERR-4818. Can you provide a timeline for when this will be resolved?,technical,medium,negative,english,technical_troubleshooting
TKT-04201,i want to cancel my monthly plan. i don't see a cancel option in my account settings. can you also delete my stored payment information?,subscription,low,neutral,english,cancel_subscription
TKT-02232,I can't sign in from my new phone. I can provide ID verification if needed.,account,medium,neutral,english,resolve_login_issue
TKT-03220,I need to track my package but the tracking number doesn't work. I ordered on earlier this week.,shipping,medium,negative,english,track_order
TKT-02260,I need to change my password but I can't find the option. This is urgent as I need access for work. This is becoming very frustrating.,account,high,neutral,english,reset_password
TKT-03968,The quality of what I received doesnt justify the price. I returned the item via FedEx on last week,refund,high,neutral,english,refund_duplicate_charge
TKT-02703,I want to know why my package is taking so long. I chose standard delivery. I'm very disappointed with the delivery experience.,shipping,high,negative,english,track_order
TKT-04002,i received the wrong item and want to return it for a full reimbursement. i returned the item via dhl on october 1st.,refund,high,negative,english,refund_duplicate_charge
TKT-04189,The service isn't worth the monthly fee anymore. I read the cancellation policy but still have questions. How soon will the cancellation take effect?,subscription,medium,neutral,english,cancel_subscription
TKT-02083,I tried resetting my password but I get an error. Is there another way to verify my identity?,account,high,neutral,english,reset_password
TKT-02020,Seriously?? I've been trying to reset my password for the past hour. What steps do I need to take to fix this?,account,medium,negative,english,reset_password
TKT-02545,i've wasted so much time on this already. my package seems to be stuck in transit. my order number is ord-783521. can you contact the courier on my behalf?,shipping,medium,negative,english,track_order
TKT-01682,I can't log into my account even though I'm using the correct credentials. My username is user12345.,account,low,neutral,english,resolve_login_issue
TKT-01707,I've wasted so much time on this already. I keep getting 'invalid token' when I click the reset link.,account,low,negative,english,reset_password
TKT-01874,I've been trying to reset my password for the past hour. I've been a customer since 2022. This is becoming very frustrating.,account,urgent,neutral,english,reset_password
TKT-01969,The reset link I received says it has expired. I've already tried from multiple devices. I'd appreciate a quick resolution.,account,urgent,negative,english,reset_password
TKT-00094,THERE'S A CHARGE I don't recognize that matches my last payment exactly. Reference number: ORD-438270. I'd like to get my money back for the extra charge.,billing,high,negative,english,refund_duplicate_charge
TKT-01651,NOT HAPPY AT ALL. The system keeps showing error code 503 when I try to access my data. I've already cleared the cache and reinstalled the app. I need this fixed as soon as possible.,technical,high,negative,english,technical_troubleshooting
TKT-02262,"Hi, I hope this message finds you well. The login page just keeps refreshing without letting me in. I checked my spam folder but nothing is there. Can you send me a manual reset link?",account,high,positive,english,resolve_login_issue
TKT-04289,I want to cancel my monthly plan. I already tried to cancel through the website.,subscription,high,negative,english,cancel_subscription
TKT-00909,I'm experiencing constant buffering and lag on your platform. I've tried restarting my iPad but the problem persists.,technical,low,neutral,english,technical_troubleshooting
TKT-02152,seriously?? i TRIED RESETTING MY PASSWORD BUT i get an error. this is urgent as i need access for work. what steps do i need to take to fix this?,account,low,negative,english,reset_password
TKT-02070,"I've had it with your service! Every time I try to sign in, it says 'invalid credentials'. I've verified my email address already. I need this sorted out as soon as possible.",account,high,negative,english,resolve_login_issue
TKT-00696,This is ridiculous. There are duplicate charges showing on my card. The transaction date shows on the 15th. Please investigate and process a correction.,billing,urgent,negative,english,refund_duplicate_charge
TKT-01194,I'm really upset about this. I'm getting a weird error message when I use the application. I need this fixed as soon as possible.,technical,medium,negative,english,technical_troubleshooting
TKT-03222,"Hello, thank you in advance for your help. My order still hasn't arrived and it's been over two weeks. Can you contact the courier on my behalf?",shipping,low,neutral,english,track_order
TKT-04579,I've decided to discontinue my plan. I've been a member since 2021.,subscription,medium,negative,english,cancel_subscription
TKT-01240,The page loads very slowly and sometimes times out completely. I've tried restarting my desktop computer but the problem persists. Can you provide a timeline for when this will be resolved?,technical,high,neutral,english,technical_troubleshooting
TKT-04623,i've had it with your service! i've decided to discontinue my plan. my plan is the enterprise tier at $9.99/month.,subscription,medium,negative,english,cancel_subscription
TKT-01607,The download keeps failing at 80 percent every single time. My internet connection is fine — other apps work normally.,technical,high,negative,english,technical_troubleshooting
TKT-04088,I've wasted so much time on this already. The product broke within the first day — I need my money back. I already spoke with someone who said it would be taken care of. This has gone on too long — I want my money back now.,refund,high,negative,english,refund_duplicate_charge
TKT-01353,The download keeps failing at 80 percent every single time. This has been going on for 9 days now. This is really affecting my work.,technical,low,negative,english,technical_troubleshooting
TKT-00651,I just checked my statement and there's a double payement.,billing,high,negative,english,refund_duplicate_charge
TKT-04697,I need to downgrade or cancel my current plan. I read the cancellation policy but still have questions.,subscription,urgent,negative,english,cancel_subscription
TKT-01426,"Greetings, I'm writing to inquire about something. The page loads very slowly and sometimes times out completely. I've already cleared the cache and reinstalled the app. How can I get this working again?",technical,medium,neutral,english,technical_troubleshooting
TKT-03719,"Hi, sorry to bother you but I was charged twice and I want my money back for the extra payment. The amount I need returned is $49.99. Please return my payment as soon as possible I really appreciate it.",refund,high,positive,english,refund_duplicate_charge
TKT-01236,"Good afternoon, I was wondering if you could assist me. The notification system seems completely broken on my end. I've tried using different browsers but same issue. Can you provide a timeline for when this will be resolved?",technical,high,neutral,english,technical_troubleshooting
TKT-01631,I've wasted so much time on this already. The app is super slow and basically unusable right now. I've tried restarting my MacBook but the problem persists.,technical,high,negative,english,technical_troubleshooting
TKT-00508,I just checked my statement and there's a double payment. The amount is $19.99 each time. I would appreciate it if you could refund the extra amount.,billing,low,neutral,english,refund_duplicate_charge
TKT-00330,This IS ABSOLUTELY UNACCEPTABLE. There's a charge I don't recognize that matches my last payment exactly. This is related to order ORD-189263.,billing,high,negative,english,refund_duplicate_charge
TKT-03256,"Hi there, I have a question. The delivery was supposed to arrive by September 28th. I need to know when I'll receive my order.",shipping,low,neutral,english,track_order
TKT-01833,Single sign-on with Google isn't working for my account anymore. My registered email is a***@gmail.com.,account,medium,neutral,english,resolve_login_issue
TKT-00591,My bank shows two identical transactions from your company. Kindly process a refund for the duplicate transaction.,billing,high,negative,english,refund_duplicate_charge
TKT-03935,I received the wrong item and want to return it for a full reimbursement. I need the amount credited to my original payment method.,refund,high,neutral,english,refund_duplicate_charge
TKT-01952,I'm really upset about this. The login page just keeps refreshing without letting me in. My username is customer2024. Please advise on what to do next.,account,medium,negative,english,resolve_login_issue
TKT-00881,"hello, thank you in advance for your help. my device won't connect to your service properly. this started happening after the last update. is there a workaround i can try in the meantime?",technical,high,neutral,english,technical_troubleshooting
TKT-00130,Your system appears to have processed my payment twice. I would appreciate it if you could refund the extra amount.,billing,high,neutral,english,refund_duplicate_charge
TKT-01798,I forgot my password and the reset link isn't working. Can you send me a manual reset link?,account,low,negative,english,reset_password
TKT-04063,i was overcharged and need the difference returned to my card. it's been 3 days since i requested my money back. i'm going to dispute the charge with my bank if this isn't resolved.,refund,high,negative,english,refund_duplicate_charge
TKT-03815,I've had it with your service! I canceled my order but the charge still went through. The order number is ORD-178766. Please confirm when the reversal has been issued.,refund,high,negative,english,refund_duplicate_charge
TKT-03264,the estimated arrival keeps getting pushed back. i chose standard delivery.,shipping,medium,neutral,english,track_order
TKT-02519,My neighbor says no delivery attempt was made at my address!!,shipping,medium,negative,english,track_order
TKT-04070,I'm not satisfied with my purchase and would like to return it. I was charged $59.99 twice.,refund,high,negative,english,refund_duplicate_charge
TKT-04040,The product I received is defective and I want my money back. This has gone on too long — I want my money back now.,refund,high,neutral,english,refund_duplicate_charge
TKT-00172,Something went wrong with my payment — the amount was deducted two times. It appeared on my statement dated October 1st. Kindly process a refund for the duplicate transaction.,billing,high,negative,english,refund_duplicate_charge
TKT-02727,The delivery WAS SUPPOSED TO ARRIVE BY on the 15th. I'd like to file a complaint about the delivery service.,shipping,medium,negative,english,track_order
TKT-04727,I want to stop all future charges related to my plan. I don't want any retention offers — just cancel please.,subscription,high,neutral,english,cancel_subscription
TKT-03800,Seriously?? I accidentally purchased the wrong plan and need my money back. I returned the item via UPS on three days ago.,refund,high,negative,english,refund_duplicate_charge
TKT-00935,The notification system seems completely broken on my end. The error code I'm seeing is ERR-3787.,technical,high,negative,english,technical_troubleshooting
TKT-02939,I've wasted so much time on this already. I need to track my package but the tracking number doesn't work. My delivery address is correct — I've double checked. I'm very disappointed with the delivery experience.,shipping,low,negative,english,track_order
TKT-03449,The duplicate charge on my card needs to be reversed immediately. I was charged $29.99 twice.,refund,high,negative,english,refund_duplicate_charge
TKT-04160,I can't believe this is happening again. The service didn't work as advertised — I want my money back. I already spoke with someone who said it would be taken care of. This has gone on too long — I want my money back now.,refund,medium,negative,english,refund_duplicate_charge
TKT-00069,I'm seeing a repeated charge that shouldn't be there,billing,high,negative,english,refund_duplicate_charge
TKT-00299,something went wrong with my payment — the amount was deducted two times. this happened on last friday. i want the overcharge refunded to my card.,billing,urgent,neutral,english,refund_duplicate_charge
TKT-02968,My order still hasn't arrived and it's been over two weeks. I ordered on three days ago. Is there any way to speed this up?,shipping,high,negative,english,track_order
TKT-04466,I've decided to discontinue my plan. Will I still have acess until the end of the current period?,subscription,high,negative,english,cancel_subscription
TKT-00586,I see an unauthorized duplicate deduction on my account. This happened on two days ago. I expect a refund for the duplicate amount.,billing,medium,negative,english,refund_duplicate_charge
TKT-03420,This is absolutely unacceptable. The product I received is defective and I want my money back. I returned the item via UPS on last Monday.,refund,urgent,negative,english,refund_duplicate_charge
TKT-04369,I no longer need the service and want to cancel. How soon will the cancellation take effect?,subscription,low,negative,english,cancel_subscription
TKT-04471,not happy at all. can i cancel mid-cycle and get a prorated refund?,subscription,medium,negative,english,cancel_subscription
TKT-01646,Something is broken in the app — features that used to work don't anymore. The error code I'm seeing is ERR-2117. I'd appreciate any help with this problem!!,technical,high,negative,english,technical_troubleshooting
TKT-03226,The estimated arrival keeps getting pushed back. I selected express delivery. Can you check the status of my delivery?,shipping,high,negative,english,track_order
TKT-01556,I'm getting a weird error message when I use the application. I've already tried all the basic troubleshooting steps.,technical,medium,neutral,english,technical_troubleshooting
TKT-03094,My neighbor says no delivery attempt was made at my address. My order number is ORD-638799.,shipping,low,negative,english,track_order
TKT-03689,I've wasted so much time on this already. The service didn't work as advertised — I want my money back.,refund,urgent,negative,english,refund_duplicate_charge
TKT-00362,The same amount was taken from my card twice. The duplicate amount is $79.99...,billing,high,negative,english,refund_duplicate_charge
TKT-01146,I'm getting a weird error message when I use the application. Can you provide a timeline for when this will be resolved?,technical,high,neutral,english,technical_troubleshooting
TKT-03863,not happy at all. i was charged twice by mistake — can i get the extra amount returned?,refund,medium,negative,english,refund_duplicate_charge
TKT-04966,Please cancel my auto-renewal — I don't want to be charged again. I already tried to cancel through the website. Just want this taken care of.,subscription,high,neutral,english,cancel_subscription
TKT-02924,"Hi, I hope this message finds you well. I need to track my package but the tracking number doesn't work. I need to know when I'll receive my order.",shipping,medium,neutral,english,track_order
TKT-01239,"After the recent update, the app doesn't load properly. It works fine on my laptop but not on my Android phone. I rely on this app daily and can't afford downtime.",technical,high,neutral,english,technical_troubleshooting
TKT-00982,Something is broken in the app — features that used to work don't anymore. I'm using version 2.8.5 on iPad.,technical,high,neutral,english,technical_troubleshooting
TKT-04463,I've had it with your service! Please terminate my membership and confirm via email.,subscription,high,negative,english,cancel_subscription
TKT-01253,I'm getting a weird error message when I use the application.,technical,high,negative,english,technical_troubleshooting
TKT-02557,"Hello, I hope you're having a good day. Where is my order? The estimated delivery date has passed. Can you check the status of my delivery?",shipping,medium,neutral,english,track_order
TKT-01729,"Every time I try to sign in, it says 'invalid credentials'. Is there another way to verify my identity?",account,high,negative,english,resolve_login_issue
TKT-03944,This is ridiculous. I paid twice by mistake and need one payment returned.,refund,high,negative,english,refund_duplicate_charge
TKT-02581,My neighbor says no delivery attempt was made at my address. I need to know when I'll receive my order.,shipping,medium,neutral,english,track_order
TKT-00588,Could you check my recent transactions? There seem to be two identical ones. The amount is $49.99 each time. Can you resolve this? I shouldn't have been charged twice.,billing,high,neutral,english,refund_duplicate_charge
TKT-02235,The password reset email never arrives in my inbox.,account,high,neutral,english,reset_password
TKT-01487,"Honestly, this is the worst experience. The application is not responding after the latest update. I've tried restarting my Windows laptop but the problem persists.",technical,medium,negative,english,technical_troubleshooting
TKT-03723,I've wasted so much time on this already. I accidentally purchased the wrong plan and need my money back. I need the amount credited to my original payment method.,refund,high,negative,english,refund_duplicate_charge
TKT-03437,i've been waiting over a month for the money to come back to my account. is there anything else you need from me to process this?,refund,high,neutral,english,refund_duplicate_charge
TKT-01853,My account seems to be suspended but I don't know why. I checked my spam folder but nothing is there. I need this sorted out as soon as possible.,account,medium,neutral,english,resolve_login_issue
TKT-02810,My package seems to be stuck in transit. Can you contact the courier on my behalf?,shipping,high,neutral,english,track_order
TKT-02156,"Hello, thank you in advance for your help. I can't log into my account even though I'm using the correct credentials. I can provide ID verification if needed. Is there another way to verify my identity?",account,medium,neutral,english,resolve_login_issue
TKT-01425,The application is not responding after the latest update. I'd appreciate any help with this problem.,technical,high,negative,english,technical_troubleshooting
TKT-01460,The app keeps crashing every time I try to open it. The error code I'm seeing is ERR-3564.,technical,urgent,neutral,english,technical_troubleshooting
TKT-04362,I'm switching to a different provider and need to cancel here. I already tried to cancel through the website. Will I still have acess until the end of the current period?,subscription,medium,neutral,english,cancel_subscription
TKT-04426,This is ridiculous. I've decided to discontinue my plan. I read the cancellation policy but still have questions.,subscription,high,negative,english,cancel_subscription
TKT-00321,My credit card was billed double for my recent purchase. Both transactions show $149.99. I'd like to get my money back for the extra charge.,billing,low,negative,english,refund_duplicate_charge
TKT-04413,"Hi, sorry to bother you but Can I cancel mid-cycle and get a prorated refund? My next payment date is last week.",subscription,medium,neutral,english,cancel_subscription
TKT-02504,I am extremely frustrated. My package seems to be stuck in transit. This is a gift and I needed it by a specific date. I need to know when I'll receive my order.,shipping,medium,negative,english,track_order
TKT-04707,Please cancel my auto-renewal — I don't want to be charged again. Thank you for processing this promptly.,subscription,high,neutral,english,cancel_subscription
TKT-02421,This is the third time I'm reaching out about the same issue. Can someone manually reset my password? The automated system isn't working for me. This is urgent as I need access for work.,account,high,negative,english,reset_password
TKT-04425,The service isn't worth the monthly fee anymore. I already tried to cancel through the website. Will I still have access until the end of the current period?,subscription,high,neutral,english,cancel_subscription
TKT-01523,I am so done with this. Your website keeps displaying a blank screen on my browser. It works fine on my laptop but not on my iPad. Can you provide a timeline for when this will be resolved?,technical,low,negative,english,technical_troubleshooting
TKT-02564,My parcel has been sitting at the distribution center for a week. This is a gift and I needed it by a specific date. This delay is really inconvenient.,shipping,medium,neutral,english,track_order
TKT-04530,"Hi, sorry to bother you but The service isn't worth the monthly fee anymore. I don't see a cancel option in my account settings. Thank you for processing this promptly Regards.",subscription,medium,positive,english,cancel_subscription
TKT-02940,"Good morning, I'd like some help please. My neighbor says no delivery attempt was made at my address. Can you contact the courier on my behalf?",shipping,medium,neutral,english,track_order
TKT-03036,can you tell me where my order is right now? the tracking number is trk3854783511.,shipping,low,neutral,english,track_order
TKT-02197,Single sign-on with Google isn't working for my account anymore. I checked my spam folder but nothing is there. Can you send me a manual reset link?,account,low,negative,english,resolve_login_issue
TKT-03963,I canceled my order but the charge still went through. This has gone on too long — I want my money back now.,refund,urgent,negative,english,refund_duplicate_charge
TKT-04188,How do I stop my recurring payement? I don't see a cancel option in my account settings. Just want this taken care of...,subscription,medium,negative,english,cancel_subscription
TKT-01099,The page loads very slowly and sometimes times out completely. I've spent hours trying to fix this myself.,technical,high,negative,english,technical_troubleshooting
TKT-01422,This is ridiculous. I keep getting a connection error when I try to use the app. Other users in my household are experiencing the same thing. Can someone please help me resolve this?,technical,high,negative,english,technical_troubleshooting
TKT-02331,"Good afternoon, I was wondering if you could assist me. Every time I try to sign in, it says 'invalid credentials'.",account,high,neutral,english,resolve_login_issue
TKT-03502,I've been waiting over a month for the money to come back to my account. I was charged $149.99 twice.,refund,high,negative,english,refund_duplicate_charge
TKT-01702,I haven't been able to update my password through your website. What steps do I need to take to fix this?,account,medium,negative,english,reset_password
TKT-03595,the product broke within the first day — i need my money back.,refund,high,neutral,english,refund_duplicate_charge
TKT-02527,Seriously?? The courier says they delivered it but I never received anything.,shipping,low,negative,english,track_order
TKT-04616,"Hello, I hope you're having a good day. I'm switching to a different provider and need to cancel here. I already tried to cancel through the website. Please confirm the cancellation in writing.",subscription,high,neutral,english,cancel_subscription
TKT-04036,"Hello, I hope you're having a good day. The product I received is defective and I want my money back. The amount I need returned is $49.99.",refund,urgent,positive,english,refund_duplicate_charge
TKT-01817,Single sign-on with Google isn't working for my account anymore. I need this sorted out as soon as possible.,account,high,neutral,english,resolve_login_issue
TKT-00096,The same amount was taken from my card twice. This is related to order ORD-698388. I want the overcharge refunded to my card.,billing,high,negative,english,refund_duplicate_charge
TKT-02408,The reset link I RECEIVED SAYS IT has expired. This is becoming very frustrating.,account,low,negative,english,reset_password
TKT-01316,The search function in your app returns no results even though I know there should be matches. The error code I'm seeing is ERR-2099. Can someone please help me resolve this?,technical,urgent,positive,english,technical_troubleshooting
TKT-02139,"Good morning, I'd like some help please. I tried resetting my password but I get an error. I've been a customer since 2023.",account,medium,neutral,english,reset_password
TKT-02597,Is there a way to expedite my delivery? Can you check the status of my delivery?,shipping,medium,positive,english,track_order
TKT-00619,i'm seeing a repeated charge that shouldn't be there. the amount is $49.99 each time. i would appreciate it if you could refund the extra amount.,billing,urgent,negative,english,refund_duplicate_charge
TKT-00721,i am so done with this. i've been charged an extra amount that i didn't authorize.,billing,high,negative,english,refund_duplicate_charge
TKT-04613,Can you help me cancel before the next payment cycle? Make sure no further charges are applied!!,subscription,low,negative,english,cancel_subscription
TKT-04113,I was told I would get my payment back but it hasn't appeared on my statement...,refund,high,negative,english,refund_duplicate_charge
TKT-03744,My return was approved weeks ago but the credit still hasn't appeared. I returned the item via FedEx on three days ago. Can you expedite this reimbursement?,refund,high,neutral,english,refund_duplicate_charge
TKT-02960,The delivery was supposed to arrive by last Friday. My delivery address is correct — I've double checked!!,shipping,medium,negative,english,track_order
TKT-04225,i've wasted so much time on this already. i'm switching to a different provider and need to cancel here.,subscription,high,negative,english,cancel_subscription
TKT-03004,The tracking information hasn't been updated in five days. The tracking number is TRK6575789622.,shipping,low,negative,english,track_order
TKT-02750,My neighbor says no delivery attempt was made at my address. I chose standard delivery. Can you contact the courier on my behalf?,shipping,urgent,neutral,english,track_order
TKT-00794,I am so done with this. I noticed an extra charge on my credit card statement.,billing,high,negative,english,refund_duplicate_charge
TKT-03235,I can't believe this is happening again. Is there a way to expedite my delivery? Can you contact the courier on my behalf?,shipping,low,negative,english,track_order
TKT-04888,I can't believe this is happening again. How do I stop my recurring payement? I read the cancellation policy but still have questions.,subscription,medium,negative,english,cancel_subscription
TKT-02900,I haven't received any shipping updates since I placed my order. This is a gift and I needed it by a specific date.,shipping,high,negative,english,track_order
TKT-00951,"Good morning, I'd like some help please. Your website keeps displaying a blank screen on my browser.",technical,high,neutral,english,technical_troubleshooting
TKT-02175,I can't remember my password and need to regain access. My registered email is m***@yahoo.com. I'd appreciate a quick resolution.,account,high,neutral,english,reset_password
TKT-03823,I've wasted so much time on this already. The product broke within the first day — I need my money back. I was charged $14.99 twice.,refund,urgent,negative,english,refund_duplicate_charge
TKT-03793,I paid twice by mistake and need one payement returned. I need the amount credited to my original payment method.,refund,urgent,negative,english,refund_duplicate_charge
TKT-04770,I am extremely FRUSTRATED. I want to make sure I won't be charged next month.,subscription,low,negative,english,cancel_subscription
TKT-00830,could you check my recent transactions? there seem to be two identical ones. it appeared on my statement dated a few days ago. this needs to be corrected immediately.,billing,high,negative,english,refund_duplicate_charge
TKT-01822,"I am extremely frustrated. Every time I try to sign in, it says 'invalid credentials'. I've already tried from multiple devices!!",account,high,negative,english,resolve_login_issue
TKT-02412,I'm locked out because I forgot my password. Is there another way to verify my identity?,account,low,negative,english,reset_password
TKT-00504,I received two charge notifications for one transaction. I was expecting only one charge of $79.99. Please reverse the duplicate charge.,billing,medium,negative,english,refund_duplicate_charge
TKT-02269,I've BEEN TRYING TO RESET my password for the past hour. I've already tried from multiple devices.,account,medium,negative,english,reset_password
TKT-04175,Can I cancel mid-cycle and get a prorated refund?,subscription,medium,negative,english,cancel_subscription
TKT-00083,Looks like the payment went through two times. Order number ORD-140932 seems to be the one affected. I want the overcharge refunded to my card.,billing,high,negative,english,refund_duplicate_charge
TKT-04495,I've decided to discontinue my plan. My next payment date is two days ago...,subscription,low,neutral,english,cancel_subscription
TKT-01863,"every time i try to sign in, it says 'invalid credentials'. i've verified my email adress already. this is becoming very frustrating.",account,medium,neutral,english,resolve_login_issue
TKT-03414,THE PRODUCT BROKE WITHIN the first day — I need my money back. The return tracking shows it was delivered back to your warehouse.,refund,high,negative,english,refund_duplicate_charge
TKT-00803,Two payments of the same amount showed up on my bank statement today. I noticed this when I checked my statement on last Friday. I would appreciate it if you could refund the extra amount.,billing,urgent,negative,english,refund_duplicate_charge
TKT-01430,I can't get the app to work on my phone since yesterday. I attached a screenshot but can't include it here.,technical,low,negative,english,technical_troubleshooting
TKT-00411,Two payments of the same amount showed up on my bank statement today. Please investigate and process a correction.,billing,low,negative,english,refund_duplicate_charge
TKT-01398,The search function in your app returns no results even though I know there should be matches. I've already cleared the cache and reinstalled the app.,technical,urgent,neutral,english,technical_troubleshooting
TKT-03770,I am so done with this. I canceled my order but the charge still went through. I was charged $19.99 twice.,refund,medium,negative,english,refund_duplicate_charge
TKT-03567,my return was approved weeks ago but the credit still hasn't appeared. the return tracking shows it was delivered back to your warehouse. how long will it take to get my money back?,refund,high,neutral,english,refund_duplicate_charge
TKT-03065,The tracking information hasn't been updated in five days. I've contacted the courier but they redirected me to you. Can you check the status of my delivery?,shipping,low,negative,english,track_order
TKT-04421,Can you help me cancel before the next payment cycle? I read the cancellation policy but still have questions,subscription,urgent,negative,english,cancel_subscription
TKT-04049,This is absolutely unacceptable. I received the wrong item and want to return it for a full reimbursement. I returned the item via the courier on yesterday.,refund,urgent,negative,english,refund_duplicate_charge
TKT-00205,I just checked my statement and there's a double payment. The amount is $9.99 each time. Would you be able to reverse the second charge?,billing,high,negative,english,refund_duplicate_charge
TKT-03427,I am extremely frustrated. I canceled my order but the charge still went through. The amount I need returned is $59.99. How long will it take to get my money back?,refund,high,negative,english,refund_duplicate_charge
TKT-02136,"I get an error saying my account doesn't exist, but I've had it for years. I've verified my email address already.",account,medium,negative,english,resolve_login_issue
TKT-04689,I am so done with this. I'd like to end my membership effective immediately. I've been a member since 2021. I don't want any retention offers — just cancel please.,subscription,low,negative,english,cancel_subscription
TKT-02495,I'm getting a 'session expired' message immediately after logging in. I'd appreciate a quick resolution.,account,medium,negative,english,resolve_login_issue
TKT-04952,I'm switching to a different provider and need to cancel here. I read the cancellation policy but still have questions. I need a confirmation email once it's done.,subscription,low,neutral,english,cancel_subscription
TKT-03056,The estimated arrival keeps getting pushed back. My order number is ORD-900158!!,shipping,high,neutral,english,track_order
TKT-04886,I've decided to discontinue my plan. I already tried to cancel through the website. I need a confirmation email once it's done.,subscription,low,neutral,english,cancel_subscription
TKT-03411,I never received my order but I was charged for it. I'm going to dispute the charge with my bank if this isn't resolved.,refund,low,negative,english,refund_duplicate_charge
TKT-00767,The same amount was taken from my card twice. I would apreciate it if you could refund the extra amount.,billing,urgent,negative,english,refund_duplicate_charge
TKT-03452,"I received the wrong item and want to return it for a full reimbursement. The return tracking shows it was delivered back to your warehouse. I want a full reimbursement, not store credit.",refund,high,neutral,english,refund_duplicate_charge
TKT-03866,MY ORDER ARRIVED DAMAGED AND I need a full reimbursement. The amount I need returned is $79.99. Can you expedite this reimbursement?,refund,high,negative,english,refund_duplicate_charge
TKT-03455,"Hello, thank you in advance for your help. I'm not satisfied with my purchase and would like to return it. I was charged $29.99 twice. I want a full reimbursement, not store credit.",refund,high,positive,english,refund_duplicate_charge
TKT-03033,I want to know why my package is taking so long. Is there any way to speed this up?,shipping,high,neutral,english,track_order
TKT-03738,I returned my order two weeks ago but still haven't gotten my money back. I was charged $9.99 twice. Please return my payment as soon as possible.,refund,urgent,negative,english,refund_duplicate_charge
TKT-00107,I received two charge notifications for one transaction. The amount is $29.99 each time. Would you be able to reverse the second charge?,billing,medium,negative,english,refund_duplicate_charge
TKT-02910,Where is my order? The estimated delivery date has passed. I selected express delivery. Can you contact the courier on my behalf?,shipping,urgent,negative,english,track_order
TKT-02730,the tracking information hasn't been updated in five days. i need to know when i'll receive my order.,shipping,low,neutral,english,track_order
TKT-04329,Please remove my payment method and cancel the recurring charge. Can you also delete my stored payment information?,subscription,urgent,neutral,english,cancel_subscription
TKT-01418,I keep getting a connection error when I try to use the app. It works fine on my laptop but not on my MacBook.,technical,urgent,negative,english,technical_troubleshooting
TKT-00898,Something is broken in the app — features that used to work don't anymore. My internet connection is fine — other apps work normally.,technical,medium,neutral,english,technical_troubleshooting
TKT-04571,how do i stop my recurring payment? make sure no further charges are applied.,subscription,medium,neutral,english,cancel_subscription
TKT-00089,"Seriously?? Two payments of the same amount showed up on my bank statement today. My monthly payment should be $149.99, not double that. Would you be able to reverse the second charge?",billing,high,negative,english,refund_duplicate_charge
TKT-00314,There's a charge I don't recognize that matches my last payment exactly. How do I get the extra amount refunded?,billing,high,negative,english,refund_duplicate_charge
TKT-01598,the NOTIFICATION SYSTEM SEEMS COMPLETELY BROKEN on my end. this has been going on for 13 days now. is there a workaround i can try in the meantime?,technical,urgent,negative,english,technical_troubleshooting
TKT-00927,THIS IS ABSOLUTELY UNACCEPTABLE. THE app is super slow and basically unusable right now. I'm using version 2.8.5 on Android phone.,technical,medium,negative,english,technical_troubleshooting
TKT-00532,"Good afternoon, I was wondering if you could assist me. My bank shows two identical transactions from your company. Please investigate and process a correction.",billing,high,neutral,english,refund_duplicate_charge
TKT-04630,"Hi there, I have a question. I want to stop all future charges related to my plan.",subscription,medium,neutral,english,cancel_subscription
TKT-03168,My parcel has been sitting at the distribution center for a week. I need someone to investigate what happened to my package.,shipping,medium,neutral,english,track_order
TKT-01663,I've had it with your service! The app is super slow and basically unusable right now. I've already cleared the cache and reinstalled the app. Please escalate this if necessary.,technical,low,negative,english,technical_troubleshooting
TKT-03387,I was told I would get my payment back but it hasn't appeared on my statement. I need the amount credited to my original payment method.,refund,high,neutral,english,refund_duplicate_charge
TKT-00301,This is the third time I'm reaching out about the same issue. I just checked my statement and there's a double payement. Would you be able to reverse the second charge?,billing,high,negative,english,refund_duplicate_charge
TKT-04327,I don't want to renew my annual plan. I'm currently on the Premium plan. Make sure no further charges are applied.,subscription,medium,negative,english,cancel_subscription
TKT-02141,I forgot my password and the reset link isn't working. I can provide ID verification if needed.,account,medium,negative,english,reset_password
TKT-04247,"Greetings, I'm writing to inquire about something. Please remove my payement method and cancel the recurring charge. I read the cancellation policy but still have questions. How soon will the cancellation take effect?",subscription,medium,neutral,english,cancel_subscription
TKT-01119,I am so done with this. The app is super slow and basically unusable right now. I've tried restarting my iPad but the problem persists.,technical,high,negative,english,technical_troubleshooting
TKT-03575,I was overcharged and need the difference returned to my card. Please return my payment as soon as possible!!,refund,high,negative,english,refund_duplicate_charge
TKT-03547,I returned my order two weeks ago but still haven't gotten my money back. The return tracking shows it was delivered back to your warehouse. This has gone on too long — I want my money back now...,refund,high,negative,english,refund_duplicate_charge
TKT-00957,I'm getting a weird error message when I use the application. I've tried using different browsers but same issue. Is this a known issue? Are you working on a fix?,technical,high,neutral,english,technical_troubleshooting
TKT-00963,"Good afternoon, I was wondering if you could assist me. I'm getting a weird error message when I use the application. I've already cleared the cache and reinstalled the app. Is this a known issue? Are you working on a fix?",technical,urgent,neutral,english,technical_troubleshooting
TKT-00480,Your system appears to have processed my payement twice. Could you look into this and issue a refund?,billing,urgent,negative,english,refund_duplicate_charge
TKT-03636,i was told i would get my payment back but it hasn't appeared on my statement. the order number is ord-300677. i'm going to dispute the charge with my bank if this isn't resolved.,refund,high,negative,english,refund_duplicate_charge
TKT-00974,Seriously?? I can't get the app to work on my phone since yesterday. The error code I'm seeing is ERR-8472. Is there a workaround I can try in the meantime?,technical,medium,negative,english,technical_troubleshooting
TKT-01210,The notification system seems completely broken on my end. It works fine on my laptop but not on my iPad.,technical,low,negative,english,technical_troubleshooting
TKT-04162,I returned my order two weeks ago but still haven't gotten my money back. I have the receipt and can provide proof of the duplicate charge. I just want my money returned.,refund,medium,neutral,english,refund_duplicate_charge
TKT-02548,"Good afternoon, I was wondering if you could assist me. Tracking shows my order is in a completely different city. I selected express delivery.",shipping,low,neutral,english,track_order
TKT-00525,Could you check my recent transactions? There seem to be two identical ones,billing,high,negative,english,refund_duplicate_charge
TKT-01054,I keep getting kicked out of the app randomly. This has been going on for 3 days now. I need this fixed as soon as possible.,technical,high,neutral,english,technical_troubleshooting
TKT-00138,The same amount was taken from my card twice.,billing,low,neutral,english,refund_duplicate_charge
TKT-01367,i can't believe this is happening again. the software freezes whenever i try to save my work. i attached a screenshot but can't include it here.,technical,medium,negative,english,technical_troubleshooting
TKT-01579,The download keeps failing at 80 percent every single time. I'd appreciate any help with this problem.,technical,medium,negative,english,technical_troubleshooting
TKT-00536,Something went wrong with my payment — the amount was deducted two times. This happened on three days ago. I would appreciate it if you could refund the extra amount.,billing,medium,negative,english,refund_duplicate_charge
TKT-04601,I am so done with this. Please cancel my auto-renewal — I don't want to be charged again. Just want this taken care of.,subscription,medium,negative,english,cancel_subscription
TKT-03021,Can you tell me where my order is right now? I ordered on two days ago.,shipping,medium,negative,english,track_order
TKT-04127,I've wasted so much time on this already. The product broke within the first day — I need my money back. Please confirm when the reversal has been issued.,refund,urgent,negative,english,refund_duplicate_charge
TKT-04728,I can't believe this is happening again. I need to downgrade or cancel my current plan. I'm currently on the Enterprise plan. Please confirm the cancellation in writing,subscription,medium,negative,english,cancel_subscription
TKT-01718,The login button is greyed out and I can't click it!!,account,low,negative,english,resolve_login_issue
TKT-01632,I can't believe this is happening again. The search function in your app returns no results even though I know there should be matches. I attached a screenshot but can't include it here. I've spent hours trying to fix this myself.,technical,low,negative,english,technical_troubleshooting
TKT-03530,The duplicate charge on my card needs to be reversed immediately. The return tracking shows it was delivered back to your warehouse. This has gone on too long — I want my money back now.,refund,high,negative,english,refund_duplicate_charge
TKT-01897,I can't believe this is happening again. Can someone manually reset my password? The automated system isn't working for me.,account,high,negative,english,reset_password
TKT-01340,This is RIDICULOUS. THE APP is super slow and basically unusable right now. This started happening after the last update. Please escalate this if necessary!!,technical,high,negative,english,technical_troubleshooting
TKT-00073,My credit card was billed double for my recent purchase. I want the overcharge refunded to my card.,billing,high,neutral,english,refund_duplicate_charge
TKT-01776,I tried resetting my password but I get an error.,account,medium,neutral,english,reset_password
TKT-00695,i noticed an extra charge on my credit card statement. this needs to be corrected immediately.,billing,medium,negative,english,refund_duplicate_charge
TKT-02104,I tried resetting my password but I get an error. This is urgent as I need access for work. Is there another way to verify my identity?,account,medium,neutral,english,reset_password
TKT-04334,I tried to cancel online but the button doesn't seem to work. I've been a member since 2021. Just want this taken care of.,subscription,urgent,neutral,english,cancel_subscription
TKT-04170,I've decided to discontinue my plan.,subscription,medium,neutral,english,cancel_subscription
TKT-00684,"Good afternoon, I was wondering if you could assist me. I see an unauthorized duplicate deduction on my account. My monthly payment should be $24.99, not double that.",billing,medium,neutral,english,refund_duplicate_charge
TKT-02697,I recieved a delivery confirmation but the package isn't here. My delivery address is correct — I've double checked. I need someone to investigate what happened to my package.,shipping,medium,positive,english,track_order
TKT-04282,"Good morning, I'd like some help please. The service isn't worth the monthly fee anymore. My next payment date is three days ago.",subscription,medium,positive,english,cancel_subscription
TKT-03893,"I canceled my order but the charge still went through. The return tracking shows it was delivered back to your warehouse. I want a full reimbursement, not store credit.",refund,high,negative,english,refund_duplicate_charge
TKT-03366,I was charged twice and I want my money back for the extra payment. I returned the item via FedEx on last Friday. Is there anything else you need from me to process this?,refund,high,negative,english,refund_duplicate_charge
TKT-03399,The item DOESN'T MATCH the description and I want my money returned. I returned the item via USPS on last Friday.,refund,high,negative,english,refund_duplicate_charge
TKT-00182,There are duplicate charges showing on my card. Both transactions show $59.99.,billing,medium,negative,english,refund_duplicate_charge
TKT-00510,Two payments of the same amount showed up on my bank statement today. The amount is $59.99 each time.,billing,high,negative,english,refund_duplicate_charge
TKT-03262,I placed an order on three days ago and it still hasn't been delivered. My delivery address is correct — I've double checked.,shipping,medium,negative,english,track_order
TKT-02122,"Hi, I hope this message finds you well. I enter my email and password but nothing happens.",account,high,positive,english,resolve_login_issue
TKT-03585,I was charged twice by mistake — can I get the extra amount returned? The return tracking shows it was delivered back to your warehouse. How long will it take to get my money back?,refund,medium,neutral,english,refund_duplicate_charge
TKT-02342,My account seems to be suspended but I don't know why. My username is david.lee. What steps do I need to take to fix this?,account,high,neutral,english,resolve_login_issue
TKT-04529,Please terminate my membership and confirm via email. I don't see a cancel option in my account settings.,subscription,high,neutral,english,cancel_subscription
TKT-02336,I'm locked out becuase I forgot my password. My registered email is m***@yahoo.com. This is becoming very frustrating.,account,medium,neutral,english,reset_password
TKT-02376,I can't believe this is happening again. Two-factor authentication isn't sending me the verification code. I've already tried from multiple devices. This is becoming very frustrating.,account,high,negative,english,resolve_login_issue
TKT-04826,I'm really upset about this. I'd like to end my membership effective immediatly. I'm currently on the Starter plan. I need a confirmation email once it's done.,subscription,low,negative,english,cancel_subscription
TKT-02249,I requested a password reset but didn't get any email. Can you send me a manual reset link?,account,high,neutral,english,reset_password
TKT-04699,Please cancel my auto-renewal — I don't want to be charged again. Just want this taken care of.,subscription,medium,neutral,english,cancel_subscription
TKT-01451,My data isn't syncing across devices anymore. This started happening after the last update...,technical,medium,negative,english,technical_troubleshooting
TKT-03127,"good afternoon, i was wondering if you could assist me. tracking shows my order is in a completely different city. i chose standard delivery.",shipping,high,neutral,english,track_order
TKT-00374,I see an unauthorized duplicate deduction on my account. Both transactions show $199.99. Kindly process a refund for the duplicate transaction.,billing,urgent,negative,english,refund_duplicate_charge
TKT-03813,The product broke within the first day — I need my money back. It's been 10 days since I requested my money back. Is there anything else you need from me to process this?,refund,high,neutral,english,refund_duplicate_charge
TKT-04956,I've been trying to cancel for days but can't figure out how. I don't see a cancel option in my account settings.,subscription,medium,neutral,english,cancel_subscription
TKT-02295,I can't remember my password and need to regain access. I'd appreciate a quick resolution.,account,high,neutral,english,reset_password
TKT-02132,The login page just keeps refreshing without letting me in. My username is jsmith42. Please advise on what to do next.,account,high,neutral,english,resolve_login_issue
TKT-02535,My neighbor says no delivery attempt was made at my address. This is a gift and I needed it by a specific date.,shipping,medium,negative,english,track_order
TKT-04683,I've had IT WITH YOUR SERVICE! I don't want to renew my annual plan. My next payment date is a few days ago. I need a confirmation email once it's done.,subscription,urgent,negative,english,cancel_subscription
TKT-01916,"Honestly, this is the worst experience. The reset link I received says it has expired. My username is techuser99. Please advise on what to do next.",account,medium,negative,english,reset_password
TKT-01690,I KEEP GETTING 'INVALID TOKEN' WHEN I click the reset link.,account,low,negative,english,reset_password
TKT-01541,"Dear support team, The notification system seems completely broken on my end. Can you provide a timeline for when this will be resolved?",technical,high,neutral,english,technical_troubleshooting
TKT-01157,Something is BROKEN IN THE APP — features that used to work don't anymore. This has been going on for 3 days now. I rely on this app daily and can't afford downtime.,technical,urgent,negative,english,technical_troubleshooting
TKT-04607,"Good afternoon, I was wondering if you could assist me. Please remove my payment method and cancel the recurring charge. Can you also delete my stored payment information?",subscription,medium,neutral,english,cancel_subscription
TKT-03699,I was overcharged and need the difference returned to my card. I returned the item via USPS on three days ago. Please return my payment as soon as possible.,refund,medium,negative,english,refund_duplicate_charge
TKT-02603,I want to know why my package is taking so long.,shipping,high,neutral,english,track_order
TKT-01299,I keep getting a connection error when I try to use the app. It works fine on my laptop but not on my Android phone!!,technical,medium,negative,english,technical_troubleshooting
TKT-00407,Seriously?? I noticed an extra charge on my credit card statement. This happened on two days ago. Could you look into this and issue a refund?,billing,high,negative,english,refund_duplicate_charge
TKT-02299,i'm really upset about this. i haven't been able to access my account since last week. i can't access any of my saved data without logging in.,account,high,negative,english,resolve_login_issue
TKT-02238,I haven't been able to update my password through your website. I've been a customer since 2022.,account,low,negative,english,reset_password
TKT-02106,I can't log into my account even though I'm using the correct credentials. I've already tried from multiple devices. Can you send me a manual reset link?,account,medium,negative,english,resolve_login_issue
TKT-03711,I was charged twice and I want my money back for the extra payment. I have the receipt and can provide proof of the duplicate charge.,refund,high,negative,english,refund_duplicate_charge
TKT-00156,I've been charged an extra amount that I didn't authorize. How do I get the extra amount refunded?,billing,high,neutral,english,refund_duplicate_charge
TKT-04061,"This is ridiculous. I paid twice by mistake and need one payment returned. I already spoke with someone who said it would be taken care of. I want a full reimbursement, not store credit.",refund,urgent,negative,english,refund_duplicate_charge
TKT-02326,"Every time I try to sign in, it says 'invalid credentials'. I checked my spam folder but nothing is there. I can't access any of my saved data without logging in.",account,high,negative,english,resolve_login_issue
TKT-01428,The page loads very slowly and sometimes times out completely...,technical,medium,negative,english,technical_troubleshooting
TKT-03821,I was told I would get my payment back but it hasn't appeared on my statement.,refund,high,negative,english,refund_duplicate_charge
TKT-02089,NOT HAPPY AT ALL. I can't sign in from my new phone. Is there another way to verify my identity?,account,medium,negative,english,resolve_login_issue
TKT-03119,The delivery was supposed to arrive by a few days ago. I ordered on last week. Can you contact the courier on my behalf?,shipping,medium,negative,english,track_order
TKT-01087,The page loads very slowly and sometimes times out completely. I've tried using different browsers but same issue.,technical,medium,neutral,english,technical_troubleshooting
TKT-03499,I've been waiting over a month for the money to come back to my account. I returned the item via UPS on two days ago. Please return my payment as soon as possible,refund,medium,neutral,english,refund_duplicate_charge
TKT-02090,"hi there, i have a question. i'm getting a 'session expired' message immediately after logging in. i checked my spam folder but nothing is there. i need this sorted out as soon as possible.",account,high,neutral,english,resolve_login_issue
TKT-01587,My data isn't syncing across devices anymore. Is this a known issue? Are you working on a fix?,technical,medium,negative,english,technical_troubleshooting
TKT-03104,The delivery was supposed to arrive by October 1st. The tracking number is TRK9947225850.,shipping,medium,negative,english,track_order
TKT-02038,"I get an error saying my account doesn't exist, but I've had it for years. I checked my spam folder but nothing is there. This is becoming very frustrating.",account,medium,neutral,english,resolve_login_issue
TKT-03848,My return was approved weeks ago but the credit still hasn't appeared. The return tracking shows it was delivered back to your warehouse. Please confirm when the reversal has been issued.,refund,low,negative,english,refund_duplicate_charge
TKT-04647,please remove my payment method and cancel the recurring charge. make sure no further charges are applied.,subscription,low,negative,english,cancel_subscription
TKT-02316,I'm locked out becuase I forgot my password. Can you send me a manual reset link?,account,low,neutral,english,reset_password
TKT-00646,two payments of the same amount showed up on my bank statement today.,billing,medium,positive,english,refund_duplicate_charge
TKT-02521,The delivery was supposed to arrive by three days ago. My order number is ORD-866576. I'd like to file a complaint about the delivery service.,shipping,high,negative,english,track_order
TKT-04456,Seriously?? Please remove my payment method and cancel the recurring charge.,subscription,urgent,negative,english,cancel_subscription
TKT-00071,This is the third time I'm reaching out about the same issue. I've been charged an extra amount that I didn't authorize. I was expecting only one charge of $39.99.,billing,urgent,negative,english,refund_duplicate_charge
TKT-02027,I've wasted so much time on this already. The login page just keeps refreshing without letting me in. I can't access any of my saved data without logging in.,account,medium,negative,english,resolve_login_issue
TKT-03954,"Honestly, this is the worst experiance. The product broke within the first day — I need my money back. I returned the item via FedEx on September 28th.",refund,urgent,negative,english,refund_duplicate_charge
TKT-02099,My account shows as deactivated but I never deactivated it. I can't access any of my saved data without logging in,account,medium,negative,english,resolve_login_issue
TKT-00241,"Honestly, this is the worst experience. I just checked my statement and there's a double payment. Order number ORD-371426 seems to be the one affected. Could you look into this and issue a refund?",billing,urgent,negative,english,refund_duplicate_charge
TKT-00806,this is the third time i'm reaching out about the same issue. there's a charge i don't recognize that matches my last payment exactly. the transaction date shows a few days ago. can you resolve this? i shouldn't have been charged twice.,billing,low,negative,english,refund_duplicate_charge
TKT-00714,I received two charge notifications for one transaction. I was expecting only one charge of $59.99.,billing,high,neutral,english,refund_duplicate_charge
TKT-04785,I want to stop all future charges related to my plan. Will I still have access until the end of the current period?,subscription,high,neutral,english,cancel_subscription
TKT-01656,I am so done with this. The page loads very slowly and sometimes times out completely.,technical,high,negative,english,technical_troubleshooting
TKT-02662,"Hi, I hope this message finds you well. I haven't received any shipping updates since I placed my order. I selected express delivery!!",shipping,high,neutral,english,track_order
TKT-02216,The login page just keeps refreshing without letting me in. I can provide ID verification if needed. I'd appreciate a quick resolution.,account,high,neutral,english,resolve_login_issue
TKT-00117,Two payments of the same amount showed up on my bank statement today. I was expecting only one charge of $24.99. Please investigate and process a correction.,billing,medium,negative,english,refund_duplicate_charge
TKT-04399,I want to unsubscribe from the premium tier,subscription,low,neutral,english,cancel_subscription
TKT-04963,The service isn't worth the monthly fee anymore. I don't see a cancel option in my account settings. I need a confirmation email once it's done.,subscription,low,neutral,english,cancel_subscription
TKT-01820,my password expired and i can't seem to create a new one.,account,medium,neutral,english,reset_password
TKT-01983,I am extremely frustrated. I tried resetting my password but I get an error. My registered email is d***@outlook.com. Please help me regain access.,account,low,negative,english,reset_password
TKT-00356,My card was debited twice for a single order. The duplicate amount is $24.99. This needs to be corrected immediately.,billing,high,negative,english,refund_duplicate_charge
TKT-04324,I've had IT WITH YOUR service! How do I stop my recurring payment? I don't see a cancel option in my account settings.,subscription,medium,negative,english,cancel_subscription
TKT-00181,I see an unauthorized duplicate deduction on my account. I noticed this when I checked my statement on October 1st. Please investigate and process a correction.,billing,high,negative,english,refund_duplicate_charge
TKT-01457,I've had it with your service! The interface glitches and buttons don't respond when I tap them. Other users in my household are experiencing the same thing. I need this fixed as soon as possible.,technical,high,negative,english,technical_troubleshooting
TKT-00393,"Honestly, this is the worst experience. Something went wrong with my payment — the amount was deducted two times. The amount is $99.99 each time. Please reverse the duplicate charge!!",billing,high,negative,english,refund_duplicate_charge
TKT-04558,Can I cancel mid-cycle and get a prorated refund? My next payment date is on the 15th. Thank you for processing this promptly.,subscription,low,negative,english,cancel_subscription
TKT-04841,"good morning, i'd like some help please. i've been trying to cancel for days but can't figure out how. my plan is the basic tier at $19.99/month. i don't want any retention offers — just cancel please looking forward to hearing from you.",subscription,medium,positive,english,cancel_subscription
TKT-02855,the delivery was supposed to arrive by last friday. i chose standard delivery. please provide an updated delivery estimate.,shipping,low,neutral,english,track_order
TKT-02882,"The delivery was supposed to arrive by last Monday. I selected express delivery. If it's lost, I need a replacement or refund.",shipping,high,negative,english,track_order
TKT-02372,My temporary password stopped working before I could set a new one. I've already tried from multiple devices. I'd appreciate a quick resolution.,account,medium,neutral,english,reset_password
TKT-00436,My bank shows two identical transactions from your company. Would you be able to reverse the second charge?,billing,medium,neutral,english,refund_duplicate_charge
TKT-03320,This is ridiculous. I placed an order on two days ago and it still hasn't been delivered. The tracking number is TRK2042808738.,shipping,medium,negative,english,track_order
TKT-00190,I noticed an extra charge on my credit card statement. Reference number: ORD-477819.,billing,high,negative,english,refund_duplicate_charge
TKT-03318,I paid for express delivery but it's been 8 days already. My delivery address is correct — I've double checked.,shipping,high,neutral,english,track_order
TKT-04678,Please terminate my membership and confirm via email. I've been a member since 2023. Thank you for processing this promptly.,subscription,high,neutral,english,cancel_subscription
TKT-04872,I've been trying to cancel for days but can't figure out how. My plan is the Basic tier at $49.99/month.,subscription,low,neutral,english,cancel_subscription
TKT-00526,"Hi, sorry to bother you but My credit card was billed double for my recent purchase. My monthly payment should be $49.99, not double that. I want the overcharge refunded to my card.",billing,medium,neutral,english,refund_duplicate_charge
TKT-00319,my bank shows two identical transactions from your company. reference number: ord-578179. please reverse the duplicate charge.,billing,high,negative,english,refund_duplicate_charge
TKT-00925,The search function in your app returns no results even though I know there should be matches. Other users in my household are experiencing the same thing. Can someone please help me resolve this?,technical,medium,neutral,english,technical_troubleshooting
TKT-02059,THE LOGIN PAGE just keeps refreshing without letting me in. This is urgent as I need access for work. This is becoming very frustrating.,account,urgent,negative,english,resolve_login_issue
TKT-02946,I am extremely frustrated. Can you tell me where my order is right now? My delivery address is correct — I've double checked. Is there any way to speed this up?,shipping,urgent,negative,english,track_order
TKT-02706,I'm worried my package got lost in transit. I've contacted the courier but they redirected me to you. Please provide an updated delivery estimate.,shipping,medium,negative,english,track_order
TKT-03647,The duplicate charge on my card needs to be reversed immediately. I already spoke with someone who said it would be taken care of. I need the amount credited to my original payement method.,refund,high,negative,english,refund_duplicate_charge
TKT-02226,My account shows as deactivated but I never deactivated it. I've verified my email address already.,account,high,positive,english,resolve_login_issue
TKT-00620,There are duplicate charges showing on my card. Please fix this and credit my account.,billing,high,neutral,english,refund_duplicate_charge
TKT-02534,"I need to track my package but the tracking number doesn't work. If it's lost, I need a replacement or refund.",shipping,medium,negative,english,track_order
TKT-03224,I placed an order on last Monday and it still hasn't been delivered...,shipping,medium,negative,english,track_order
TKT-04047,I was told I would get my payment back but it hasn't appeared on my statement. It's been 2 days since I requested my money back. Can you expedite this reimbursement?,refund,urgent,negative,english,refund_duplicate_charge
TKT-04774,I no longer need the service and want to cancel. I'm currently on the Enterprise plan. I don't want any retention offers — just cancel please,subscription,high,positive,english,cancel_subscription
TKT-01170,I am extremely frustrated. I can't get the app to work on my phone since yesterday.,technical,medium,negative,english,technical_troubleshooting
TKT-04844,the service isn't worth the monthly fee anymore. i've been a member since 2022. make sure no further charges are applied.,subscription,high,negative,english,cancel_subscription
TKT-04304,I tried to cancel online but the button doesn't seem to work. My plan is the Starter tier at $149.99/month.,subscription,medium,neutral,english,cancel_subscription
TKT-00891,SOMETHING IS broken in the app — features that used to work don't anymore.,technical,high,negative,english,technical_troubleshooting
TKT-00656,I see an unauthorized duplicate deduction on my account. This happened on earlier this week. Kindly process a refund for the duplicate transaction.,billing,high,neutral,english,refund_duplicate_charge
TKT-02854,My order has been 'out for delivery' for three days straight. I'm very disappointed with the delivery experience.,shipping,high,neutral,english,track_order
TKT-04652,How do I stop my recurring payement? I've been a member since 2022. I don't want any retention offers — just cancel please.,subscription,high,neutral,english,cancel_subscription
TKT-04913,I'm switching to a different provider and need to cancel here. I'm currently on the Premium plan. I don't want any retention offers — just cancel please.,subscription,high,neutral,english,cancel_subscription
TKT-01508,The system keeps showing error code 503 when I try to access my data. This started happening after the last update. I'm losing patience with this recurring issue.,technical,high,negative,english,technical_troubleshooting
TKT-03650,I canceled my order but the charge still went through. Is there anything else you need from me to process this?,refund,low,negative,english,refund_duplicate_charge
TKT-03928,I AM EXTREMELY frustrated. I've been waiting over a month for the money to come back to my account. It's been 4 days since I requested my money back. Please return my payement as soon as possible...,refund,high,negative,english,refund_duplicate_charge
TKT-02167,I requested a password reset but didn't get any email. I've been a customer since 2021. I can't access any of my saved data without logging in.,account,low,neutral,english,reset_password
TKT-02030,"Good afternoon, I was wondering if you could assist me. I forgot my password and the reset link isn't working. I've been a customer since 2021. What steps do I need to take to fix this?",account,high,neutral,english,reset_password
TKT-04606,The service isn't worth the monthly fee anymore. Thank you for processing this promptly.,subscription,medium,positive,english,cancel_subscription
TKT-00962,The app keeps crashing every time I try to open it. Can you provide a timeline for when this will be resolved?,technical,high,negative,english,technical_troubleshooting
TKT-00499,I see an unauthorized duplicate deduction on my account. I would appreciate it if you could refund the extra amount.,billing,high,neutral,english,refund_duplicate_charge
TKT-02129,The login button is greyed out and I can't click it. My username is customer2024. I'd appreciate a quick resolution.,account,low,neutral,english,resolve_login_issue
TKT-00587,There are duplicate charges showing on my card. This is related to order ORD-930000. I need the extra payment reversed as soon as possible.,billing,medium,neutral,english,refund_duplicate_charge
TKT-03179,The courier says they delivered it but I never recieved anything. I ordered on a few days ago. I'm very disappointed with the delivery experience.,shipping,medium,negative,english,track_order
TKT-00990,The system keeps showing error code 503 when I try to access my data. Can you provide a timeline for when this will be resolved?,technical,high,neutral,english,technical_troubleshooting
TKT-03562,"honestly, this is the worst experience. i was charged twice and i want my money back for the extra payment. i have the receipt and can provide proof of the duplicate charge. please return my payment as soon as possible.",refund,medium,negative,english,refund_duplicate_charge
TKT-00947,I'm experiencing constant buffering and lag on your platform. I'm using version 3.9.2 on MacBook.,technical,high,negative,english,technical_troubleshooting
TKT-03447,I am so done with this. I never received my order but I was charged for it. Please confirm when the reversal has been issued.,refund,urgent,negative,english,refund_duplicate_charge
TKT-02695,I haven't received any shipping updates since I placed my order. I'd like to file a complaint about the delivery service,shipping,low,negative,english,track_order
TKT-01452,The notification system seems completely broken on my end. I attached a screenshot but can't include it here. I rely on this app daily and can't afford downtime.,technical,urgent,neutral,english,technical_troubleshooting
TKT-04092,"The product I recieved is defective and I want my money back. I want a full reimbursement, not store credit.",refund,high,neutral,english,refund_duplicate_charge
TKT-01654,The system keeps showing error code 503 when I try to acess my data. I attached a screenshot but can't include it here. Can someone please help me resolve this?,technical,medium,neutral,english,technical_troubleshooting
TKT-02012,my temporary password stopped working before i could set a new one. this is urgent as i need access for work. can you send me a manual reset link?,account,urgent,neutral,english,reset_password
TKT-03918,the duplicate charge on my card needs to be reversed immediately. is there anything else you need from me to process this?,refund,high,neutral,english,refund_duplicate_charge
TKT-01030,"After the recent update, the app doesn't load properly. The error code I'm seeing is ERR-2078. This is really affecting my work.",technical,medium,negative,english,technical_troubleshooting
TKT-01296,This is absolutely unacceptable. The download keeps failing at 80 percent every single time. It works fine on my laptop but not on my Windows laptop. I'd appreciate any help with this problem.,technical,high,negative,english,technical_troubleshooting
TKT-03728,I PAID TWICE BY MISTAKE and need one payment returned. How long will it take to get my money back?,refund,high,negative,english,refund_duplicate_charge
TKT-03030,Tracking shows my order is in a completely different city. My order number is ORD-974476.,shipping,high,negative,english,track_order
TKT-02338,I tried resetting my password but I get an error. I need this sorted out as soon as possible.,account,urgent,positive,english,reset_password
TKT-02444,I haven't been able to access my account since last week.,account,high,negative,english,resolve_login_issue
TKT-01322,I've had it with your service! The interface glitches and buttons don't respond when I tap them. Please escalate this if necessary.,technical,urgent,negative,english,technical_troubleshooting
TKT-01129,The page loads very slowly and sometimes times out completely. I've already cleared the cache and reinstalled the app.,technical,medium,positive,english,technical_troubleshooting
TKT-02989,My neighbor says no delivery attempt was made at my address. I ordered on yesterday. I need to know when I'll receive my order.,shipping,medium,negative,english,track_order
TKT-01943,I forgot my password and the reset link isn't working. I can provide ID verification if needed. This is becoming very frustrating.,account,medium,negative,english,reset_password
TKT-04003,"Dear support team, I was told I would get my payment back but it hasn't appeared on my statement. The return tracking shows it was delivered back to your warehouse. I want a full reimbursement, not store credit.",refund,urgent,positive,english,refund_duplicate_charge
TKT-01222,"After the recent update, the app doesn't load properly. It works fine on my laptop but not on my iPad.",technical,high,positive,english,technical_troubleshooting
TKT-00425,I've wasted so much time on this already. The same amount was taken from my card twice. I noticed this when I checked my statement on last week. I need the extra payment reversed as soon as possible.,billing,low,negative,english,refund_duplicate_charge
TKT-00802,Two payments of THE SAME AMOUNT SHOWED UP on my bank statement today.,billing,medium,negative,english,refund_duplicate_charge
TKT-01870,Two-factor authentication isn't sending me the verification code. Please help me regain access.,account,medium,negative,english,resolve_login_issue
TKT-00652,Your system appears to have processed my payment twice. Order number ORD-463270 seems to be the one affected.,billing,high,negative,english,refund_duplicate_charge
TKT-01140,I'm experiencing constant buffering and lag on your platform. I rely on this app daily and can't afford downtime.,technical,medium,negative,english,technical_troubleshooting
TKT-04460,Please cancel my auto-renewal — I don't want to be charged again. My plan is the Starter tier at $24.99/month. Just want this taken care of.,subscription,medium,positive,english,cancel_subscription
TKT-02498,My account seems to be suspended but I don't know why. Please advise on what to do next,account,urgent,neutral,english,resolve_login_issue
TKT-00705,Looks like the payment went through two times. I'd like to get my money back for the extra charge.,billing,urgent,negative,english,refund_duplicate_charge
TKT-04357,I want to stop all future charges related to my plan. Will I still have acess until the end of the current period?,subscription,medium,negative,english,cancel_subscription
TKT-04037,The product I recieved is defective and I want my money back. I need the amount credited to my original payment method.,refund,high,negative,english,refund_duplicate_charge
TKT-00368,I'm seeing a repeated charge that shouldn't be there. This happened on three days ago. Please fix this and credit my account.,billing,high,neutral,english,refund_duplicate_charge
TKT-04139,"Hello, I hope you're having a good day. I've been waiting over a month for the money to come back to my account. The return tracking shows it was delivered back to your warehouse. Can you expedite this reimbursement?",refund,high,positive,english,refund_duplicate_charge
TKT-04488,"Hello, thank you in advance for your help. I'm switching to a different provider and need to cancel here. I don't see a cancel option in my account settings",subscription,urgent,neutral,english,cancel_subscription
TKT-04711,The service isn't worth the monthly fee anymore. I read the cancellation policy but still have questions.,subscription,low,negative,english,cancel_subscription
TKT-01957,The reset link I received says it has expired. This is urgent as I need access for work. I can't access any of my saved data without logging in.,account,medium,negative,english,reset_password
TKT-02481,"Dear support team, I haven't been able to update my password through your website. My registered email is user***@mail.com. Please advise on what to do next.",account,medium,neutral,english,reset_password
TKT-01379,The page loads very slowly and sometimes times out completely. Can you provide a timeline for when this will be resolved?,technical,high,negative,english,technical_troubleshooting
TKT-04526,"Hi there, I have a question. Please terminate my membership and confirm via email",subscription,urgent,neutral,english,cancel_subscription
TKT-01116,The page loads very slowly and sometimes times out completely. This has been going on for 11 days now. I'm losing patience with this recurring issue.,technical,high,neutral,english,technical_troubleshooting
TKT-03157,I've wasted so much time on this already. The tracking information hasn't been updated in five days. I selected express delivery.,shipping,medium,negative,english,track_order
TKT-03765,"I returned MY ORDER TWO weeks ago but still haven't gotten my money back. The amount I need returned is $19.99. I want a full reimbursement, not store credit.",refund,high,negative,english,refund_duplicate_charge
TKT-02007,I forgot my password and the reset link isn't working. This is urgent as I need access for work.,account,urgent,neutral,english,reset_password
TKT-03293,I placed an order on September 28th and it still hasn't been delivered. I selected express delivery.,shipping,high,neutral,english,track_order
TKT-04985,"Good afternoon, I was wondering if you could assist me. I want to cancel my monthly plan. How soon will the cancellation take effect? Thanks in advance!",subscription,high,positive,english,cancel_subscription
TKT-04908,I want to cancel my monthly plan. My next payement date is earlier this week. I don't want any retention offers — just cancel please...,subscription,urgent,negative,english,cancel_subscription
TKT-01864,I'm locked out of my account after too many failed attempts.,account,high,negative,english,resolve_login_issue
TKT-04133,I'm not satisfied with my purchase and would like to return it. I already spoke with someone who said it would be taken care of. Is there anything else you need from me to process this?,refund,high,negative,english,refund_duplicate_charge
TKT-01495,The download keeps failing at 80 percent every single time. This started happening after the last update. Please escalate this if necessary.,technical,high,negative,english,technical_troubleshooting
TKT-03522,I was charged twice and I want my money back for the extra payment. I returned the item via DHL on on the 15th. Is there anything else you need from me to process this?,refund,urgent,negative,english,refund_duplicate_charge
TKT-04928,The service isn't worth the monthly fee anymore. My plan is the Basic tier at $24.99/month. Make sure no further charges are applied.,subscription,high,neutral,english,cancel_subscription
TKT-01780,I'm locked out of my account after too many failed attempts. My username is david.lee.,account,high,neutral,english,resolve_login_issue
TKT-03900,"The duplicate charge on my card needs to be reversed immediately. It's been 13 days since I requested my money back. I want a full reimbursement, not store credit.",refund,high,negative,english,refund_duplicate_charge
TKT-00048,This is ridiculous. I was charged twice for the same purchase this month.,billing,high,negative,english,refund_duplicate_charge
TKT-04000,I was charged twice by mistake — can I get the extra amount returned? I was charged $59.99 twice.,refund,high,negative,english,refund_duplicate_charge
TKT-03790,NOT HAPPY AT ALL. I was charged twice and I want my money back for the extra payment.,refund,medium,negative,english,refund_duplicate_charge
TKT-04763,"Hi, I hope this message finds you well. I need to downgrade or cancel my current plan. I already tried to cancel through the website.",subscription,medium,neutral,english,cancel_subscription
TKT-04014,I can't believe this is happening again. I was overcharged and need the difference returned to my card. Can you expedite this reimbursement?,refund,high,negative,english,refund_duplicate_charge
TKT-03976,"Honestly, this is the worst experience. I was overcharged and need the difference returned to my card. Can you expedite this reimbursement?",refund,high,negative,english,refund_duplicate_charge
TKT-02610,this is absolutely unacceptable. where is my order? the estimated delivery date has passed. i've contacted the courier but they redirected me to you. please provide an updated delivery estimate...,shipping,high,negative,english,track_order
TKT-04075,The duplicate charge on my card needs to be reversed immediately. The amount I need returned is $14.99. I just want my money returned.,refund,high,negative,english,refund_duplicate_charge
TKT-03814,The service didn't work as advertised — I want my money back. I was charged $19.99 twice.,refund,high,negative,english,refund_duplicate_charge
TKT-01450,The APP IS SUPER slow and basically unusable right now. Other users in my household are experiencing the same thing.,technical,high,negative,english,technical_troubleshooting
TKT-03365,I recieved the wrong item and want to return it for a full reimbursement. Can you expedite this reimbursement?,refund,high,negative,english,refund_duplicate_charge
TKT-00049,This is ridiculous. I was charged twice for the same purchase this month. It appeared on my statement dated a few days ago. I would appreciate it if you could refund the extra amount.,billing,high,negative,english,refund_duplicate_charge
TKT-00405,There's a charge I don't recognize that matches my last payement exactly. I would appreciate it if you could refund the extra amount.,billing,medium,negative,english,refund_duplicate_charge
TKT-04795,"Hi there, I have a question. Please cancel my auto-renewal — I don't want to be charged again. Thank you for processing this promptly.",subscription,urgent,positive,english,cancel_subscription
TKT-04540,This is the third time I'm reaching out about the same issue. I've decided to discontinue my plan. I've been a member since 2021. Please confirm the cancellation in writing.,subscription,medium,negative,english,cancel_subscription
TKT-01909,"Good afternoon, I was wondering if you could assist me. I can't remember my password and need to regain access. I've verified my email address already.",account,low,neutral,english,reset_password
TKT-00537,My credit card was billed double for my recent purchase. This happened on September 28th. Kindly process a refund for the duplicate transaction.,billing,urgent,neutral,english,refund_duplicate_charge
TKT-03052,Is there a way to expedite my delivery? My delivery adress is correct — I've double checked. I need someone to investigate what happened to my package.,shipping,medium,neutral,english,track_order
TKT-02620,"Hi, sorry to bother you but The estimated arrival keeps getting pushed back. Is there any way to speed this up? Regards.",shipping,urgent,positive,english,track_order
TKT-01626,The app is super slow and basically unusable right now. I've spent hours trying to fix this myself.,technical,high,neutral,english,technical_troubleshooting
TKT-04662,I signed up by mistake and need to cancel right away. I need a confirmation email once it's done.,subscription,medium,neutral,english,cancel_subscription
TKT-01311,The application is not responding after the latest update. I've already cleared the cache and reinstalled the app.,technical,high,neutral,english,technical_troubleshooting
TKT-00179,There's a charge I don't recognize that matches my last payment exactly. I was expecting only one charge of $59.99.,billing,high,neutral,english,refund_duplicate_charge
TKT-03914,I returned MY ORDER TWO weeks ago but still haven't gotten my money back. It's been 8 days since I requested my money back. Is there anything else you need from me to process this?,refund,low,negative,english,refund_duplicate_charge
TKT-00673,Something went wrong with my payment — the amount was deducted two times. The transaction date shows earlier this week.,billing,medium,negative,english,refund_duplicate_charge
TKT-02898,not happy at all. the courier says they delivered it but i never received anything.,shipping,low,negative,english,track_order
TKT-01053,The system keeps showing error code 503 when I try to acess my data. Other users in my household are experiencing the same thing.,technical,high,neutral,english,technical_troubleshooting
TKT-02676,I've had it with your service! I need to track my package but the tracking number doesn't work. I chose standard delivery.,shipping,high,negative,english,track_order
TKT-02325,I can't believe this is happening again. I keep getting 'invalid token' when I click the reset link,account,medium,negative,english,reset_password
TKT-04212,I've been trying to cancel for days but can't figure out how...,subscription,medium,negative,english,cancel_subscription
TKT-00677,I think the system charged me twice when I placed my order. Order number ORD-430197 seems to be the one affected.,billing,medium,negative,english,refund_duplicate_charge
TKT-00355,I am extremely frustrated. My credit card was billed double for my recent purchase. The transaction date shows two days ago. I expect a refund for the duplicate amount.,billing,urgent,negative,english,refund_duplicate_charge
TKT-01959,I'm locked out of my account after too many failed attempts. My username is jsmith42.,account,high,negative,english,resolve_login_issue
TKT-00125,"Hi, I hope this message finds you well. Looks like the payment went through two times!!",billing,high,neutral,english,refund_duplicate_charge
TKT-04298,I tried to cancel online but the button doesn't seem to work. I don't see a cancel option in my account settings.,subscription,low,neutral,english,cancel_subscription
TKT-04901,Seriously?? I want to make sure I won't be charged next month. My next payement date is September 28th. I don't want any retention offers — just cancel please.,subscription,high,negative,english,cancel_subscription
TKT-03050,I've had it with your service! My order has been 'out for delivery' for three days straight.,shipping,high,negative,english,track_order
TKT-01494,The interface glitches and buttons don't respond when I tap them. I've tried using different browsers but same issue. Please escalate this if necessary.,technical,medium,negative,english,technical_troubleshooting
TKT-04428,"Hello, I hope you're having a good day. I'm switching to a different provider and need to cancel here. I don't see a cancel option in my account settings.",subscription,high,neutral,english,cancel_subscription
TKT-04366,I need to downgrade or cancel my current plan. I read the cancellation policy but still have questions. Will I still have access until the end of the current period?,subscription,high,positive,english,cancel_subscription
TKT-00919,"Honestly, this is the worst experiance. The interface glitches and buttons don't respond when I tap them. Other users in my household are experiencing the same thing. This is really affecting my work.",technical,high,negative,english,technical_troubleshooting
TKT-03716,"Good afternoon, I was wondering if you could assist me. The quality of what I received doesn't justify the price. The amount I need returned is $14.99. Is there anything else you need from me to process this?",refund,high,neutral,english,refund_duplicate_charge
TKT-00929,Something is broken in the app — features that used to work don't anymore. I've already cleared the cache and reinstalled the app!!,technical,urgent,neutral,english,technical_troubleshooting
TKT-04323,Can I cancel mid-cycle and get a prorated refund? I read the cancellation policy but still have questions.,subscription,low,neutral,english,cancel_subscription
TKT-04149,"I received the wrong item and want to return it for a full reimbursement. The amount I need returned is $79.99. I want a full reimbursement, not store credit!!",refund,high,negative,english,refund_duplicate_charge
TKT-04261,"Hello, thank you in advance for your help. Please terminate my membership and confirm via email. I read the cancellation policy but still have questions. Will I still have acess until the end of the current period?",subscription,medium,positive,english,cancel_subscription
TKT-00150,something went wrong with my payment — the amount was deducted two times.,billing,medium,neutral,english,refund_duplicate_charge
TKT-00088,I'm seeing a repeated charge that shouldn't be there. The transaction date shows last Friday. I want the overcharge refunded to my card.,billing,high,negative,english,refund_duplicate_charge
TKT-01967,The password reset email never arrives in my inbox. This is becoming very frustrating.,account,medium,negative,english,reset_password
TKT-03667,I paid TWICE BY MISTAKE AND NEED one payment returned. I already spoke with someone who said it would be taken care of. I just want my money returned.,refund,urgent,negative,english,refund_duplicate_charge
TKT-03010,Seriously?? I paid for express delivery but it's been 11 days already...,shipping,medium,negative,english,track_order
TKT-00863,The application is not responding after the latest update. Other users in my household are experiencing the same thing. I rely on this app daily and can't afford downtime.,technical,high,neutral,english,technical_troubleshooting
TKT-03087,My neighbor says no delivery attempt was made at my adress. This delay is really inconvenient.,shipping,urgent,negative,english,track_order
TKT-04608,how do i stop my recurring payment? my next payment date is earlier this week. make sure no further charges are applied.,subscription,urgent,positive,english,cancel_subscription
TKT-03013,My package seems to be stuck in transit. I need someone to investigate what happened to my package.,shipping,medium,neutral,english,track_order
TKT-03708,I've HAD IT WITH YOUR service! I returned my order two weeks ago but still haven't gotten my money back.,refund,medium,negative,english,refund_duplicate_charge
TKT-03079,I received a delivery confirmation but the package isn't here. I've contacted the courier but they redirected me to you. Can you check the status of my delivery?,shipping,low,neutral,english,track_order
TKT-02002,Two-factor authentication isn't sending me the verification code. I can provide ID verification if needed. Please help me regain access.,account,high,neutral,english,resolve_login_issue
TKT-00114,not happy at all. there are duplicate charges showing on my card. both transactions show $19.99. kindly process a refund for the duplicate transaction.,billing,urgent,negative,english,refund_duplicate_charge
TKT-01660,The page LOADS VERY SLOWLY AND SOMETIMES times out completely. My internet connection is fine — other apps work normally. I'm losing patience with this recurring issue.,technical,medium,negative,english,technical_troubleshooting
TKT-02819,I received a delivery confirmation but the package isn't here.,shipping,medium,negative,english,track_order
TKT-02330,"Good morning, I'd like some help please. My password expired and I can't seem to create a new one. My registered email is d***@outlook.com. This is becoming very frustrating.",account,medium,neutral,english,reset_password
TKT-04976,I can't believe this is happening again. I've decided to discontinue my plan. Thank you for processing this promptly!!,subscription,medium,negative,english,cancel_subscription
TKT-03729,This is ridiculous. I paid twice by mistake and need one payment returned. Can you expedite this reimbursement?,refund,high,negative,english,refund_duplicate_charge
TKT-02085,"Hi, sorry to bother you but Every time I try to sign in, it says 'invalid credentials'. This is urgent as I need access for work.",account,medium,neutral,english,resolve_login_issue
TKT-00551,two payments of the same amount showed up on my bank statement today. i was expecting only one charge of $199.99.,billing,high,negative,english,refund_duplicate_charge
TKT-00017,There are duplicate charges showing on my card. The amount is $79.99 each time. Can you resolve this? I shouldn't have been charged twice.,billing,high,negative,english,refund_duplicate_charge
TKT-03616,i am extremely frustrated. i was told i would get my payment back but it hasn't appeared on my statement. the amount i need returned is $39.99. how long will it take to get my money back?,refund,high,negative,english,refund_duplicate_charge
TKT-01629,I keep getting kicked out of the app randomly. Is there a workaround I can try in the meantime?,technical,high,negative,english,technical_troubleshooting
TKT-00772,The payment for my last order appears duplicated. Reference number: ORD-438192.,billing,high,negative,english,refund_duplicate_charge
TKT-03665,I returned my order two weeks ago but still haven't gotten my money back. Is there anything else you need from me to process this?,refund,high,negative,english,refund_duplicate_charge
TKT-00376,"hi, sorry to bother you but there's a charge i don't recognize that matches my last payment exactly. please reverse the duplicate charge.",billing,high,neutral,english,refund_duplicate_charge
TKT-00226,This is ridiculous. LOOKS LIKE THE PAYMENT WENT through two times. Each charge is for $24.99. How do I get the extra amount refunded?,billing,urgent,negative,english,refund_duplicate_charge
TKT-05000,I've decided to discontinue my plan. My next payment date is October 1st. Just want this taken care of.,subscription,high,negative,english,cancel_subscription
TKT-02373,I can't remember my password and need to regain acess...,account,high,neutral,english,reset_password
TKT-00836,I'm really upset about this. The interface glitches and buttons don't respond when I tap them. This started happening after the last update.,technical,high,negative,english,technical_troubleshooting
TKT-02879,I paid for express delivery but it's been 7 days already. I've contacted the courier but they redirected me to you.,shipping,medium,negative,english,track_order
TKT-00115,This is the third time I'm reaching out about the same issue. The same amount was taken from my card twice. I was expecting only one charge of $14.99. Please investigate and process a correction.,billing,urgent,negative,english,refund_duplicate_charge
TKT-01596,something is broken in the app — features that used to work don't anymore. i've already cleared the cache and reinstalled the app. is this a known issue? are you working on a fix?,technical,medium,negative,english,technical_troubleshooting
TKT-02254,i'm getting a 'session expired' message immediately after logging in. i've verified my email address already. is there another way to verify my identity?,account,low,negative,english,resolve_login_issue
TKT-00375,i just checked my statement and there's a double payment. the amount is $9.99 each time. i want the overcharge refunded to my card.,billing,high,negative,english,refund_duplicate_charge
TKT-04818,Seriously?? I'm switching to a different provider and need to cancel here. I've been a member since 2021. Please confirm the cancellation in writing.,subscription,high,negative,english,cancel_subscription
TKT-01838,The CAPTCHA on the login page keeps failing even when I solve it correctly. I've verified my email adress already. I need this sorted out as soon as possible...,account,high,neutral,english,resolve_login_issue
TKT-00932,I keep getting kicked out of the app randomly.,technical,medium,negative,english,technical_troubleshooting
TKT-01787,"Hi there, I have a question. The reset link I received says it has expired. Please help me regain access!!",account,high,neutral,english,reset_password
TKT-02162,NOT HAPPY AT ALL. The login page just keeps refreshing without letting me in. I've been a customer since 2024. Can you send me a manual reset link?,account,high,negative,english,resolve_login_issue
TKT-01363,"Hi, sorry to bother you but The software freezes whenever I try to save my work. I've tried restarting my Samsung tablet but the problem persists. This is really affecting my work.",technical,high,neutral,english,technical_troubleshooting
TKT-00691,The payment for my last order appears duplicated. I need the extra payment reversed as soon as possible.,billing,urgent,negative,english,refund_duplicate_charge
TKT-04297,i'd like to end my membership effective immediately.,subscription,high,neutral,english,cancel_subscription
TKT-04411,I want to stop all future charges related to my plan. I need a confirmation email once it's done.,subscription,medium,neutral,english,cancel_subscription
TKT-02468,I haven't been able to access my account since last week. I checked my spam folder but nothing is there.,account,medium,negative,english,resolve_login_issue
TKT-02350,"Hello, thank you in advance for your help. I forgot my password and the reset link isn't working. This is becoming very frustrating.",account,medium,neutral,english,reset_password
TKT-00056,"Hello, I hope you're having a good day. I noticed an extra charge on my credit card statement. This needs to be corrected immediately.",billing,high,neutral,english,refund_duplicate_charge
TKT-03109,I am extremely frustrated. The tracking information hasn't been updated in five days. My delivery address is correct — I've double checked. I'm very disappointed with the delivery experience!!,shipping,medium,negative,english,track_order
TKT-04594,I need to downgrade or cancel my current plan. I don't want any retention offers — just cancel please.,subscription,urgent,neutral,english,cancel_subscription
TKT-02689,"Greetings, I'm writing to inquire about something. My package seems to be stuck in transit. Is there any way to speed this up?",shipping,low,neutral,english,track_order
TKT-03912,"Dear support team, I canceled my order but the charge still went through. I already spoke with someone who said it would be taken care of.",refund,high,neutral,english,refund_duplicate_charge
TKT-02630,I've had IT WITH YOUR service! My order still hasn't arrived and it's been over two weeks. I ordered on three days ago,shipping,high,negative,english,track_order
TKT-01735,i tried resetting my password but i get an error. what steps do i need to take to fix this?,account,urgent,negative,english,reset_password
TKT-02681,"Honestly, this is the worst experience. The courier says they delivered it but I never received anything. I selected express delivery. Please provide an updated delivery estimate.",shipping,medium,negative,english,track_order
TKT-03409,The product broke within the first day — I need my money back. The order number is ORD-459315.,refund,high,negative,english,refund_duplicate_charge
TKT-03681,The product broke within the first day — I need my money back. The order number is ORD-408481. Is there anything else you need from me to process this?,refund,high,negative,english,refund_duplicate_charge
TKT-00392,I am extremely frustrated. I just checked my statement and there's a double payement. Both transactions show $49.99. This needs to be corrected immediately.,billing,medium,negative,english,refund_duplicate_charge
TKT-04158,this is absolutely unacceptable. my order arrived damaged and i need a full reimbursement. the amount i need returned is $39.99. can you expedite this reimbursement?,refund,high,negative,english,refund_duplicate_charge
TKT-01840,I haven't been able to update my password through your website. My username is user12345. Please help me regain access.,account,high,negative,english,reset_password
TKT-01181,I keep getting kicked out of the app randomly. I've spent hours trying to fix this myself.,technical,high,negative,english,technical_troubleshooting
TKT-01191,I am so done with this. Your website keeps displaying a blank screen on my browser. I'm losing patience with this recurring issue.,technical,low,negative,english,technical_troubleshooting
TKT-00920,The app is super slow and basically unusable right now. Is there a workaround I can try in the meantime?,technical,high,negative,english,technical_troubleshooting
TKT-02644,This is the third time I'm reaching out about the same issue. Where is my order? The estimated delivery date has passed. I ordered on last Monday. I need someone to investigate what happened to my package,shipping,low,negative,english,track_order
TKT-03136,I placed an order on last Friday and it still hasn't been delivered. I selected express delivery.,shipping,medium,negative,english,track_order
TKT-04272,"Good afternoon, I was wondering if you could assist me. I've decided to discontinue my plan. My plan is the Pro tier at $39.99/month.",subscription,medium,neutral,english,cancel_subscription
TKT-04249,I no longer need the service and want to cancel. My next payment date is last week. Thank you for processing this promptly.,subscription,urgent,neutral,english,cancel_subscription
TKT-04307,Please cancel my auto-renewal — I don't want to be charged again. I don't want any retention offers — just cancel please.,subscription,high,neutral,english,cancel_subscription
TKT-03702,NOT HAPPY AT ALL. I paid twice by mistake and need one payment returned. I need the amount credited to my original payment method.,refund,medium,negative,english,refund_duplicate_charge
TKT-01502,The interface glitches and buttons don't respond when I tap them. It works fine on my laptop but not on my Android phone.,technical,high,neutral,english,technical_troubleshooting
TKT-02973,Seriously?? The estimated arrival keeps getting pushed back. I selected express delivery. I'd like to file a complaint about the delivery service.,shipping,urgent,negative,english,track_order
TKT-03145,The delivery was supposed to arrive by on the 15th. I'm very disappointed with the delivery experience.,shipping,high,negative,english,track_order
TKT-01226,The app is super slow and basically unusable right now. I rely on this app daily and can't afford downtime.,technical,low,negative,english,technical_troubleshooting
TKT-02675,i want to know why my package is taking so long. this delay is really inconvenient.,shipping,high,neutral,english,track_order
TKT-01248,i'm really upset about this. the search function in your app returns no results even though i know there should be matches. i attached a screenshot but can't include it here. i've spent hours trying to fix this myself.,technical,high,negative,english,technical_troubleshooting
TKT-04655,This is the third time I'm reaching out about the same issue. I tried to cancel online but the button doesn't seem to work. My next payment date is on the 15th.,subscription,medium,negative,english,cancel_subscription
TKT-00460,there's a charge i don't recognize that matches my last payment exactly. i'd like to get my money back for the extra charge.,billing,high,negative,english,refund_duplicate_charge
TKT-01634,I've wasted so much time on this already. Your website keeps displaying a blank screen on my browser. I've tried using different browsers but same issue.,technical,urgent,negative,english,technical_troubleshooting
TKT-04164,I CAN'T BELIEVE this is happening again. the service didn't work as advertised — i want my money back. the return tracking shows it was delivered back to your warehouse.,refund,high,negative,english,refund_duplicate_charge
TKT-04782,I've decided to discontinue my plan. I'm currently on the Starter plan.,subscription,high,neutral,english,cancel_subscription
TKT-02484,The reset link I received says it has expired. My registered email is d***@outlook.com. Please advise on what to do next,account,high,neutral,english,reset_password
TKT-01380,The app is super slow and basically unusable right now. I've already tried all the basic troubleshooting steps. I need this fixed as soon as possible.,technical,medium,negative,english,technical_troubleshooting
TKT-02009,I can't sign in from my new phone. I've been a customer since 2023. This is becoming very frustrating.,account,high,neutral,english,resolve_login_issue
TKT-04441,I tried to cancel online but the button doesn't seem to work. I've been a member since 2024. Just want this taken care of.,subscription,medium,neutral,english,cancel_subscription
TKT-01987,"Honestly, this is the worst experience. I haven't been able to acess my account since last week. I've been a customer since 2021. Please advise on what to do next!!",account,high,negative,english,resolve_login_issue
TKT-03144,I've had it with your service! Tracking shows my order is in a completely different city. My order number is ORD-164371. This delay is really inconvenient.,shipping,medium,negative,english,track_order
TKT-04930,"Honestly, this is the worst experience. I want to make sure I won't be charged next month. I don't see a cancel option in my account settings. I need a confirmation email once it's done.",subscription,medium,negative,english,cancel_subscription
TKT-00347,i've wasted so much time on this already. there are duplicate charges showing on my card. both transactions show $29.99.,billing,high,negative,english,refund_duplicate_charge
TKT-01109,NOT HAPPY AT ALL. MY data isn't syncing across devices anymore.,technical,medium,negative,english,technical_troubleshooting
TKT-03721,"Hello, I hope you're having a good day. The product broke within the first day — I need my money back.",refund,high,neutral,english,refund_duplicate_charge
TKT-03176,NOT HAPPY AT ALL. Tracking shows my order is in a completely different city.,shipping,high,negative,english,track_order
TKT-02961,Tracking shows my order is in a completely different city. I need to know when I'll receive my order.,shipping,medium,neutral,english,track_order
TKT-03760,Seriously?? The quality of what I received doesn't justify the price. The amount I need returned is $14.99...,refund,urgent,negative,english,refund_duplicate_charge
TKT-00185,Something went wrong with my payment — the amount was deducted two times. Please reverse the duplicate charge!!,billing,medium,negative,english,refund_duplicate_charge
TKT-04632,Please remove my payement method and cancel the recurring charge. I'm currently on the Basic plan.,subscription,high,neutral,english,cancel_subscription
TKT-00043,Seriously?? I see an unauthorized duplicate deduction on my account. I was expecting only one charge of $79.99. Please reverse the duplicate charge.,billing,high,negative,english,refund_duplicate_charge
TKT-01424,I AM EXTREMELY FRUSTRATED. My device won't connect to your service properly. It works fine on my laptop but not on my desktop computer. I need this fixed as soon as possible...,technical,high,negative,english,technical_troubleshooting
TKT-00144,The same amount was taken from my card twice. Order number ORD-223794 seems to be the one affected.,billing,medium,neutral,english,refund_duplicate_charge
TKT-00768,this is the third time i'm reaching out about the same issue. two payements of the same amount showed up on my bank statement today. the amount is $24.99 each time. would you be able to reverse the second charge?,billing,high,negative,english,refund_duplicate_charge
TKT-04937,i've been trying to cancel for days but can't figure out how. i already tried to cancel through the website. can you also delete my stored payment information?,subscription,high,neutral,english,cancel_subscription
TKT-04846,"Hello, thank you in advance for your help. Please terminate my membership and confirm via email. I read the cancellation policy but still have questions!!",subscription,medium,neutral,english,cancel_subscription
TKT-01934,I haven't been able to update my password through your website. I need this sorted out as soon as possible.,account,medium,negative,english,reset_password
TKT-01006,this is absolutely unacceptable. the application is not responding after the latest update. i'd appreciate any help with this problem.,technical,high,negative,english,technical_troubleshooting
TKT-02185,I HAVEN'T BEEN ABLE to update my password through your website.,account,low,negative,english,reset_password
TKT-00970,This is absolutely unacceptable. The notification system seems completely broken on my end. I'm losing patience with this recurring issue.,technical,medium,negative,english,technical_troubleshooting
TKT-03185,I paid for express delivery but it's been 7 days already. I selected express delivery. I need to know when I'll receive my order.,shipping,low,negative,english,track_order
TKT-04592,I've been trying to cancel for days but can't figure out how. Thank you for processing this promptly.,subscription,medium,neutral,english,cancel_subscription
TKT-02214,I've had it with your service! I forgot my password and the reset link isn't working...,account,medium,negative,english,reset_password
TKT-01920,I requested a password reset but didn't get any email. Please help me regain access.,account,medium,neutral,english,reset_password
TKT-01467,I've had it with your service! Your website keeps displaying a blank screen on my browser. I've tried using different browsers but same issue. I rely on this app daily and can't afford downtime!!,technical,urgent,negative,english,technical_troubleshooting
TKT-03901,Seriously?? The item doesnt match the description and I want my money returned. The return tracking shows it was delivered back to your warehouse.,refund,high,negative,english,refund_duplicate_charge
TKT-00801,The same amount was taken from my card twice. Both transactions show $59.99.,billing,high,neutral,english,refund_duplicate_charge
TKT-00712,Two payments of the same amount showed up on my bank statement today. The duplicate amount is $199.99. I'd like to get my money back for the extra charge.,billing,high,negative,english,refund_duplicate_charge
TKT-01470,something is broken in the app — features that used to work don't anymore. this has been going on for 13 days now. i'm losing patience with this recurring issue.,technical,high,negative,english,technical_troubleshooting
TKT-01204,NOT HAPPY AT ALL. I can't get the app to work on my phone since yesterday. This has been going on for 8 days now.,technical,urgent,negative,english,technical_troubleshooting
TKT-03740,This is the third time I'm reaching out about the same issue. I was charged twice by mistake — can I get the extra amount returned?,refund,high,negative,english,refund_duplicate_charge
TKT-04805,Can I cancel mid-cycle and get a prorated refund? Can you also delete my stored payment information?,subscription,high,positive,english,cancel_subscription
TKT-03430,The SERVICE DIDN'T WORK as advertised — I want my money back. The amount I need returned is $199.99.,refund,high,negative,english,refund_duplicate_charge
TKT-03045,THIS IS ABSOLUTELY unacceptable. I'm worried my package got lost in transit. Is there any way to speed this up?,shipping,high,negative,english,track_order
TKT-03694,My return was approved weeks ago but the credit still hasn't appeared. I was charged $9.99 twice.,refund,medium,negative,english,refund_duplicate_charge
TKT-03002,I received a delivery confirmation but the package isn't here. My delivery address is correct — I've double checked. I need to know when I'll receive my order.,shipping,medium,negative,english,track_order
TKT-03858,The product broke within the first day — I need my money back. I returned the item via DHL on September 28th. How long will it take to get my money back?,refund,high,negative,english,refund_duplicate_charge
TKT-02069,I'm locked out of my account after too many failed attempts. Please help me regain access!!,account,medium,neutral,english,resolve_login_issue
TKT-03646,NOT HAPPY AT ALL. I was charged twice by mistake — can I get the extra amount returned? It's been 8 days since I requested my money back. Is there anything else you need from me to process this?,refund,urgent,negative,english,refund_duplicate_charge
TKT-00058,I've had it with your service! I think the system charged me twice when I placed my order. Each charge is for $19.99. This needs to be corrected immediatly.,billing,high,negative,english,refund_duplicate_charge
TKT-03124,My package seems to be stuck in transit. I selected express delivery.,shipping,low,neutral,english,track_order
TKT-03660,I accidentally purchased the wrong plan and need my money back. I have the receipt and can provide proof of the duplicate charge. Please confirm when the reversal has been issued.,refund,medium,negative,english,refund_duplicate_charge
TKT-01486,Your website keeps displaying a blank screen on my browser. I've already cleared the cache and reinstalled the app. I'm losing patience with this recurring issue.,technical,high,negative,english,technical_troubleshooting
TKT-04764,This is ridiculous. I'd like to end my membership effective immediatly. I read the cancellation policy but still have questions.,subscription,medium,negative,english,cancel_subscription
TKT-04646,Please remove my payment method and cancel the recurring charge. I don't see a cancel option in my account settings. Will I still have access until the end of the current period?,subscription,urgent,neutral,english,cancel_subscription
TKT-04533,I want to make sure I won't be charged next month. My plan is the Starter tier at $199.99/month.,subscription,medium,neutral,english,cancel_subscription
TKT-00513,"Greetings, I'm writing to inquire about something. I just checked my statement and there's a double payment. Each charge is for $79.99.",billing,high,neutral,english,refund_duplicate_charge
TKT-01110,The system keeps showing error code 503 when I try to access my data...,technical,urgent,negative,english,technical_troubleshooting
TKT-03878,This is ridiculous. I've been waiting over a month for the money to come back to my account. I have the receipt and can provide proof of the duplicate charge.,refund,high,negative,english,refund_duplicate_charge
TKT-03581,the duplicate charge on my card needs to be reversed immediately. i returned the item via fedex on last friday!!,refund,low,negative,english,refund_duplicate_charge
TKT-02168,i can't log into my account even though i'm using the correct credentials.,account,high,neutral,english,resolve_login_issue
TKT-00897,The search function in your app returns no results even though I know there should be matches.,technical,high,neutral,english,technical_troubleshooting
TKT-02014,I'm locked out because I forgot my password. I need this sorted out as soon as possible.,account,urgent,neutral,english,reset_password
TKT-03909,The PRODUCT I received is defective and I want my money back. The order number is ORD-960960. I just want my money returned.,refund,high,negative,english,refund_duplicate_charge
TKT-04106,"The product I received is defective and I want my money back. The return tracking shows it was delivered back to your warehouse. I want a full reimbursement, not store credit.",refund,medium,negative,english,refund_duplicate_charge
TKT-02060,How do I change my password? The current one doesn't work. Please advise on what to do next!!,account,medium,negative,english,reset_password
TKT-01507,The download keeps failing at 80 percent every single time. The error code I'm seeing is ERR-5028. How can I get this working again?,technical,high,negative,english,technical_troubleshooting
TKT-02608,the courier says they delivered it but i never received anything. i'd like to file a complaint about the delivery service.,shipping,urgent,neutral,english,track_order
TKT-03149,"I placed an order on yesterday and it still hasn't been delivered. I've contacted the courier but they redirected me to you. If it's lost, I need a replacement or refund.",shipping,low,neutral,english,track_order
TKT-02614,The courier says they delivered it but I never received anything. I ordered on on the 15th.,shipping,medium,negative,english,track_order
TKT-04265,How do I stop my recurring payement? I read the cancellation policy but still have questions. Thank you for processing this promptly.,subscription,urgent,negative,english,cancel_subscription
TKT-01393,The software freezes whenever I try to save my work. This has been going on for 4 days now. I rely on this app daily and can't afford downtime.,technical,medium,neutral,english,technical_troubleshooting
TKT-04559,I don't want to renew my annual plan. I read the cancellation policy but still have questions.,subscription,medium,neutral,english,cancel_subscription
TKT-04989,"Good morning, I'd like some help please. The service isn't worth the monthly fee anymore. Make sure no further charges are applied.",subscription,low,neutral,english,cancel_subscription
TKT-03573,I am extremely frustrated. I was charged twice by mistake — can I get the extra amount returned?,refund,high,negative,english,refund_duplicate_charge
TKT-00893,Your website keeps displaying a blank screen on my browser. Is this a known issue? Are you working on a fix?,technical,medium,negative,english,technical_troubleshooting
TKT-00715,I was charged twice for the same purchase this month. Please investigate and process a correction.,billing,high,negative,english,refund_duplicate_charge
TKT-03325,I haven't received any shipping updates since I placed my order. I chose standard delivery. I'd like to file a complaint about the delivery service.,shipping,high,neutral,english,track_order
TKT-04025,I can't believe this is happening again. My return was approved weeks ago but the credit still hasn't appeared. I was charged $199.99 twice. I just want my money returned,refund,high,negative,english,refund_duplicate_charge
TKT-02140,This is the third time I'm reaching out about the same issue. Can someone manually reset my password? The automated system isn't working for me. I can provide ID verification if needed. Please advise on what to do next.,account,high,negative,english,reset_password
TKT-03621,I accidentally purchased the wrong plan and need my money back. It's been 13 days since I requested my money back. This has gone on too long — I want my money back now.,refund,low,neutral,english,refund_duplicate_charge
TKT-03054,My order has been 'out for delivery' for three days straight. Please provide an updated delivery estimate.,shipping,medium,neutral,english,track_order
TKT-04880,I want to cancel my monthly plan,subscription,low,negative,english,cancel_subscription
TKT-04465,I am extremely frustrated. Please cancel my auto-renewal — I don't want to be charged again,subscription,low,negative,english,cancel_subscription
TKT-03172,The estimated arrival keeps getting pushed back. I ordered on on the 15th. Can you contact the courier on my behalf?,shipping,medium,positive,english,track_order
TKT-02353,I can't sign in from my new phone. My registered email is a***@gmail.com.,account,high,neutral,english,resolve_login_issue
TKT-01993,The CAPTCHA on the login page keeps failing even when I solve it correctly.,account,high,neutral,english,resolve_login_issue
TKT-01385,"Honestly, this is the worst experience. The page loads very slowly and sometimes times out completely.",technical,high,negative,english,technical_troubleshooting
TKT-01940,The login page just keeps refreshing without letting me in. My username is techuser99. Please help me regain access.,account,medium,neutral,english,resolve_login_issue
TKT-02046,I can't remember my password and need to regain access. I've been a customer since 2022.,account,medium,neutral,english,reset_password
TKT-01347,I'm getting a weird error message when I use the application. It works fine on my laptop but not on my desktop computer.,technical,medium,neutral,english,technical_troubleshooting
TKT-04408,Please remove my payment method and cancel the recurring charge. I need a confirmation email once it's done!!,subscription,medium,negative,english,cancel_subscription
TKT-02387,The password reset email never arrives in my inbox. I checked my spam folder but nothing is there.,account,high,negative,english,reset_password
TKT-03713,I was charged twice by mistake — can I get the extra amount returned? The order number is ORD-720490. This has gone on too long — I want my money back now.,refund,high,negative,english,refund_duplicate_charge
TKT-01179,I keep getting kicked out of the app randomly. I've already cleared the cache and reinstalled the app. I'd appreciate any help with this problem.,technical,high,negative,english,technical_troubleshooting
TKT-02478,I can't log into my account even though I'm using the correct credentials. My username is user12345. Please help me regain access.,account,urgent,negative,english,resolve_login_issue
TKT-02244,I'm locked out of my account after too many failed attempts. I checked my spam folder but nothing is there.,account,medium,negative,english,resolve_login_issue
TKT-02744,"Greetings, I'm writing to inquire about something. My order still hasn't arrived and it's been over two weeks. Can you contact the courier on my behalf? Best wishes.",shipping,urgent,positive,english,track_order
TKT-03615,My order arrived damaged and I need a full reimbursement. I have the receipt and can provide proof of the duplicate charge. I need the amount credited to my original payment method.,refund,high,neutral,english,refund_duplicate_charge
TKT-03345,I accidentally purchased the wrong plan and need my money back. The return tracking shows it was delivered back to your warehouse.,refund,low,positive,english,refund_duplicate_charge
TKT-01621,Something is broken in the app — features that used to work don't anymore. I've tried restarting my iPad but the problem persists. I rely on this app daily and can't afford downtime.,technical,high,negative,english,technical_troubleshooting
TKT-04762,I want to unsubscribe from the premium tier. I don't see a cancel option in my account settings.,subscription,medium,neutral,english,cancel_subscription
TKT-00118,I see an unauthorized duplicate deduction on my account. This happened on last Monday. I need the extra payment reversed as soon as possible.,billing,high,positive,english,refund_duplicate_charge
TKT-01412,"hello, i hope you're having a good day. the download keeps failing at 80 percent every single time. i attached a screenshot but can't include it here. can you provide a timeline for when this will be resolved?",technical,urgent,neutral,english,technical_troubleshooting
TKT-01622,I keep getting kicked out of the app randomly. I've already cleared the cache and reinstalled the app.,technical,high,positive,english,technical_troubleshooting
TKT-03181,Can you tell me where my order is right now? I need someone to investigate what happened to my package.,shipping,urgent,negative,english,track_order
TKT-04561,I want to stop all future charges related to my plan. How soon will the cancellation take effect?,subscription,medium,negative,english,cancel_subscription
TKT-00193,Looks like the payement went through two times. How do I get the extra amount refunded?,billing,high,negative,english,refund_duplicate_charge
TKT-01038,seriously?? i keep getting a connection error when i try to use the app. i need this fixed as soon as possible.,technical,medium,negative,english,technical_troubleshooting
TKT-04626,I'd like to end my membership effective immediatly. I don't want any retention offers — just cancel please.,subscription,medium,negative,english,cancel_subscription
TKT-03563,I CANCELED MY ORDER BUT the charge still went through. I was charged $9.99 twice. Please return my payment as soon as possible.,refund,high,negative,english,refund_duplicate_charge
TKT-00559,"There are duplicate charges showing on my card. My monthly payment should be $59.99, not double that. I need the extra payment reversed as soon as possible.",billing,high,negative,english,refund_duplicate_charge
TKT-02040,This is the third time I'm reaching out about the same issue. I can't sign in from my new phone. My username is david.lee.,account,high,negative,english,resolve_login_issue
TKT-00528,Your system appears to have processed my payment twice. Reference number: ORD-479891. This needs to be corrected immediately!!,billing,high,negative,english,refund_duplicate_charge
TKT-01889,I'm getting a 'session expired' message immediately after logging in. Please help me regain access.,account,high,neutral,english,resolve_login_issue
TKT-01362,"Honestly, this is the worst experience. I keep getting a connection error when I try to use the app. I'm using version 3.9.2 on Android phone.",technical,high,negative,english,technical_troubleshooting
TKT-02867,NOT HAPPY AT ALL. The estimated arrival keeps getting pushed back. I'd like to file a complaint about the delivery service.,shipping,low,negative,english,track_order
TKT-00170,I've been charged an extra amount that I didn't authorize. Please fix this and credit my account.,billing,high,negative,english,refund_duplicate_charge
TKT-02229,"Good afternoon, I was wondering if you could assist me. My temporary password stopped working before I could set a new one. Is there another way to verify my identity?",account,high,neutral,english,reset_password
TKT-01059,"Greetings, I'm writing to inquire about something. I can't get the app to work on my phone since yesterday.",technical,high,positive,english,technical_troubleshooting
TKT-04909,Can I cancel mid-cycle and get a prorated refund? Just want this taken care of.,subscription,low,neutral,english,cancel_subscription
TKT-04401,Please terminate my membership and confirm via email. I'm currently on the Standard plan. Thank you for processing this promptly.,subscription,medium,neutral,english,cancel_subscription
TKT-01149,The page loads very slowly and sometimes times out completely. This started happening after the last update.,technical,high,neutral,english,technical_troubleshooting
TKT-02613,MY PACKAGE SEEMS to be stuck in transit.,shipping,medium,negative,english,track_order
TKT-03432,I'm not satisfied with my purchase and would like to return it. I have the receipt and can provide proof of the duplicate charge.,refund,high,negative,english,refund_duplicate_charge
TKT-00338,"Good afternoon, I was wondering if you could assist me. I see an unauthorized duplicate deduction on my account. I noticed this when I checked my statement on last Monday.",billing,high,neutral,english,refund_duplicate_charge
TKT-03304,Tracking shows my order is in a completely different city. I selected express delivery.,shipping,low,neutral,english,track_order
TKT-04868,"Greetings, I'm writing to inquire about something. I want to cancel my monthly plan. I read the cancellation policy but still have questions.",subscription,low,neutral,english,cancel_subscription
TKT-04698,Can you help me cancel before the next payment cycle? My plan is the Pro tier at $149.99/month!!,subscription,high,neutral,english,cancel_subscription
TKT-02634,"I've had it with your service! The estimated arrival keeps getting pushed back. This is a gift and I needed it by a specific date. If it's lost, I need a replacement or refund.",shipping,medium,negative,english,track_order
TKT-00554,I am extremely frustrated. My card was debited twice for a single order. The duplicate amount is $24.99. Please investigate and process a correction.,billing,medium,negative,english,refund_duplicate_charge
TKT-02075,I've wasted so much time on this already. The login button is greyed out and I can't click it. I've verified my email address already.,account,medium,negative,english,resolve_login_issue
TKT-00273,I noticed an extra charge on my credit card statement. The amount is $49.99 each time. Would you be able to reverse the second charge?,billing,urgent,neutral,english,refund_duplicate_charge
TKT-02426,"Every time I try to sign in, it says 'invalid credentials'. I checked my spam folder but nothing is there.",account,medium,negative,english,resolve_login_issue
TKT-04469,"Greetings, I'm writing to inquire about something. I no longer need the service and want to cancel. I already tried to cancel through the website. Thank you for processing this promptly.",subscription,low,neutral,english,cancel_subscription
TKT-03842,I've been waiting over a month for the money to come back to my account. The return tracking shows it was delivered back to your warehouse. Please return my payment as soon as possible.,refund,urgent,negative,english,refund_duplicate_charge
TKT-00419,Your system appears to have processed my payment twice. Order number ORD-315936 seems to be the one affected.,billing,urgent,positive,english,refund_duplicate_charge
TKT-04602,I need to downgrade or cancel my current plan. Please confirm the cancellation in writing.,subscription,urgent,negative,english,cancel_subscription
TKT-04206,Can you help me cancel before the next payment cycle? I'm currently on the Standard plan. Please confirm the cancellation in writing!!,subscription,medium,negative,english,cancel_subscription
TKT-00770,NOT HAPPY AT ALL. My card was debited twice for a single order.,billing,urgent,negative,english,refund_duplicate_charge
TKT-02074,I enter my email and password but nothing happens. Please help me regain access!!,account,high,negative,english,resolve_login_issue
TKT-00329,"The same amount was taken from my card twice. My monthly payment should be $149.99, not double that.",billing,urgent,neutral,english,refund_duplicate_charge
TKT-00936,Something is broken in the app — features that used to work don't anymore. Can you provide a timeline for when this will be resolved?,technical,high,negative,english,technical_troubleshooting
TKT-01491,The notification system seems completely broken on my end. I'm using version 3.9.2 on iPhone.,technical,high,negative,english,technical_troubleshooting
TKT-02674,I am extremely frustrated. Where is my order? The estimated delivery date has passed. Can you contact the courier on my behalf?,shipping,medium,negative,english,track_order
TKT-02223,I ENTER MY EMAIL and password but nothing happens. I've been a customer since 2022. I need this sorted out as soon as possible.,account,low,negative,english,resolve_login_issue
TKT-00057,I received two charge notifications for one transaction. Please investigate and process a correction.,billing,medium,negative,english,refund_duplicate_charge
TKT-04642,Can you help me cancel before the next payment cycle? I don't want any retention offers — just cancel please.,subscription,high,neutral,english,cancel_subscription
TKT-03317,my package seems to be stuck in transit. i've contacted the courier but they redirected me to you. can you check the status of my delivery?,shipping,low,negative,english,track_order
TKT-00029,This is the third time I'm reaching out about the same issue. Could you check my recent transactions? There seem to be two identical ones. The duplicate amount is $49.99.,billing,medium,negative,english,refund_duplicate_charge
TKT-00967,The app is super slow and basically unusable right now. My internet connection is fine — other apps work normally. I'd appreciate any help with this problem.,technical,high,negative,english,technical_troubleshooting
TKT-03974,not happy at all. the item doesn't match the description and i want my money returned. i just want my money returned.,refund,urgent,negative,english,refund_duplicate_charge
TKT-01796,The login page just keeps refreshing without letting me in. I've been a customer since 2022. Can you send me a manual reset link?,account,medium,neutral,english,resolve_login_issue
TKT-00610,I've had it with your service! I received two charge notifications for one transaction. The amount is $199.99 each time.,billing,urgent,negative,english,refund_duplicate_charge
TKT-04768,I don't want to renew my annual plan. I already tried to cancel through the website. Can you also delete my stored payment information?,subscription,medium,negative,english,cancel_subscription
TKT-03600,my order arrived damaged and i need a full reimbursement. this has gone on too long — i want my money back now.,refund,medium,neutral,english,refund_duplicate_charge
TKT-01678,"Every time I try to sign in, it says 'invalid credentials'.",account,urgent,negative,english,resolve_login_issue
TKT-02547,The tracking information hasn't been updated in five days. This is a gift and I needed it by a specific date. Can you contact the courier on my behalf?,shipping,high,negative,english,track_order
TKT-04789,How do I stop my recurring payment? My plan is the Enterprise tier at $199.99/month. I need a confirmation email once it's done.,subscription,medium,positive,english,cancel_subscription
TKT-04134,I'm not satisfied with my purchase and would like to return it,refund,urgent,negative,english,refund_duplicate_charge
TKT-02405,How DO I CHANGE my password? The current one doesn't work. I've already tried from multiple devices. Is there another way to verify my identity?,account,low,negative,english,reset_password
TKT-03284,I recieved a delivery confirmation but the package isn't here. I chose standard delivery. I need to know when I'll receive my order.,shipping,low,negative,english,track_order
TKT-03270,Tracking shows my order is in a completely different city. This is a gift and I needed it by a specific date. Is there any way to speed this up?,shipping,medium,neutral,english,track_order
TKT-01089,"Honestly, this is the worst experience. Your website keeps displaying a blank screen on my browser. I attached a screenshot but can't include it here. Is this a known issue? Are you working on a fix?",technical,high,negative,english,technical_troubleshooting
TKT-03117,The delivery was supposed to arrive by last Friday.,shipping,medium,negative,english,track_order
TKT-00475,I see an unauthorized duplicate deduction on my account. Please reverse the duplicate charge.,billing,urgent,negative,english,refund_duplicate_charge
TKT-02565,"Hi, I hope this message finds you well. The delivery was supposed to arrive by last Monday. I've contacted the courier but they redirected me to you. I need someone to investigate what happened to my package.",shipping,medium,neutral,english,track_order
TKT-02025,can someone manually reset my password? the automated system isn't working for me. i've verified my email address already. can you send me a manual reset link?,account,medium,neutral,english,reset_password
TKT-00693,There's a charge I don't recognize that matches my last payment exactly. Kindly process a refund for the duplicate transaction.,billing,high,neutral,english,refund_duplicate_charge
TKT-03312,This is the third time I'm reaching out about the same issue. Where is my order? The estimated delivery date has passed. I selected express delivery.,shipping,low,negative,english,track_order
TKT-04197,"Hi there, I have a question. Please cancel my auto-renewal — I don't want to be charged again. I'm currently on the Pro plan.",subscription,low,neutral,english,cancel_subscription
TKT-03433,I never received my order but I was charged for it. The return tracking shows it was delivered back to your warehouse.,refund,urgent,negative,english,refund_duplicate_charge
TKT-01492,I am extremely frustrated. The system keeps showing error code 503 when I try to access my data. Is there a workaround I can try in the meantime?,technical,low,negative,english,technical_troubleshooting
TKT-02157,I can't sign in from my new phone. I've been a customer since 2024. Is there another way to verify my identity?,account,medium,neutral,english,resolve_login_issue
TKT-02475,The login page just keeps refreshing without letting me in. I checked my spam folder but nothing is there. I can't access any of my saved data without logging in.,account,high,negative,english,resolve_login_issue
TKT-04344,I no longer need the service and want to cancel. Will I still have acess until the end of the current period?,subscription,urgent,neutral,english,cancel_subscription
TKT-00237,My credit card was billed double for my recent purchase. The amount is $29.99 each time. I expect a refund for the duplicate amount.,billing,high,negative,english,refund_duplicate_charge
TKT-01681,NOT HAPPY AT ALL. I've been trying to reset my password for the past hour. My registered email is user***@mail.com. Please help me regain acess.,account,medium,negative,english,reset_password
TKT-02869,Is there A WAY TO EXPEDITE my delivery?,shipping,medium,negative,english,track_order
TKT-03206,My parcel has been sitting at the distribution center for a week. Please provide an updated delivery estimate.,shipping,high,negative,english,track_order
TKT-04424,i've been trying to cancel for days but can't figure out how. i read the cancellation policy but still have questions. please confirm the cancellation in writing.,subscription,medium,neutral,english,cancel_subscription
TKT-04736,please terminate my membership and confirm via email. i'm currently on the basic plan. please confirm the cancellation in writing.,subscription,high,neutral,english,cancel_subscription
TKT-04756,I want to make sure I won't be charged next month. I don't see a cancel option in my account settings. I need a confirmation email once it's done.,subscription,low,negative,english,cancel_subscription
TKT-00807,There's a charge I don't recognize that matches my last payment exactly. I noticed this when I checked my statement on two days ago. I expect a refund for the duplicate amount.,billing,low,negative,english,refund_duplicate_charge
TKT-04954,Can you help ME CANCEL before the next payment cycle?,subscription,high,negative,english,cancel_subscription
TKT-01313,I'm experiencing constant buffering and lag on your platform. I've spent hours trying to fix this myself...,technical,high,negative,english,technical_troubleshooting
TKT-02631,My neighbor says no delivery attempt was made at my address. I need someone to investigate what happened to my package.,shipping,urgent,neutral,english,track_order
TKT-02647,The delivery was supposed to arrive by September 28th,shipping,high,neutral,english,track_order
TKT-04547,I need to downgrade or cancel my current plan. My next payment date is yesterday.,subscription,urgent,neutral,english,cancel_subscription
TKT-03047,I've had it with your service! Where is my order? The estimated delivery date has passed. My order number is ORD-828437. Please provide an updated delivery estimate.,shipping,high,negative,english,track_order
TKT-01570,The software freezes whenever I try to save my work. I'd appreciate any help with this problem.,technical,medium,neutral,english,technical_troubleshooting
TKT-03159,"Hi, I hope this message finds you well. My neighbor says no delivery attempt was made at my address. This is a gift and I needed it by a specific date.",shipping,medium,neutral,english,track_order
TKT-01003,This is the third time I'm reaching out about the same issue. The application is not responding after the latest update. I've tried using different browsers but same issue. Can someone please help me resolve this?,technical,high,negative,english,technical_troubleshooting
TKT-04402,"Hello, thank you in advance for your help. How do I stop my recurring payment? My next payment date is two days ago. Please confirm the cancellation in writing Thanks in advance!",subscription,medium,positive,english,cancel_subscription
TKT-01346,Seriously?? The system keeps showing error code 503 when I try to access my data. The error code I'm seeing is ERR-4113. Can you provide a timeline for when this will be resolved?,technical,high,negative,english,technical_troubleshooting
TKT-04593,Can I cancel mid-cycle and get a prorated refund? I've been a member since 2021. Please confirm the cancellation in writing.,subscription,low,positive,english,cancel_subscription
TKT-01947,I haven't been able to access my account since last week. I can provide ID verification if needed. I need this sorted out as soon as possible.,account,high,positive,english,resolve_login_issue
TKT-03574,The item doesn't match the description and I want my money returned.,refund,high,negative,english,refund_duplicate_charge
TKT-04548,Please remove my payment method and cancel the recurring charge.,subscription,low,neutral,english,cancel_subscription
TKT-01949,I need to change my password but I can't find the option. This is urgent as I need access for work.,account,medium,neutral,english,reset_password
TKT-04243,CAN YOU HELP me cancel before the next payment cycle? My plan is the Enterprise tier at $149.99/month.,subscription,medium,negative,english,cancel_subscription
TKT-02172,I need to change my password but I can't find the option. I checked my spam folder but nothing is there.,account,medium,negative,english,reset_password
TKT-02117,"I get an error saying my account doesn't exist, but I've had it for years. My registered email is d***@outlook.com. Please advise on what to do next.",account,medium,negative,english,resolve_login_issue
TKT-03212,This is ridiculous. THE ESTIMATED arrival keeps getting pushed back. The tracking number is TRK3317650146.,shipping,urgent,negative,english,track_order
TKT-03916,This is ridiculous. I accidentally purchased the wrong plan and need my money back...,refund,high,negative,english,refund_duplicate_charge
TKT-04316,I don't want to renew my annual plan.,subscription,medium,neutral,english,cancel_subscription
TKT-04483,Please cancel my auto-renewal — I don't want to be charged again. My next payment date is on the 15th.,subscription,high,neutral,english,cancel_subscription
TKT-01736,The reset link I received says it has expired. My username is techuser99.,account,medium,neutral,english,reset_password
TKT-03063,My parcel has been sitting at the distribution center for a week. My delivery adress is correct — I've double checked.,shipping,urgent,negative,english,track_order
TKT-04947,I signed up by mistake and need to cancel right away. I don't see a cancel option in my account settings. I need a confirmation email once it's done.,subscription,medium,neutral,english,cancel_subscription
TKT-02220,I'm really upset about this. I keep getting 'invalid token' when I click the reset link. I've already tried from multiple devices. What steps do I need to take to fix this?,account,urgent,negative,english,reset_password
TKT-01308,the application is not responding after the latest update. i've already tried all the basic troubleshooting steps. please escalate this if necessary.,technical,high,negative,english,technical_troubleshooting
TKT-02243,The reset link I received says it has expired. This is urgent as I need access for work.,account,high,neutral,english,reset_password
TKT-03351,My order ARRIVED DAMAGED AND I need a full reimbursement.,refund,medium,negative,english,refund_duplicate_charge
TKT-00415,"I can't believe this is happening again. There are duplicate charges showing on my card. Reference number: ORD-928416. I need this resolved quickly, please.",billing,medium,negative,english,refund_duplicate_charge
TKT-02454,I'm locked out because I forgot my password. Can you send me a manual reset link?,account,urgent,negative,english,reset_password
TKT-02077,I've been trying to reset my password for the past hour. I've verified my email address already. I can't access any of my saved data without logging in.,account,low,neutral,english,reset_password
TKT-01635,The download keeps failing at 80 percent every single time. Other users in my household are experiencing the same thing.,technical,high,neutral,english,technical_troubleshooting
TKT-00621,"honestly, this is the worst experience. could you check my recent transactions? there seem to be two identical ones.",billing,high,negative,english,refund_duplicate_charge
TKT-04452,I tried to cancel online but the button doesn't seem to work. My plan is the Basic tier at $149.99/month.,subscription,medium,neutral,english,cancel_subscription
TKT-01536,My data isn't syncing across devices anymore. I've spent hours trying to fix this myself...,technical,medium,negative,english,technical_troubleshooting
TKT-04538,I want to cancel my monthly plan. I've been a member since 2021.,subscription,urgent,positive,english,cancel_subscription
TKT-02538,I've had it with your service! I want to know why my package is taking so long. I chose standard delivery. I need to know when I'll receive my order.,shipping,high,negative,english,track_order
TKT-03540,I was charged twice by mistake — can I get the extra amount returned? I need the amount credited to my original payment method.,refund,high,negative,english,refund_duplicate_charge
TKT-01977,I tried resetting my password but I get an error. I've already tried from multiple devices. Please advise on what to do next.,account,urgent,neutral,english,reset_password
TKT-04860,I'd like to end my membership effective immediately. I don't see a cancel option in my account settings. Will I still have access until the end of the current period?,subscription,high,negative,english,cancel_subscription
TKT-01644,The software freezes whenever I try to save my work. This started happening after the last update. I've spent hours trying to fix this myself.,technical,high,negative,english,technical_troubleshooting
TKT-01323,The notification system seems completely broken on my end. I've tried using different browsers but same issue. I'd appreciate any help with this problem.,technical,low,negative,english,technical_troubleshooting
TKT-01220,I keep getting kicked out of the app randomly. I rely on this app daily and can't afford downtime.,technical,medium,neutral,english,technical_troubleshooting
TKT-00736,"There's a charge I don't recognize that matches my last payment exactly. My monthly payment should be $39.99, not double that.",billing,urgent,negative,english,refund_duplicate_charge
TKT-04056,I can't believe this is happening again. The duplicate charge on my card needs to be reversed immediately.,refund,high,negative,english,refund_duplicate_charge
TKT-01742,I enter my email and password but nothing happens. This is urgent as I need access for work.,account,medium,neutral,english,resolve_login_issue
TKT-02526,I haven't received any shipping updates since I placed my order. Can you contact the courier on my behalf?,shipping,medium,negative,english,track_order
TKT-04086,I was overcharged and need the difference returned to my card. I just want my money returned.,refund,high,negative,english,refund_duplicate_charge
TKT-00745,"this is the third time i'm reaching out about the same issue. i've been charged an extra amount that i didn't authorize. i was expecting only one charge of $24.99. i need this resolved quickly, please.",billing,medium,negative,english,refund_duplicate_charge
TKT-01569,"Greetings, I'm writing to inquire about something. I'm experiencing constant buffering and lag on your platform. I've spent hours trying to fix this myself Regards.",technical,urgent,positive,english,technical_troubleshooting
TKT-04173,How do I stop my recurring payment?,subscription,high,negative,english,cancel_subscription
TKT-03287,Where is my order? The estimated delivery date has passed. I've contacted the courier but they redirected me to you. I'd like to file a complaint about the delivery service.,shipping,high,neutral,english,track_order
TKT-03178,I can't believe this is happening again. The delivery was supposed to arrive by two days ago.,shipping,high,negative,english,track_order
TKT-03436,The duplicate charge on my card needs to be reversed immediatly,refund,high,neutral,english,refund_duplicate_charge
TKT-01504,I'm getting a weird error message when I use the application. I attached a screenshot but can't include it here. Can you provide a timeline for when this will be resolved?,technical,urgent,neutral,english,technical_troubleshooting
TKT-02503,Tracking shows my order is in a completely different city. Can you contact the courier on my behalf?,shipping,urgent,neutral,english,track_order
TKT-04657,"hello, i hope you're having a good day. i tried to cancel online but the button doesnt seem to work.",subscription,low,neutral,english,cancel_subscription
TKT-02397,How do I change my password? The current one doesn't work. This is becoming very frustrating.,account,medium,neutral,english,reset_password
TKT-00195,I'm seeing a repeated charge that shouldn't be there.,billing,medium,negative,english,refund_duplicate_charge
TKT-02970,I need to track my package but the tracking number doesn't work. I need someone to investigate what happened to my package.,shipping,low,negative,english,track_order
TKT-01881,"Good afternoon, I was wondering if you could assist me. Every time I try to sign in, it says 'invalid credentials'. My username is customer2024. This is becoming very frustrating.",account,high,neutral,english,resolve_login_issue
TKT-00760,My bank shows two identical transactions from your company. Both transactions show $59.99. I want the overcharge refunded to my card.,billing,urgent,negative,english,refund_duplicate_charge
TKT-01771,I haven't been able to access my account since last week. I'd appreciate a quick resolution...,account,high,neutral,english,resolve_login_issue
TKT-02562,I placed an order on on the 15th and it still hasn't been delivered. I've contacted the courier but they redirected me to you. Can you check the status of my delivery?,shipping,high,negative,english,track_order
TKT-02116,"Good afternoon, I was wondering if you could assist me. I'm locked out of my account after too many failed attempts. I can't access any of my saved data without logging in.",account,medium,neutral,english,resolve_login_issue
TKT-00495,"I am so done with this. Looks like the payment went through two times. My monthly payment should be $24.99, not double that. I would appreciate it if you could refund the extra amount.",billing,high,negative,english,refund_duplicate_charge
TKT-01828,"I get an error saying my account doesn't exist, but I've had it for years. I've verified my email address already. Please help me regain access.",account,low,neutral,english,resolve_login_issue
TKT-03396,I've wasted so much time on this already. My order arrived damaged and I need a full reimbursement.,refund,high,negative,english,refund_duplicate_charge
TKT-02005,The CAPTCHA on the login page keeps failing even when I solve it correctly. I've already tried from multiple devices. I'd apreciate a quick resolution.,account,medium,negative,english,resolve_login_issue
TKT-04825,I am so done with this. The service isn't worth the monthly fee anymore. Please confirm the cancellation in writing,subscription,medium,negative,english,cancel_subscription
TKT-03687,I paid twice by mistake and need one payment returned.,refund,high,neutral,english,refund_duplicate_charge
TKT-02773,"I want to know why my package is taking so long. I chose standard delivery. If it's lost, I need a replacement or refund.",shipping,urgent,negative,english,track_order
TKT-04791,"Dear support team, I want to stop all future charges related to my plan. I've been a member since 2022. I need a confirmation email once it's done",subscription,medium,neutral,english,cancel_subscription
TKT-02816,The estimated arrival keeps getting pushed back. This is a gift and I needed it by a specific date!!,shipping,medium,negative,english,track_order
TKT-02215,This IS RIDICULOUS. I haven't been able to access my account since last week. I can provide ID verification if needed. I'd appreciate a quick resolution.,account,high,negative,english,resolve_login_issue
TKT-02071,I can't sign in from my new phone. Can you send me a manual reset link?,account,urgent,neutral,english,resolve_login_issue
TKT-02814,i paid for express delivery but it's been 5 days already. i chose standard delivery.,shipping,medium,neutral,english,track_order
TKT-03810,i was charged twice by mistake — can i get the extra amount returned?,refund,high,negative,english,refund_duplicate_charge
TKT-00060,I AM EXTREMELY FRUSTRATED. There's a charge I don't recognize that matches my last payment exactly. I noticed this when I checked my statement on last week. Please reverse the duplicate charge.,billing,medium,negative,english,refund_duplicate_charge
TKT-00567,I think the system charged me twice when I placed my order. The duplicate amount is $24.99. I need the extra payment reversed as soon as possible.,billing,high,negative,english,refund_duplicate_charge
TKT-00426,"Hi, I hope this message finds you well. Something went wrong with my payment — the amount was deducted two times. I would appreciate it if you could refund the extra amount Thanks in advance!",billing,medium,positive,english,refund_duplicate_charge
TKT-02685,The courier says they delivered it but I never received anything. My delivery adress is correct — I've double checked.,shipping,medium,negative,english,track_order
TKT-01185,The application is not responding after the latest update. I've already tried all the basic troubleshooting steps. I need this fixed as soon as possible.,technical,medium,negative,english,technical_troubleshooting
TKT-03410,Seriously?? The product broke within the first day — I need my money back. I have the receipt and can provide proof of the duplicate charge!!,refund,high,negative,english,refund_duplicate_charge
TKT-04284,Please remove my payment method and cancel the recurring charge. I don't see a cancel option in my account settings. Make sure no further charges are applied!!,subscription,low,negative,english,cancel_subscription
TKT-01455,The notification system seems completely broken on my end. It works fine on my laptop but not on my Samsung tablet. This is really affecting my work.,technical,medium,negative,english,technical_troubleshooting
TKT-00503,I am so done with this. I'm seeing a repeated charge that shouldn't be there. I was expecting only one charge of $199.99. Please reverse the duplicate charge!!,billing,high,negative,english,refund_duplicate_charge
TKT-01139,I can't get THE APP TO WORK on my phone since yesterday. The error code I'm seeing is ERR-5476. Please escalate this if necessary.,technical,high,negative,english,technical_troubleshooting
TKT-01788,"Every time I try to sign in, it says 'invalid credentials'. This is becoming very frustrating.",account,high,negative,english,resolve_login_issue
TKT-02489,I'm locked out becuase I forgot my password. This is becoming very frustrating.,account,high,negative,english,reset_password
TKT-01862,"Greetings, I'm writing to inquire about something. Can someone manually reset my password? The automated system isn't working for me. I've already tried from multiple devices.",account,medium,positive,english,reset_password
TKT-04611,I AM SO DONE WITH THIS. I want to stop all future charges related to my plan,subscription,high,negative,english,cancel_subscription
TKT-01852,Seriously?? My account shows as deactivated but I never deactivated it. What steps do I need to take to fix this?,account,urgent,negative,english,resolve_login_issue
TKT-01958,My account shows as deactivated but I never deactivated it.,account,medium,negative,english,resolve_login_issue
TKT-01364,The notification system seems completely broken on my end. This started happening after the last update.,technical,urgent,negative,english,technical_troubleshooting
TKT-00747,I see an unauthorized duplicate deduction on my account. Please fix this and credit my account.,billing,medium,neutral,english,refund_duplicate_charge
TKT-00194,The payment for my last order appears duplicated. I noticed this when I checked my statement on yesterday. How do I get the extra amount refunded?,billing,high,negative,english,refund_duplicate_charge
TKT-03847,I am extremely frustrated. I've been waiting over a month for the money to come back to my account. Please confirm when the reversal has been issued!!,refund,urgent,negative,english,refund_duplicate_charge
TKT-00864,The notification system seems completely broken on my end. The error code I'm seeing is ERR-1986. I need this fixed as soon as possible.,technical,high,negative,english,technical_troubleshooting
TKT-01310,my data isn't syncing across devices anymore. i need this fixed as soon as possible.,technical,medium,negative,english,technical_troubleshooting
TKT-04658,I signed up by mistake and need to cancel right away. I've been a member since 2022. Please confirm the cancellation in writing,subscription,high,neutral,english,cancel_subscription
TKT-01033,"Good morning, I'd like some help please. I keep getting a connection error when I try to use the app. I've already tried all the basic troubleshooting steps.",technical,urgent,neutral,english,technical_troubleshooting
TKT-00026,Seriously?? I see an unauthorized duplicate deduction on my account. How do I get the extra amount refunded?,billing,medium,negative,english,refund_duplicate_charge
TKT-03106,I recieved a delivery confirmation but the package isn't here.,shipping,medium,negative,english,track_order
TKT-03347,I'm not satisfied with my purchase and would like to return it. The amount I need returned is $9.99. I'm going to dispute the charge with my bank if this isn't resolved.,refund,high,negative,english,refund_duplicate_charge
TKT-00826,"Good afternoon, I was wondering if you could assist me. Could you check my recent transactions? There seem to be two identical ones. This happened on September 28th. This needs to be corrected immediately",billing,high,neutral,english,refund_duplicate_charge
TKT-03817,Seriously?? I never received my order but I was charged for it. The amount I need returned is $99.99. Please return my payment as soon as possible.,refund,urgent,negative,english,refund_duplicate_charge
TKT-02443,Single sign-on with Google isn't working for my account anymore. I've been a customer since 2024. What steps do I need to take to fix this?,account,medium,neutral,english,resolve_login_issue
TKT-03108,I paid for express delivery but it's been 13 days already. This is a gift and I needed it by a specific date. I'm very disappointed with the delivery experience.,shipping,medium,negative,english,track_order
TKT-04721,Please cancel my auto-renewal — I don't want to be charged again. My plan is the Basic tier at $49.99/month. How soon will the cancellation take effect?,subscription,high,neutral,english,cancel_subscription
TKT-04388,Please remove my payement method and cancel the recurring charge. I read the cancellation policy but still have questions. Will I still have access until the end of the current period?,subscription,low,positive,english,cancel_subscription
TKT-02753,Tracking shows my order is in a completely different city. My order number is ORD-715629.,shipping,medium,neutral,english,track_order
TKT-00422,I noticed an extra charge on my credit card statement. I need the extra payment reversed as soon as possible,billing,medium,negative,english,refund_duplicate_charge
TKT-01979,I forgot my password and the reset link isn't working. I checked my spam folder but nothing is there.,account,urgent,neutral,english,reset_password
TKT-02100,I keep getting 'invalid token' when I click the reset link. This is urgent as I need acess for work.,account,medium,neutral,english,reset_password
TKT-01805,I can't believe this is happening again. I tried resetting my password but I get an error. I've verified my email address already.,account,medium,negative,english,reset_password
TKT-01589,This is ridiculous. The notification system seems completely broken on my end. Other users in my household are experiencing the same thing. This is really affecting my work.,technical,low,negative,english,technical_troubleshooting
TKT-01693,I keep getting 'invalid token' when I click the reset link. Please help me regain access.,account,medium,neutral,english,reset_password
TKT-01370,i'm experiencing constant buffering and lag on your platform. this is really affecting my work.,technical,high,neutral,english,technical_troubleshooting
TKT-04177,"Good afternoon, I was wondering if you could assist me. Please terminate my membership and confirm via email. I don't want any retention offers — just cancel please.",subscription,medium,neutral,english,cancel_subscription
TKT-02927,My package seems to be stuck in transit. I chose standard delivery.,shipping,low,neutral,english,track_order
TKT-01597,This is the third time I'm reaching out about the same issue. The interface glitches and buttons don't respond when I tap them. I need this fixed as soon as possible.,technical,high,negative,english,technical_troubleshooting
TKT-04962,I've wasted so much time on this already. I'm switching to a different provider and need to cancel here. Will I still have access until the end of the current period?,subscription,medium,negative,english,cancel_subscription
TKT-03156,"Hello, I hope you're having a good day. My parcel has been sitting at the distribution center for a week. Can you check the status of my delivery? Thank you for your time.",shipping,medium,positive,english,track_order
TKT-02274,This is ridiculous. My temporary password stopped working before I could set a new one. I've verified my email address already.,account,urgent,negative,english,reset_password
TKT-02213,I'm locked out of my account after too many failed attempts. What steps do I need to take to fix this?,account,urgent,positive,english,resolve_login_issue
TKT-01721,the login button is greyed out and i can't click it. i checked my spam folder but nothing is there. is there another way to verify my identity?,account,low,negative,english,resolve_login_issue
TKT-00701,My bank shows two identical transactions from your company...,billing,high,neutral,english,refund_duplicate_charge
TKT-00810,Looks like the payment went through two times. This happened on earlier this week. How do I get the extra amount refunded?,billing,high,negative,english,refund_duplicate_charge
TKT-02123,The reset link I received says it has expired. I've been a customer since 2021.,account,low,negative,english,reset_password
TKT-01168,I am so done with this. I'm experiencing constant buffering and lag on your platform.,technical,medium,negative,english,technical_troubleshooting
TKT-04154,The duplicate charge on my card needs to be reversed immediately. The return tracking shows it was delivered back to your warehouse. Is there anything else you need from me to process this?,refund,urgent,negative,english,refund_duplicate_charge
TKT-00723,I've been charged an extra amount that I didn't authorize. I noticed this when I checked my statement on earlier this week. Would you be able to reverse the second charge?,billing,high,neutral,english,refund_duplicate_charge
TKT-01814,I haven't been able to access my account since last week. This is becoming very frustrating.,account,low,neutral,english,resolve_login_issue
TKT-03474,I am so done with this. I was charged twice and I want my money back for the extra payment. I already spoke with someone who said it would be taken care of.,refund,high,negative,english,refund_duplicate_charge
TKT-02107,"i can't believe this is happening again. i get an error saying my account doesn't exist, but i've had it for years. i need this sorted out as soon as possible.",account,medium,negative,english,resolve_login_issue
TKT-03223,MY NEIGHBOR SAYS NO DELIVERY attempt was made at my address.,shipping,medium,negative,english,track_order
TKT-04580,I need to downgrade or cancel my current plan. Can you also delete my stored payment information?,subscription,medium,neutral,english,cancel_subscription
TKT-04353,Can you help me cancel before the next payment cycle? I already tried to cancel through the website.,subscription,medium,negative,english,cancel_subscription
TKT-02578,Is there A WAY TO EXPEDITE MY delivery? My delivery address is correct — I've double checked.,shipping,medium,negative,english,track_order
TKT-00744,I am so done with this. I think the system charged me twice when I placed my order. I was expecting only one charge of $14.99.,billing,low,negative,english,refund_duplicate_charge
TKT-03406,The product broke within the first day — I need my money back.,refund,high,negative,english,refund_duplicate_charge
TKT-00466,i NOTICED AN extra charge on my credit card statement. kindly process a refund for the duplicate transaction.,billing,high,negative,english,refund_duplicate_charge
TKT-03275,This is absolutely unacceptable. I paid for express delivery but it's been 10 days already. This is a gift and I needed it by a specific date,shipping,medium,negative,english,track_order
TKT-04503,i don't want to renew my annual plan.,subscription,medium,negative,english,cancel_subscription
TKT-04183,Can you help me cancel before the next payment cycle? Can you also delete my stored payment information?,subscription,high,negative,english,cancel_subscription
TKT-03701,I was told I would get my payment back but it hasn't appeared on my statement. The return tracking shows it was delivered back to your warehouse. How long will it take to get my money back?,refund,medium,negative,english,refund_duplicate_charge
TKT-04474,I want to make sure I won't be charged next month. I read the cancellation policy but still have questions. Thank you for processing this promptly.,subscription,medium,neutral,english,cancel_subscription
TKT-00234,My credit card was billed double for my recent purchase.,billing,low,negative,english,refund_duplicate_charge
TKT-03969,i paid twice by mistake and need one payment returned. how long will it take to get my money back?,refund,high,negative,english,refund_duplicate_charge
TKT-03059,i've wasted so much time on this already. can you tell me where my order is right now? my delivery address is correct — i've double checked. i'd like to file a complaint about the delivery service.,shipping,medium,negative,english,track_order
TKT-03768,I was charged twice and I want my money back for the extra payment. The order number is ORD-594167. Please return my payment as soon as possible.,refund,high,negative,english,refund_duplicate_charge
TKT-03741,"Good afternoon, I was wondering if you could assist me. I was charged twice by mistake — can I get the extra amount returned? I returned the item via USPS on yesterday Regards.",refund,medium,positive,english,refund_duplicate_charge
TKT-00758,I was charged twice for the same purchase this month. Please fix this and credit my account.,billing,high,negative,english,refund_duplicate_charge
TKT-04142,I'm really upset about this. My return was approved weeks ago but the credit still hasn't appeared.,refund,urgent,negative,english,refund_duplicate_charge
TKT-02365,I tried resetting my password but I get an error. This is urgent as I need access for work. Please advise on what to do next.,account,high,positive,english,reset_password
TKT-04919,"Good afternoon, I was wondering if you could assist me. I've been trying to cancel for days but can't figure out how. I already tried to cancel through the website. Make sure no further charges are applied.",subscription,medium,neutral,english,cancel_subscription
TKT-02957,My order has been 'out for delivery' for three days straight. I need someone to investigate what happened to my package.,shipping,urgent,neutral,english,track_order
TKT-03201,The delivery was supposed to arrive by September 28th. I need to know when I'll receive my order.,shipping,high,neutral,english,track_order
TKT-03329,I need to track my package but the tracking number doesn't work. The tracking number is TRK8699414227.,shipping,medium,negative,english,track_order
TKT-00344,I am SO DONE WITH THIS. I see an unauthorized duplicate deduction on my account. The transaction date shows three days ago. Would you be able to reverse the second charge?,billing,high,negative,english,refund_duplicate_charge
TKT-03673,I can't believe this is happening again. The item doesn't match the description and I want my money returned. I have the receipt and can provide proof of the duplicate charge...,refund,high,negative,english,refund_duplicate_charge
TKT-04618,The service isn't worth the monthly fee anymore. My plan is the Enterprise tier at $59.99/month. Will I still have access until the end of the current period?,subscription,high,neutral,english,cancel_subscription
TKT-03923,my order arrived damaged and i need a full reimbursement.,refund,high,negative,english,refund_duplicate_charge
TKT-01371,My data isn't syncing across devices anymore. Please escalate this if necessary,technical,medium,negative,english,technical_troubleshooting
TKT-02936,I need to track my package but the tracking number doesnt work. I ordered on earlier this week. I need someone to investigate what happened to my package,shipping,medium,negative,english,track_order
TKT-00087,I was charged twice for the same purchase this month. Please reverse the duplicate charge.,billing,medium,neutral,english,refund_duplicate_charge
TKT-04313,i don't want to renew my annual plan. i already tried to cancel through the website. just want this taken care of.,subscription,medium,negative,english,cancel_subscription
TKT-01784,How do I change my password? The current one doesn't work. My username is alex.jones. I can't access any of my saved data without logging in.,account,urgent,neutral,english,reset_password
TKT-04878,THIS IS ABSOLUTELY UNACCEPTABLE. PLEASE terminate my membership and confirm via email.,subscription,medium,negative,english,cancel_subscription
TKT-00669,I think the system charged me twice when I placed my order. Reference number: ORD-434595. This needs to be corrected immediatly!!,billing,urgent,negative,english,refund_duplicate_charge
TKT-02742,"Hello, thank you in advance for your help. I need to track my package but the tracking number doesn't work. I selected express delivery. Please provide an updated delivery estimate!!",shipping,medium,neutral,english,track_order
TKT-00501,I noticed an extra charge on my credit card statement. I noticed this when I checked my statement on last Friday.,billing,high,negative,english,refund_duplicate_charge
TKT-00576,My card was debited twice for a single order. This happened on two days ago!!,billing,high,neutral,english,refund_duplicate_charge
TKT-04798,Can I cancel mid-cycle and get a prorated refund? My next payment date is three days ago.,subscription,medium,negative,english,cancel_subscription
TKT-00726,This is RIDICULOUS. TWO payements of the same amount showed up on my bank statement today. I was expecting only one charge of $9.99.,billing,high,negative,english,refund_duplicate_charge
TKT-04620,i no longer need the service and want to cancel. i already tried to cancel through the website. thank you for processing this promptly.,subscription,high,neutral,english,cancel_subscription
TKT-03195,Can you tell me where my order is right now? I'd like to file a complaint about the delivery service.,shipping,medium,negative,english,track_order
TKT-03784,This is absolutely unacceptable. The duplicate charge on my card needs to be reversed immediately. I was charged $29.99 twice. I'm going to dispute the charge with my bank if this isn't resolved!!,refund,urgent,negative,english,refund_duplicate_charge
TKT-04821,i signed up by mistake and need to cancel right away. i already tried to cancel through the website. just want this taken care of.,subscription,high,neutral,english,cancel_subscription
TKT-00106,I am extremely frustrated. Looks like the payment went through two times. Reference number: ORD-417003. I'd like to get my money back for the extra charge.,billing,urgent,negative,english,refund_duplicate_charge
TKT-00332,Your system appears to have processed my payment twice. Each charge is for $14.99. I need the extra payment reversed as soon as possible.,billing,urgent,neutral,english,refund_duplicate_charge
TKT-01514,The notification system SEEMS COMPLETELY BROKEN ON my end. I've already tried all the basic troubleshooting steps.,technical,high,negative,english,technical_troubleshooting
TKT-04906,"Hi, sorry to bother you but I've decided to discontinue my plan. My next payement date is earlier this week.",subscription,medium,neutral,english,cancel_subscription
TKT-04275,I want to unsubscribe from the premium tier. My next payment date is on the 15th. How soon will the cancellation take effect?,subscription,medium,neutral,english,cancel_subscription
TKT-00248,"Greetings, I'm writing to inquire about something. My credit card was billed double for my recent purchase.",billing,high,positive,english,refund_duplicate_charge
TKT-01529,This is absolutely unacceptable. Your website keeps displaying a blank screen on my browser. The error code I'm seeing is ERR-6983. Is there a workaround I can try in the meantime?,technical,high,negative,english,technical_troubleshooting
TKT-00872,The app keeps crashing every time I try to open it.,technical,urgent,positive,english,technical_troubleshooting
TKT-03806,"I can't believe this is happening again. The service didn't work as advertised — I want my money back. I want a full reimbursement, not store credit.",refund,high,negative,english,refund_duplicate_charge
TKT-00645,Your system appears to have processed my payment twice. Would you be able to reverse the second charge?,billing,urgent,positive,english,refund_duplicate_charge
TKT-04406,I've been trying to cancel for days but can't figure out how. I don't see a cancel option in my account settings. How soon will the cancellation take effect?,subscription,low,neutral,english,cancel_subscription
TKT-01107,Seriously?? My data isn't syncing across devices anymore. This started happening after the last update.,technical,high,negative,english,technical_troubleshooting
TKT-02377,How do I change my password? The current one doesnt work. I can't access any of my saved data without logging in.,account,high,negative,english,reset_password
TKT-02364,i haven't been able to update my password through your website. i can provide id verification if needed. what steps do i need to take to fix this?,account,medium,neutral,english,reset_password
TKT-04926,Seriously?? Please remove my payment method and cancel the recurring charge. My plan is the Pro tier at $59.99/month.,subscription,medium,negative,english,cancel_subscription
TKT-01763,I've wasted so much time on this already. I'm getting a 'session expired' message immediately after logging in. I've been a customer since 2023. Is there another way to verify my identity?,account,medium,negative,english,resolve_login_issue
TKT-01703,"Hello, I hope you're having a good day. My password expired and I can't seem to create a new one.",account,high,neutral,english,reset_password
TKT-02234,I am EXTREMELY FRUSTRATED. I requested a password reset but didn't get any email.,account,low,negative,english,reset_password
TKT-04932,please cancel my auto-renewal — i don't want to be charged again. i've been a member since 2023. make sure no further charges are applied.,subscription,medium,neutral,english,cancel_subscription
TKT-00128,Two payments of the same amount showed up on my bank statement today. The amount is $14.99 each time. I need the extra payment reversed as soon as possible.,billing,urgent,neutral,english,refund_duplicate_charge
TKT-03715,I canceled my order but the charge still went through. The amount I need returned is $79.99.,refund,urgent,negative,english,refund_duplicate_charge
TKT-02694,I need to track my package but the tracking number doesn't work. The tracking number is TRK6868365762.,shipping,high,neutral,english,track_order
TKT-03417,I accidentally purchased the wrong plan and need my money back. I returned the item via UPS on last week.,refund,medium,negative,english,refund_duplicate_charge
TKT-02618,Can you tell me where my order is right now? My delivery address is correct — I've double checked. I'd like to file a complaint about the delivery service.,shipping,high,negative,english,track_order
TKT-04861,seriously?? i tried to cancel online but the button doesn't seem to work.,subscription,low,negative,english,cancel_subscription
TKT-00244,I am so done with this. I just checked my statement and there's a double payement. How do I get the extra amount refunded?,billing,high,negative,english,refund_duplicate_charge
TKT-04925,This is absolutely unacceptable. Can you help me cancel before the next payment cycle? I've been a member since 2022. Just want this taken care of.,subscription,medium,negative,english,cancel_subscription
TKT-04077,the service didn't work as advertised — i want my money back. the order number is ord-857700. i'm going to dispute the charge with my bank if this isn't resolved.,refund,medium,negative,english,refund_duplicate_charge
TKT-01147,The software freezes whenever I try to save my work. I've already cleared the cache and reinstalled the app. Is there a workaround I can try in the meantime?,technical,high,negative,english,technical_troubleshooting
TKT-02163,Seriously?? Two-factor authentication isn't sending me the verification code. This is urgent as I need access for work. I can't access any of my saved data without logging in.,account,medium,negative,english,resolve_login_issue
TKT-04059,The product broke within the first day — I need my money back. It's been 2 days since I requested my money back. I'm going to dispute the charge with my bank if this isn't resolved.,refund,high,negative,english,refund_duplicate_charge
TKT-02283,"Good afternoon, I was wondering if you could assist me. I enter my email and password but nothing happens. I've already tried from multiple devices.",account,low,neutral,english,resolve_login_issue
TKT-03183,I've had it with your service! The tracking information hasn't been updated in five days. I need someone to investigate what happened to my package.,shipping,high,negative,english,track_order
TKT-01739,I haven't been able to access my account since last week. Please help me regain access.,account,high,neutral,english,resolve_login_issue
TKT-00398,"I am extremely frustrated. The payment for my last order appears duplicated. The transaction date shows on the 15th. I need this resolved quickly, please.",billing,medium,negative,english,refund_duplicate_charge
TKT-01044,I can't get the app to work on my phone since yesterday. Can you provide a timeline for when this will be resolved?,technical,medium,neutral,english,technical_troubleshooting
TKT-00341,could you check my recent transactions? there seem to be two identical ones.,billing,urgent,neutral,english,refund_duplicate_charge
TKT-01115,"Good afternoon, I was wondering if you could assist me. The notification system seems completely broken on my end. This started happening after the last update.",technical,high,positive,english,technical_troubleshooting
TKT-03588,I am extremely frustrated. My order arrived damaged and I need a full reimbursement. Please confirm when the reversal has been issued.,refund,medium,negative,english,refund_duplicate_charge
TKT-01624,"Seriously?? After the recent update, the app doesn't load properly. It works fine on my laptop but not on my desktop computer. I'd appreciate any help with this problem.",technical,medium,negative,english,technical_troubleshooting
TKT-03084,My package seems to be stuck in transit. This is a gift and I needed it by a specific date. Can you contact the courier on my behalf?,shipping,medium,negative,english,track_order
TKT-01091,Seriously?? The software freezes whenever I try to save my work. I've already cleared the cache and reinstalled the app. This is really affecting my work.,technical,urgent,negative,english,technical_troubleshooting
TKT-02222,I haven't been able to update my password through your website. I'd appreciate a quick resolution.,account,high,neutral,english,reset_password
TKT-04105,This is ridiculous. I was charged twice by mistake — can I get the extra amount returned? It's been 14 days since I requested my money back.,refund,medium,negative,english,refund_duplicate_charge
TKT-01041,Your website keeps displaying a blank screen on my browser. It works fine on my laptop but not on my Android phone. Can someone please help me resolve this?,technical,high,negative,english,technical_troubleshooting
TKT-03090,This is ridiculous. Where is my order? The estimated delivery date has passed.,shipping,medium,negative,english,track_order
TKT-01355,My device won't connect to your service properly. This has been going on for 6 days now.,technical,medium,neutral,english,technical_troubleshooting
TKT-02860,I'm worried my package got lost in transit. My order number is ORD-460106.,shipping,low,neutral,english,track_order
TKT-04350,I don't want to renew my annual plan. I've been a member since 2022!!,subscription,medium,positive,english,cancel_subscription
TKT-00219,This is ridiculous. The payment for my last order appears duplicated. Please reverse the duplicate charge...,billing,medium,negative,english,refund_duplicate_charge
TKT-03074,The estimated arrival keeps getting pushed back. My delivery address is correct — I've double checked.,shipping,medium,negative,english,track_order
TKT-02158,My account shows as deactivated but I never deactivated it. I need this sorted out as soon as possible.,account,medium,negative,english,resolve_login_issue
TKT-03188,i haven't received any shipping updates since i placed my order. can you contact the courier on my behalf?,shipping,high,neutral,english,track_order
TKT-01233,The notification system seems completely broken on my end. It works fine on my laptop but not on my Android phone. Can someone please help me resolve this?,technical,medium,negative,english,technical_troubleshooting
TKT-01356,The search function in your app returns no results even though I know there should be matches. It works fine on my laptop but not on my desktop computer. I need this fixed as soon as possible.,technical,high,negative,english,technical_troubleshooting
TKT-02876,"Hi there, I have a question. Can you tell me where my order is right now? I need someone to investigate what happened to my package.",shipping,high,neutral,english,track_order
TKT-01042,My device won't connect to your service properly!!,technical,low,negative,english,technical_troubleshooting
TKT-00468,I was charged twice for the same purchase this month. This happened on last Friday. Kindly process a refund for the duplicate transaction.,billing,urgent,negative,english,refund_duplicate_charge
TKT-01386,I can't get the app to work on my phone since yesterday. I'd appreciate any help with this problem.,technical,medium,negative,english,technical_troubleshooting
TKT-02416,My password expired and I can't seem to create a new one. This is urgent as I need acess for work. Can you send me a manual reset link?,account,low,neutral,english,reset_password
TKT-01287,The interface glitches and buttons don't respond when I tap them. I've already tried all the basic troubleshooting steps. Is this a known issue? Are you working on a fix?,technical,high,negative,english,technical_troubleshooting
TKT-04796,I want to cancel my monthly plan. I'm currently on the Basic plan. Thank you for processing this promptly.,subscription,low,neutral,english,cancel_subscription
TKT-01522,I've wasted so much time on this already. The download keeps failing at 80 percent every single time. I've already tried all the basic troubleshooting steps. I rely on this app daily and can't afford downtime.,technical,medium,negative,english,technical_troubleshooting
TKT-01581,"I've wasted so much time on this already. After the recent update, the app doesnt load properly. It works fine on my laptop but not on my iPhone. Please escalate this if necessary.",technical,urgent,negative,english,technical_troubleshooting
TKT-00002,NOT HAPPY AT ALL. I see an unauthorized duplicate deduction on my account. The duplicate amount is $199.99. How do I get the extra amount refunded?,billing,high,negative,english,refund_duplicate_charge
TKT-03483,"I received the wrong item and want to return it for a full reimbursement. I already spoke with someone who said it would be taken care of. I want a full reimbursement, not store credit.",refund,medium,negative,english,refund_duplicate_charge
TKT-00880,The page loads very slowly and sometimes times out completely. Is this a known issue? Are you working on a fix?,technical,high,negative,english,technical_troubleshooting
TKT-04349,I want to unsubscribe from the premium tier. I need a confirmation email once it's done.,subscription,low,neutral,english,cancel_subscription
TKT-02887,This is absolutely unacceptable. I placed an order on last Monday and it still hasn't been delivered. I selected express delivery. I'd like to file a complaint about the delivery service.,shipping,medium,negative,english,track_order
TKT-04153,I accidentally purchased the wrong plan and need my money back. I already spoke with someone who said it would be taken care of. Can you expedite this reimbursement?,refund,low,negative,english,refund_duplicate_charge
TKT-03981,This is absolutely unacceptable. I was told I would get my payment back but it hasn't appeared on my statement.,refund,high,negative,english,refund_duplicate_charge
TKT-04301,Can I cancel MID-CYCLE AND GET a prorated refund?,subscription,urgent,negative,english,cancel_subscription
TKT-03994,The service didn't work as advertised — I want my money back. The amount I need returned is $59.99. Please confirm when the reversal has been issued.,refund,high,neutral,english,refund_duplicate_charge
TKT-04787,"Hello, thank you in advance for your help. I want to cancel my monthly plan. My plan is the Enterprise tier at $149.99/month. Just want this taken care of.",subscription,medium,neutral,english,cancel_subscription
TKT-03405,I am so done with this. I was overcharged and need the difference returned to my card. I already spoke with someone who said it would be taken care of,refund,high,negative,english,refund_duplicate_charge
TKT-00211,i received two charge notifications for one transaction.,billing,urgent,negative,english,refund_duplicate_charge
TKT-02558,This is the third time I'm reaching out about the same issue. Tracking shows my order is in a completely different city. This is a gift and I needed it by a specific date.,shipping,medium,negative,english,track_order
TKT-03680,I've been waiting over a month for the money to come back to my account. The return tracking shows it was delivered back to your warehouse.,refund,urgent,negative,english,refund_duplicate_charge
TKT-00421,I think the system charged me twice when I placed my order. Each charge is for $19.99. I need the extra payment reversed as soon as possible.,billing,high,negative,english,refund_duplicate_charge
TKT-00232,I'm seeing a repeated charge that shouldn't be there. Please reverse the duplicate charge.,billing,high,negative,english,refund_duplicate_charge
TKT-04605,"Dear support team, The service isn't worth the monthly fee anymore. My next payment date is September 28th. Make sure no further charges are applied.",subscription,high,positive,english,cancel_subscription
TKT-00781,There's a charge I don't recognize that matches my last payment exactly!!,billing,high,neutral,english,refund_duplicate_charge
TKT-01886,I keep getting 'invalid token' when I click the reset link.,account,high,negative,english,reset_password
TKT-00904,Something is broken in the app — features that used to work don't anymore. I rely on this app daily and can't afford downtime.,technical,medium,negative,english,technical_troubleshooting
TKT-03307,NOT HAPPY AT ALL. Tracking shows my order is in a completely different city. Please provide an updated delivery estimate...,shipping,high,negative,english,track_order
TKT-03637,The product broke within the first day — I need my money back. The order number is ORD-396826. Please confirm when the reversal has been issued.,refund,high,negative,english,refund_duplicate_charge
TKT-04174,I signed up by mistake and need to cancel right away. I already tried to cancel through the website.,subscription,high,neutral,english,cancel_subscription
TKT-02241,"Hi, I hope this message finds you well. I haven't been able to access my account since last week. This is becoming very frustrating.",account,medium,neutral,english,resolve_login_issue
TKT-01848,"Honestly, this is the worst experience. I can't remember my password and need to regain access. My registered email is a***@gmail.com...",account,high,negative,english,reset_password
TKT-00739,"Hi there, I have a question. There's a charge I don't recognize that matches my last payement exactly. Reference number: ORD-708149.",billing,medium,neutral,english,refund_duplicate_charge
TKT-03845,The product I received is defective and I want my money back. It's been 4 days since I requested my money back.,refund,medium,negative,english,refund_duplicate_charge
TKT-04052,I was charged twice and I want my money back for the extra payment. I was charged $19.99 twice. Can you expedite this reimbursement?,refund,urgent,negative,english,refund_duplicate_charge
TKT-02784,The delivery was supposed to arrive by earlier this week. I'd like to file a complaint about the delivery service.,shipping,medium,negative,english,track_order
TKT-04722,i need to downgrade or cancel my current plan. i read the cancellation policy but still have questions.,subscription,medium,negative,english,cancel_subscription
TKT-03586,"Hi, sorry to bother you but I accidentally purchased the wrong plan and need my money back. How long will it take to get my money back?",refund,urgent,neutral,english,refund_duplicate_charge
TKT-00743,Your system appears to have processed my payment twice. The transaction date shows September 28th.,billing,urgent,neutral,english,refund_duplicate_charge
TKT-03125,My order has been 'out for delivery' for three days straight. This delay is really inconvenient.,shipping,urgent,negative,english,track_order
TKT-01134,Something is broken in the app — features that used to work don't anymore. I attached a screenshot but can't include it here. I rely on this app daily and can't afford downtime,technical,low,negative,english,technical_troubleshooting
TKT-00977,The notification system seems completely broken on my end. I rely on this app daily and can't afford downtime.,technical,high,positive,english,technical_troubleshooting
TKT-02997,"hi, i hope this message finds you well. i want to know why my package is taking so long. please provide an updated delivery estimate!!",shipping,medium,neutral,english,track_order
TKT-03493,"Hi there, I have a question. I paid twice by mistake and need one payment returned. The order number is ORD-759512.",refund,medium,neutral,english,refund_duplicate_charge
TKT-04945,"Hi, sorry to bother you but I want to unsubscribe from the premium tier. My next payment date is two days ago. Please confirm the cancellation in writing.",subscription,high,neutral,english,cancel_subscription
TKT-02952,"Dear support team, The courier says they delivered it but I never recieved anything. The tracking number is TRK4520303534. I need someone to investigate what happened to my package I appreciate your help.",shipping,low,positive,english,track_order
TKT-00688,I'm seeing a repeated charge that shouldn't be there. I noticed this when I checked my statement on October 1st. I would appreciate it if you could refund the extra amount.,billing,high,neutral,english,refund_duplicate_charge
TKT-04485,Please terminate my membership and confirm via email. Just want this taken care of.,subscription,low,neutral,english,cancel_subscription
TKT-03748,The product I recieved is defective and I want my money back. I returned the item via FedEx on yesterday. How long will it take to get my money back?,refund,high,negative,english,refund_duplicate_charge
TKT-00869,Your website keeps displaying a blank screen on my browser. Is there a workaround I can try in the meantime?,technical,urgent,neutral,english,technical_troubleshooting
TKT-00485,i see an unauthorized duplicate deduction on my account. i expect a refund for the duplicate amount.,billing,high,negative,english,refund_duplicate_charge
TKT-01329,The system keeps showing error code 503 when I try to acess my data. My internet connection is fine — other apps work normally. Is this a known issue? Are you working on a fix?,technical,medium,negative,english,technical_troubleshooting
TKT-04339,I no longer need the service and want to cancel. I already tried to cancel through the website. Make sure no further charges are applied.,subscription,urgent,negative,english,cancel_subscription
TKT-03155,"Honestly, this is the worst experience. I received a delivery confirmation but the package isn't here. I need to know when I'll receive my order.",shipping,high,negative,english,track_order
TKT-02684,I need to track my package but the tracking number doesn't work.,shipping,high,neutral,english,track_order
TKT-00004,"Two payments of the same amount showed up on my bank statement today. My monthly payment should be $24.99, not double that. I expect a refund for the duplicate amount!!",billing,medium,negative,english,refund_duplicate_charge
TKT-02114,Can someone manually reset my password? The automated system isn't working for me. I need this sorted out as soon as possible.,account,high,negative,english,reset_password
TKT-00613,I noticed an extra charge on my credit card statement. I was expecting only one charge of $79.99. I expect a refund for the duplicate amount.,billing,urgent,negative,english,refund_duplicate_charge
TKT-01070,The system keeps showing error code 503 when I try to access my data. Can someone please help me resolve this?,technical,low,negative,english,technical_troubleshooting
TKT-03416,i'm really upset about this. the quality of what i received doesn't justify the price. i was charged $14.99 twice.,refund,urgent,negative,english,refund_duplicate_charge
TKT-04939,can you help me cancel before the next payement cycle? i read the cancellation policy but still have questions.,subscription,high,neutral,english,cancel_subscription
TKT-02690,Tracking shows my order is in a completely different city. I ordered on last Friday.,shipping,high,neutral,english,track_order
TKT-04629,This IS THE THIRD TIME I'M reaching out about the same issue. Please cancel my auto-renewal — I don't want to be charged again. I already tried to cancel through the website.,subscription,medium,negative,english,cancel_subscription
TKT-01706,I'M LOCKED OUT BECAUSE I forgot my password. I've verified my email address already. Can you send me a manual reset link?,account,medium,negative,english,reset_password
TKT-00476,My card was debited twice for a single order. Reference number: ORD-948866.,billing,high,negative,english,refund_duplicate_charge
TKT-01043,"Hello, I hope you're having a good day. The notification system seems completely broken on my end I really appreciate it.",technical,medium,positive,english,technical_troubleshooting
TKT-04111,"Good afternoon, I was wondering if you could assist me. I cancled my order but the charge still went through. The amount I need returned is $49.99. Can you expedite this reimbursement?",refund,high,positive,english,refund_duplicate_charge
TKT-01001,Your website keeps displaying a blank screen on my browser. This has been going on for 5 days now.,technical,high,negative,english,technical_troubleshooting
TKT-01392,My device won't connect to your service properly. I've tried using different browsers but same issue. I need this fixed as soon as possible.,technical,medium,neutral,english,technical_troubleshooting
TKT-04041,I am so done with this. The quality of what I received doesn't justify the price.,refund,low,negative,english,refund_duplicate_charge
TKT-02256,NOT HAPPY AT ALL. My account seems to be suspended but I don't know why. This is urgent as I need access for work. Please advise on what to do next.,account,urgent,negative,english,resolve_login_issue
TKT-04884,Can you help me cancel before the next payment cycle? I need a confirmation email once it's done.,subscription,high,neutral,english,cancel_subscription
TKT-01180,I keep getting kicked out of the app randomly. I attached a screenshot but can't include it here. Can you provide a timeline for when this will be resolved?,technical,high,negative,english,technical_troubleshooting
TKT-04255,I'd like to end my membership effective immediately. Will I still have access until the end of the current period?,subscription,medium,neutral,english,cancel_subscription
TKT-00630,Your system appears to have processed my payment twice. This happened on two days ago. Kindly process a refund for the duplicate transaction.,billing,medium,neutral,english,refund_duplicate_charge
TKT-04586,How do I stop my recurring payment? I need a confirmation email once it's done.,subscription,medium,negative,english,cancel_subscription
TKT-02764,"good morning, i'd like some help please. the delivery was supposed to arrive by last week",shipping,medium,neutral,english,track_order
TKT-04094,my return was approved weeks ago but the credit still hasn't appeared. the amount i need returned is $79.99. this has gone on too long — i want my money back now.,refund,medium,negative,english,refund_duplicate_charge
TKT-01178,the application is not responding after the latest update...,technical,medium,negative,english,technical_troubleshooting
TKT-02288,The reset link I received says it has expired. I've verified my email address already. I'd appreciate a quick resolution!!,account,medium,negative,english,reset_password
TKT-03903,The quality of what I recieved doesn't justify the price. The amount I need returned is $149.99.,refund,high,neutral,english,refund_duplicate_charge
TKT-00408,NOT HAPPY AT ALL. I received two charge notifications for one transaction. I would appreciate it if you could refund the extra amount.,billing,medium,negative,english,refund_duplicate_charge
TKT-03737,I paid twice by mistake and need one payement returned. Can you expedite this reimbursement?,refund,high,negative,english,refund_duplicate_charge
TKT-00636,I've wasted so much time on this already. There are duplicate charges showing on my card. This is related to order ORD-300501.,billing,high,negative,english,refund_duplicate_charge
TKT-01215,My device won't connect to your service properly. I rely on this app daily and can't afford downtime!!,technical,medium,negative,english,technical_troubleshooting
TKT-03285,The courier says they delivered it but I never recieved anything. I need to know when I'll receive my order,shipping,high,positive,english,track_order
TKT-01037,I am so done with this. I keep getting kicked out of the app randomly. I've already cleared the cache and reinstalled the app.,technical,high,negative,english,technical_troubleshooting
TKT-02042,My account seems to be suspended but I don't know why. I can provide ID verification if needed. Is there another way to verify my identity?,account,high,negative,english,resolve_login_issue
TKT-04325,I signed up by mistake and need to cancel right away. My next payment date is a few days ago. Will I still have access until the end of the current period?,subscription,low,negative,english,cancel_subscription
TKT-00601,This is ridiculous. Could you check my recent transactions? There seem to be two identical ones. Reference number: ORD-604114. Please reverse the duplicate charge.,billing,urgent,negative,english,refund_duplicate_charge
TKT-03241,Tracking SHOWS MY ORDER IS in a completely different city. I've contacted the courier but they redirected me to you. I'm very disappointed with the delivery experiance.,shipping,high,negative,english,track_order
TKT-00068,"I've had it with your service! The same amount was taken from my card twice. My monthly payment should be $9.99, not double that. Please investigate and process a correction.",billing,medium,negative,english,refund_duplicate_charge
TKT-01138,"Hi, sorry to bother you but The download keeps failing at 80 percent every single time. This is really affecting my work.",technical,medium,neutral,english,technical_troubleshooting
TKT-03824,I'VE HAD IT with your service! I never received my order but I was charged for it. The amount I need returned is $149.99.,refund,urgent,negative,english,refund_duplicate_charge
TKT-04457,I want to make sure I won't be charged next month. How soon will the cancellation take effect?,subscription,medium,negative,english,cancel_subscription
TKT-02507,"Hi, I hope this message finds you well. My order still hasn't arrived and it's been over two weeks. My order number is ORD-521338. I'm very disappointed with the delivery experience.",shipping,medium,neutral,english,track_order
TKT-02793,Tracking shows my order is in a completely different city. I'd like to file a complaint about the delivery service.,shipping,high,neutral,english,track_order
TKT-03348,I've wasted so much time on this already. My return was approved weeks ago but the credit still hasn't appeared. I have the receipt and can provide proof of the duplicate charge. I need the amount credited to my original payment method.,refund,low,negative,english,refund_duplicate_charge
TKT-01118,The search function in your app returns no results even though I know there should be matches. Can someone please help me resolve this?,technical,high,neutral,english,technical_troubleshooting
TKT-02369,can someone manually reset my password? the automated system isn't working for me.,account,high,negative,english,reset_password
TKT-01244,I'm getting a weird error message when I use the application. Can someone please help me resolve this?,technical,medium,neutral,english,technical_troubleshooting
TKT-01844,I haven't been able to access my account since last week. I've verified my email address already.,account,medium,negative,english,resolve_login_issue
TKT-02371,The CAPTCHA on the login page keeps failing even when I solve it correctly. My registered email is a***@gmail.com.,account,low,positive,english,resolve_login_issue
TKT-00113,TWO PAYMENTS of the same amount showed up on my bank statement today. I noticed this when I checked my statement on three days ago. How do I get the extra amount refunded?,billing,high,negative,english,refund_duplicate_charge
TKT-02182,My temporary password stopped working before I could set a new one. My username is user12345.,account,urgent,neutral,english,reset_password
TKT-04448,I want to unsubscribe from the premium tier. Just want this taken care of.,subscription,medium,positive,english,cancel_subscription
TKT-04724,Please terminate my membership and confirm via email. I read the cancellation policy but still have questions. I don't want any retention offers — just cancel please.,subscription,medium,negative,english,cancel_subscription
TKT-01275,"Honestly, this is the worst experience. I keep getting kicked out of the app randomly. I'd appreciate any help with this problem!!",technical,medium,negative,english,technical_troubleshooting
TKT-02682,The courier says THEY DELIVERED IT but I never recieved anything. Is there any way to speed this up?,shipping,low,negative,english,track_order
TKT-00008,I'm seeing a repeated charge that shouldn't be there. Each charge is for $149.99.,billing,medium,negative,english,refund_duplicate_charge
TKT-00424,Could you check my recent transactions? There seem to be two identical ones. It appeared on my statement dated yesterday.,billing,medium,neutral,english,refund_duplicate_charge
TKT-01720,Can someone manually reset my password? The automated system isn't working for me. Can you send me a manual reset link?,account,medium,neutral,english,reset_password
TKT-04773,This is absolutely unacceptable. Please cancel my auto-renewal — I don't want to be charged again. I'm currently on the Enterprise plan.,subscription,low,negative,english,cancel_subscription
TKT-02142,NOT HAPPY AT ALL. I HAVEN'T BEEN ABLE to update my password through your website. My username is jsmith42. Is there another way to verify my identity?,account,medium,negative,english,reset_password
TKT-00632,I've wasted so much time on this already. Something went wrong with my payment — the amount was deducted two times. Reference number: ORD-393049. Please fix this and credit my account.,billing,high,negative,english,refund_duplicate_charge
TKT-00435,My credit card was billed double for my recent purchase. Order number ORD-911028 seems to be the one affected. This needs to be corrected immediatly.,billing,urgent,neutral,english,refund_duplicate_charge
TKT-00327,"honestly, this is the worst experience. something went wrong with my payment — the amount was deducted two times. the transaction date shows last monday.",billing,high,negative,english,refund_duplicate_charge
TKT-00254,Looks like the payment went through two times. This is related to order ORD-404550.,billing,high,negative,english,refund_duplicate_charge
TKT-00047,I'm really upset about this. I've been charged an extra amount that I didn't authorize.,billing,high,negative,english,refund_duplicate_charge
TKT-03915,I RETURNED MY ORDER TWO weeks ago but still haven't gotten my money back. I have the receipt and can provide proof of the duplicate charge. This has gone on too long — I want my money back now,refund,urgent,negative,english,refund_duplicate_charge
TKT-04490,I want to make sure I won't be charged next month. I already tried to cancel through the website.,subscription,high,neutral,english,cancel_subscription
TKT-04994,I'd like to end my membership effective immediately. I don't see a cancel option in my account settings. Please confirm the cancellation in writing.,subscription,urgent,positive,english,cancel_subscription
TKT-01269,The SOFTWARE FREEZES WHENEVER I TRY to save my work.,technical,high,negative,english,technical_troubleshooting
TKT-04769,I want to make sure I won't be charged next month. I read the cancellation policy but still have questions. Make sure no further charges are applied.,subscription,high,neutral,english,cancel_subscription
TKT-01419,The app is super slow and basically unusable right now. How can I get this working again?,technical,urgent,negative,english,technical_troubleshooting
TKT-01696,I've wasted so much time on this already. I haven't been able to update my password through your website. This is urgent as I need access for work. I need this sorted out as soon as possible.,account,medium,negative,english,reset_password
TKT-00993,I've wasted so much time on this already. I keep getting a connection error when I try to use the app. This has been going on for 14 days now. This is really affecting my work.,technical,medium,negative,english,technical_troubleshooting
TKT-00582,I'm seeing a repeated charge that shouldn't be there. Please investigate and process a correction...,billing,medium,negative,english,refund_duplicate_charge
TKT-03121,i need to track my package but the tracking number doesn't work. can you contact the courier on my behalf?,shipping,urgent,neutral,english,track_order
TKT-02382,I keep getting 'invalid token' when I click the reset link...,account,medium,neutral,english,reset_password
TKT-01972,I've wasted so much time on this already. My password expired and I can't seem to create a new one.,account,medium,negative,english,reset_password
TKT-04481,How do I stop my recurring payement?,subscription,high,neutral,english,cancel_subscription
TKT-02039,"Dear support team, The login button is greyed out and I can't click it. I checked my spam folder but nothing is there. Please advise on what to do next.",account,high,neutral,english,resolve_login_issue
TKT-03403,"This IS THE THIRD TIME I'm reaching out about the same issue. The duplicate charge on my card needs to be reversed immediately. The order number is ORD-663759. I want a full reimbursement, not store credit.",refund,high,negative,english,refund_duplicate_charge
TKT-04829,I've had it with your service! I don't want to renew my annual plan. Thank you for processing this promptly.,subscription,medium,negative,english,cancel_subscription
TKT-02992,The delivery was supposed to arrive by September 28th. I selected express delivery. Can you check the status of my delivery?,shipping,medium,negative,english,track_order
TKT-00257,I received two charge notifications for one transaction. Reference number: ORD-866486. I want the overcharge refunded to my card.,billing,urgent,negative,english,refund_duplicate_charge
TKT-04747,I've decided to discontinue my plan. My next payment date is earlier this week!!,subscription,low,neutral,english,cancel_subscription
TKT-03308,This is ridiculous. I placed an order on last Friday and it still hasn't been delivered. I selected express delivery.,shipping,medium,negative,english,track_order
TKT-00497,My credit card was billed double for my recent purchase. This happened on last Friday. I expect a refund for the duplicate amount,billing,medium,negative,english,refund_duplicate_charge
TKT-00851,The software FREEZES WHENEVER I TRY to save my work. I've already tried all the basic troubleshooting steps. Can someone please help me resolve this?,technical,high,negative,english,technical_troubleshooting
TKT-04854,Please cancel my auto-renewal — I don't want to be charged again. My plan is the Pro tier at $39.99/month...,subscription,urgent,neutral,english,cancel_subscription
TKT-01144,"Greetings, I'm writing to inquire about something. I'm getting a weird error message when I use the application. I'm using version 3.9.2 on iPad. Can you provide a timeline for when this will be resolved?",technical,high,neutral,english,technical_troubleshooting
TKT-04472,I'm really upset about this. I've decided to discontinue my plan.,subscription,medium,negative,english,cancel_subscription
TKT-01566,Something is broken in the app — features that used to work don't anymore. The error code I'm seeing is ERR-2097. Please escalate this if necessary.,technical,medium,neutral,english,technical_troubleshooting
TKT-02543,I haven't received any shipping updates since I placed my order. I'd like to file a complaint about the delivery service.,shipping,high,neutral,english,track_order
TKT-04634,I am extremely frustrated. I tried to cancel online but the button doesn't seem to work. Will I still have access until the end of the current period?,subscription,medium,negative,english,cancel_subscription
TKT-02930,"Honestly, this is the worst experience. I received a delivery confirmation but the package isn't here. My delivery address is correct — I've double checked. I'd like to file a complaint about the delivery service.",shipping,urgent,negative,english,track_order
TKT-03599,The quality of what I received doesn't justify the price.,refund,high,negative,english,refund_duplicate_charge
TKT-00916,This is the third time I'm reaching out about the same issue. My device won't connect to your service properly. This is really affecting my work.,technical,low,negative,english,technical_troubleshooting
TKT-02541,The courier says they delivered it but I never received anything. This is a gift and I needed it by a specific date.,shipping,medium,negative,english,track_order
TKT-01300,I'm experiencing constant buffering and lag on your platform. The error code I'm seeing is ERR-2113.,technical,high,negative,english,technical_troubleshooting
TKT-04020,I never recieved my order but I was charged for it. It's been 6 days since I requested my money back.,refund,high,negative,english,refund_duplicate_charge
TKT-03626,i received the wrong item and want to return it for a full reimbursement. the amount i need returned is $14.99. please return my payment as soon as possible.,refund,high,neutral,english,refund_duplicate_charge
TKT-02300,Two-factor authentication isn't sending me the verification code. This is urgent as I need access for work. I need this sorted out as soon as possible.,account,medium,neutral,english,resolve_login_issue
TKT-00173,I've wasted so much time on this already. My credit card was billed double for my recent purchase. Kindly process a refund for the duplicate transaction,billing,urgent,negative,english,refund_duplicate_charge
TKT-03162,"Hi, sorry to bother you but Where is my order? The estimated delivery date has passed. I ordered on three days ago. Is there any way to speed this up? Regards!!",shipping,medium,positive,english,track_order
TKT-04395,Can I cancel mid-cycle and get a prorated refund? I already tried to cancel through the website. I don't want any retention offers — just cancel please.,subscription,medium,positive,english,cancel_subscription
TKT-02065,Single sign-on with Google isn't working for my account anymore. I checked my spam folder but nothing is there. Is there another way to verify my identity?,account,urgent,neutral,english,resolve_login_issue
TKT-02576,I want to know why my package is taking so long. Can you check the status of my delivery?,shipping,medium,negative,english,track_order
TKT-01293,I am extremely frustrated. I keep getting a connection error when I try to use the app. I attached a screenshot but can't include it here. Please escalate this if necessary.,technical,urgent,negative,english,technical_troubleshooting
TKT-01641,The software freezes whenever I try to save my work. This has been going on for 3 days now.,technical,high,neutral,english,technical_troubleshooting
TKT-04746,I am extremely frustrated. I no longer need the service and want to cancel. My plan is the Pro tier at $49.99/month.,subscription,urgent,negative,english,cancel_subscription
TKT-04710,I've been trying to cancel for days but can't figure out how. My next payment date is last week,subscription,medium,neutral,english,cancel_subscription
TKT-01673,Seriously?? My account shows as deactivated but I never deactivated it.,account,high,negative,english,resolve_login_issue
TKT-02806,I am extremely frustrated. Can you tell me where my order is right now? I'd like to file a complaint about the delivery service.,shipping,high,negative,english,track_order
TKT-04348,I want to cancel my monthly plan. I need a confirmation email once it's done.,subscription,low,negative,english,cancel_subscription
TKT-00447,"I received two charge notifications for one transaction. My monthly payment should be $24.99, not double that. Can you resolve this? I shouldn't have been charged twice.",billing,high,negative,english,refund_duplicate_charge
TKT-02771,the delivery was supposed to arrive by last friday. my order number is ord-614645. i'm very disappointed with the delivery experience!!,shipping,medium,negative,english,track_order
TKT-04862,How do I stop my recurring payment? Make sure no further charges are applied,subscription,high,neutral,english,cancel_subscription
TKT-03533,I accidentally purchased the wrong plan and need my money back. Please confirm when the reversal has been issued.,refund,medium,negative,english,refund_duplicate_charge
TKT-03249,I've wasted so much time on this already. The tracking information hasn't been updated in five days. My delivery address is correct — I've double checked.,shipping,high,negative,english,track_order
TKT-02092,I requested a password reset but didn't get any email. My username is user12345...,account,low,neutral,english,reset_password
TKT-03485,My return was approved weeks ago but the credit still hasn't appeared. I need the amount credited to my original payment method.,refund,urgent,neutral,english,refund_duplicate_charge
TKT-03426,"Hi, sorry to bother you but I was overcharged and need the difference returned to my card. I have the receipt and can provide proof of the duplicate charge.",refund,medium,neutral,english,refund_duplicate_charge
TKT-01102,"Hello, I hope you're having a good day. I keep getting a connection error when I try to use the app. I've tried using different browsers but same issue. This is really affecting my work.",technical,medium,neutral,english,technical_troubleshooting
TKT-03391,I paid twice by mistake and need one payment returned. I returned the item via DHL on earlier this week. Please return my payment as soon as possible!!,refund,urgent,neutral,english,refund_duplicate_charge
TKT-01209,The download keeps failing at 80 percent every single time. I attached a screenshot but can't include it here. I need this fixed as soon as possible.,technical,high,negative,english,technical_troubleshooting
TKT-02607,"Hi, sorry to bother you but Tracking shows my order is in a completely different city. I selected express delivery. Please provide an updated delivery estimate.",shipping,high,neutral,english,track_order
TKT-03516,My order arrived damaged and I need a full reimbursement. I returned the item via DHL on last week. I'm going to dispute the charge with my bank if this isn't resolved.,refund,urgent,negative,english,refund_duplicate_charge
TKT-04806,How do I stop my recurring payement? I've been a member since 2022. Make sure no further charges are applied,subscription,medium,neutral,english,cancel_subscription
TKT-04940,can i cancel mid-cycle and get a prorated refund? my next payment date is last monday. will i still have access until the end of the current period?,subscription,high,negative,english,cancel_subscription
TKT-00786,I recieved two charge notifications for one transaction. I want the overcharge refunded to my card!!,billing,medium,negative,english,refund_duplicate_charge
TKT-04732,i signed up by mistake and need to cancel right away.,subscription,medium,neutral,english,cancel_subscription
TKT-02463,My account shows as deactivated but I never deactivated it. I've verified my email address already. What steps do I need to take to fix this?,account,medium,neutral,english,resolve_login_issue
TKT-03519,I am so done with this. My order arrived damaged and I need a full reimbursement.,refund,high,negative,english,refund_duplicate_charge
TKT-01754,How do I change my password? The current one doesn't work. This is urgent as I need access for work. Is there another way to verify my identity?,account,medium,neutral,english,reset_password
TKT-04137,My order arrived damaged and I need a full reimbursement,refund,medium,negative,english,refund_duplicate_charge
TKT-00931,I'm experiencing constant buffering and lag on your platform. I've already tried all the basic troubleshooting steps.,technical,urgent,negative,english,technical_troubleshooting
TKT-01965,My account shows as deactivated but I never deactivated it. Can you send me a manual reset link?,account,medium,neutral,english,resolve_login_issue
TKT-03777,I am extremely frustrated. I was charged twice and I want my money back for the extra payment.,refund,low,negative,english,refund_duplicate_charge
TKT-02926,I havent received any shipping updates since I placed my order. I ordered on three days ago. I'd like to file a complaint about the delivery service!!,shipping,medium,negative,english,track_order
TKT-04644,Can I CANCEL MID-CYCLE and get a prorated refund? Just want this taken care of.,subscription,medium,negative,english,cancel_subscription
TKT-03187,My parcel has BEEN SITTING at the distribution center for a week!!,shipping,medium,negative,english,track_order
TKT-02128,My temporary password stopped working before I could set a new one. I've verified my email adress already.,account,high,negative,english,reset_password
TKT-04627,"Hi there, I have a question. I've decided to discontinue my plan.",subscription,medium,positive,english,cancel_subscription
TKT-00979,I am extremely frustrated. The software freezes whenever I try to save my work. Other users in my household are experiencing the same thing. I've spent hours trying to fix this myself.,technical,high,negative,english,technical_troubleshooting
TKT-00288,The same amount was taken from my card twice. Reference number: ORD-197744.,billing,high,positive,english,refund_duplicate_charge
TKT-03337,I was TOLD I WOULD GET MY payment back but it hasn't appeared on my statement. The return tracking shows it was delivered back to your warehouse. I'm going to dispute the charge with my bank if this isn't resolved.,refund,high,negative,english,refund_duplicate_charge
TKT-03458,"I was charged twice by mistake — can I get the extra amount returned? I want a full reimbursement, not store credit.",refund,urgent,negative,english,refund_duplicate_charge
TKT-01499,The download keeps failing at 80 percent every single time. Please escalate this if necessary.,technical,low,negative,english,technical_troubleshooting
TKT-04784,"hello, thank you in advance for your help. i want to unsubscribe from the premium tier. please confirm the cancellation in writing",subscription,medium,neutral,english,cancel_subscription
TKT-00541,This is absolutely unacceptable. The payment for my last order appears duplicated. This happened on September 28th. Would you be able to reverse the second charge?,billing,urgent,negative,english,refund_duplicate_charge
TKT-02097,I've been trying to reset my password for the past hour. Is there another way to verify my identity?,account,urgent,negative,english,reset_password
TKT-00702,This is the third time I'm reaching out about the same issue. Two payments of the same amount showed up on my bank statement today. Both transactions show $199.99,billing,urgent,negative,english,refund_duplicate_charge
TKT-00950,The notification system seems completely broken on my end. I'm losing patience with this recurring issue.,technical,low,negative,english,technical_troubleshooting
TKT-04159,I've wasted so much time on this already. The duplicate charge on my card needs to be reversed immediately.,refund,high,negative,english,refund_duplicate_charge
TKT-00251,My bank shows two identical transactions from your company. This is related to order ORD-834976. I need the extra payment reversed as soon as possible!!,billing,urgent,negative,english,refund_duplicate_charge
TKT-03039,I placed an order on three days ago and it still hasn't been delivered. I chose standard delivery. I need to know when I'll receive my order!!,shipping,medium,negative,english,track_order
TKT-02508,"Hello, I hope you're having a good day. Can you tell me where my order is right now? My order number is ORD-654807.",shipping,high,neutral,english,track_order
TKT-01018,The interface glitches and buttons don't respond when I tap them. I've already tried all the basic troubleshooting steps.,technical,low,negative,english,technical_troubleshooting
TKT-03015,I am so done with this. My parcel has been sitting at the distribution center for a week.,shipping,medium,negative,english,track_order
TKT-04358,"Good morning, I'd like some help please. I no longer need the service and want to cancel.",subscription,low,neutral,english,cancel_subscription
TKT-01320,"Hi, I hope this message finds you well. The search function in your app returns no results even though I know there should be matches. I'm using version 2.8.5 on MacBook. I'd appreciate any help with this problem.",technical,high,neutral,english,technical_troubleshooting
TKT-03661,I've been waiting over a month for the money to come back to my account. The order number is ORD-631580. Please return my payment as soon as possible.,refund,high,negative,english,refund_duplicate_charge
TKT-04136,The duplicate charge on my card needs to be reversed immediatly. I was charged $49.99 twice.,refund,urgent,negative,english,refund_duplicate_charge
TKT-03359,I returned my order two weeks ago but still haven't gotten my money back. I'm going to dispute the charge with my bank if this isn't resolved.,refund,medium,neutral,english,refund_duplicate_charge
TKT-00126,"Hello, I hope you're having a good day. Could you check my recent transactions? There seem to be two identical ones. I need this resolved quickly, please.",billing,high,neutral,english,refund_duplicate_charge
TKT-04931,I'm really upset about this. I need to downgrade or cancel my current plan. I already tried to cancel through the website. How soon will the cancellation take effect?,subscription,medium,negative,english,cancel_subscription
TKT-00452,Seriously?? The same amount was taken from my card twice. Each charge is for $14.99,billing,medium,negative,english,refund_duplicate_charge
TKT-01591,The notification system seems completely broken on my end. I attached a screenshot but can't include it here. Is this a known issue? Are you working on a fix?,technical,medium,negative,english,technical_troubleshooting
TKT-04165,I'm really upset about this. I canceled my order but the charge still went through. The order number is ORD-515766. Is there anything else you need from me to process this?,refund,urgent,negative,english,refund_duplicate_charge
TKT-02758,I've wasted so much time on this already. I'm worried my package got lost in transit. I've contacted the courier but they redirected me to you. This delay is really inconvenient!!,shipping,high,negative,english,track_order
TKT-04614,can you help me cancel before the next payment cycle? i already tried to cancel through the website. just want this taken care of.,subscription,high,negative,english,cancel_subscription
TKT-02836,This is absolutely unacceptable. I need to track my package but the tracking number doesn't work. Can you contact the courier on my behalf?,shipping,urgent,negative,english,track_order
TKT-03126,This is the third time I'm reaching out about the same issue. Is there a way to expedite my delivery? This delay is really inconvenient.,shipping,medium,negative,english,track_order
TKT-01795,I forgot my password and the reset link isn't working.,account,high,neutral,english,reset_password
TKT-02667,Tracking shows my order is in a completely different city. I've contacted the courier but they redirected me to you.,shipping,medium,negative,english,track_order
TKT-00923,The system keeps showing error code 503 when I try to access my data. I'm using version 2.8.5 on iPad.,technical,urgent,neutral,english,technical_troubleshooting
TKT-02913,My neighbor says no delivery attempt was made at my address. I chose standard delivery. Is there any way to speed this up?,shipping,medium,negative,english,track_order
TKT-04572,i want to unsubscribe from the premium tier. just want this taken care of.,subscription,low,negative,english,cancel_subscription
TKT-04591,i want to stop all future charges related to my plan. i read the cancellation policy but still have questions. just want this taken care of.,subscription,medium,negative,english,cancel_subscription
TKT-02396,I haven't been able to access my account since last week. I've been a customer since 2021. I'd appreciate a quick resolution.,account,medium,negative,english,resolve_login_issue
TKT-00326,I'm seeing a repeated charge that shouldn't be there. The transaction date shows September 28th. Could you look into this and issue a refund?,billing,high,neutral,english,refund_duplicate_charge
TKT-03712,I AM SO DONE with this. The service didn't work as advertised — I want my money back!!,refund,medium,negative,english,refund_duplicate_charge
TKT-01676,The reset link I recieved says it has expired.,account,medium,neutral,english,reset_password
TKT-03548,I can't believe this is happening again. I was overcharged and need the difference returned to my card.,refund,urgent,negative,english,refund_duplicate_charge
TKT-04122,I accidentally purchased the wrong plan and need my money back. The return tracking shows it was delivered back to your warehouse. Is there anything else you need from me to process this?,refund,high,negative,english,refund_duplicate_charge
TKT-02033,I need to change my password but I can't find the option.,account,low,negative,english,reset_password
TKT-03467,NOT HAPPY AT ALL. I received the wrong item and want to return it for a full reimbursement. The order number is ORD-371383.,refund,urgent,negative,english,refund_duplicate_charge
TKT-03413,"Hello, thank you in advance for your help. I'm not satisfied with my purchase and would like to return it!!",refund,high,neutral,english,refund_duplicate_charge
TKT-00949,I keep getting kicked out of the app randomly. Can you provide a timeline for when this will be resolved?,technical,medium,negative,english,technical_troubleshooting
TKT-04809,I signed up by mistake and need to cancel right away. Just want this taken care of!!,subscription,high,neutral,english,cancel_subscription
TKT-03439,"Dear support team, The quality of what I received doesn't justify the price. Is there anything else you need from me to process this?",refund,urgent,positive,english,refund_duplicate_charge
TKT-03776,"Hello, I hope you're having a good day. I've been waiting over a month for the money to come back to my account. The order number is ORD-765779.",refund,high,neutral,english,refund_duplicate_charge
TKT-00692,There are duplicate charges showing on my card. I was expecting only one charge of $29.99. I'd like to get my money back for the extra charge.,billing,urgent,negative,english,refund_duplicate_charge
TKT-02804,I placed an order on three days ago and it still hasn't been delivered.,shipping,medium,negative,english,track_order
TKT-03236,Can you tell me where my order is right now? I selected express delivery. Can you check the status of my delivery?,shipping,medium,negative,english,track_order
TKT-02487,i've been trying to reset my password for the past hour. i checked my spam folder but nothing is there. what steps do i need to take to fix this?,account,high,negative,english,reset_password
TKT-01505,The search function in your app returns no results even though I know there should be matches. I've already tried all the basic troubleshooting steps.,technical,low,neutral,english,technical_troubleshooting
TKT-04513,This is ridiculous. I tried to cancel online but the button doesn't seem to work. Will I still have access until the end of the current period?,subscription,low,negative,english,cancel_subscription
TKT-02206,My account shows as deactivated but I never deactivated it. I can provide ID verification if needed. I need this sorted out as soon as possible.,account,urgent,negative,english,resolve_login_issue
TKT-00634,The payment for my last order appears duplicated. Order number ORD-235254 seems to be the one affected. I expect a refund for the duplicate amount.,billing,medium,neutral,english,refund_duplicate_charge
TKT-03230,I haven't received any shipping updates since I placed my order. My order number is ORD-577900. I need to know when I'll receive my order.,shipping,medium,negative,english,track_order
TKT-04252,I've wasted so much time on this already. I want to cancel my monthly plan. I don't see a cancel option in my account settings. Will I still have access until the end of the current period?,subscription,high,negative,english,cancel_subscription
TKT-04258,Please remove my payment method and cancel the recurring charge. I don't see a cancel option in my account settings. I need a confirmation email once it's done,subscription,low,neutral,english,cancel_subscription
TKT-02073,This is ridiculous. The reset link I received says it has expired. I checked my spam folder but nothing is there. I'd appreciate a quick resolution.,account,medium,negative,english,reset_password
TKT-00064,There's a charge I don't recognize that matches my last payement exactly.,billing,high,negative,english,refund_duplicate_charge
TKT-03523,"Dear support team, My order arrived damaged and I need a full reimbursement. Is there anything else you need from me to process this?",refund,low,neutral,english,refund_duplicate_charge
TKT-00294,Could you check my recent transactions? There seem to be two identical ones. I was expecting only one charge of $99.99. How do I get the extra amount refunded?,billing,medium,negative,english,refund_duplicate_charge
TKT-04484,I've decided to discontinue my plan. Thank you for processing this promptly.,subscription,medium,neutral,english,cancel_subscription
TKT-04882,"Hello, thank you in advance for your help. The service isn't worth the monthly fee anymore. Thank you for processing this promptly.",subscription,medium,neutral,english,cancel_subscription
TKT-02672,The estimated arrival keeps getting pushed back. Can you contact the courier on my behalf?,shipping,urgent,neutral,english,track_order
TKT-00434,I'm seeing a repeated charge that shouldn't be there. How do I get the extra amount refunded?,billing,medium,neutral,english,refund_duplicate_charge
TKT-01257,The interface glitches and buttons don't respond when I tap them. I'm using version 4.0.0 on iPhone.,technical,high,negative,english,technical_troubleshooting
TKT-00918,I am so done with this. The search function in your app returns no results even though I know there should be matches. Is there a workaround I can try in the meantime?,technical,medium,negative,english,technical_troubleshooting
TKT-02677,i haven't received any shipping updates since i placed my order.,shipping,low,neutral,english,track_order
TKT-04995,I've been trying to cancel for days but can't figure out how,subscription,low,negative,english,cancel_subscription
TKT-02863,Can you tell me where my order is right now? I've contacted the courier but they redirected me to you. Please provide an updated delivery estimate.,shipping,high,negative,english,track_order
TKT-04836,I don't want to renew my annual plan. My plan is the Enterprise tier at $39.99/month. How soon will the cancellation take effect?,subscription,low,neutral,english,cancel_subscription
TKT-01554,The software FREEZES WHENEVER I try to save my work. I'm losing patience with this recurring issue.,technical,high,negative,english,technical_troubleshooting
TKT-00214,There's a charge I don't recognize that matches my last payment exactly. Reference number: ORD-571600. This needs to be corrected immediately.,billing,urgent,neutral,english,refund_duplicate_charge
TKT-00279,The payment for my last order appears duplicated. This happened on last week,billing,high,negative,english,refund_duplicate_charge
TKT-04718,Can you help me cancel before the next payement cycle? My plan is the Pro tier at $99.99/month. Thank you for processing this promptly.,subscription,medium,positive,english,cancel_subscription
TKT-03194,I need to track my package but the tracking number doesn't work. I chose standard delivery. I need someone to investigate what happened to my package.,shipping,medium,neutral,english,track_order
TKT-03019,The tracking information hasn't been updated in five days. Is there any way to speed this up?,shipping,low,neutral,english,track_order
TKT-03720,I NEVER RECEIVED MY ORDER BUT I was charged for it. I returned the item via FedEx on September 28th. Is there anything else you need from me to process this?,refund,high,negative,english,refund_duplicate_charge
TKT-04351,This is ridiculous. How do I stop my recurring payment? I'm currently on the Standard plan. Will I still have access until the end of the current period?,subscription,medium,negative,english,cancel_subscription
TKT-01866,I keep getting 'invalid token' when I click the reset link. I checked my spam folder but nothing is there. Please help me regain acess.,account,medium,neutral,english,reset_password
TKT-02551,My package seems to be stuck in transit. I chose standard delivery. I'm very disappointed with the delivery experience.,shipping,high,negative,english,track_order
TKT-00442,Looks like the payment went through two times. This happened on yesterday. Could you look into this and issue a refund?,billing,high,negative,english,refund_duplicate_charge
TKT-01285,I can't believe this is happening again. I'm getting a weird error message when I use the application. I attached a screenshot but can't include it here.,technical,high,negative,english,technical_troubleshooting
TKT-00564,I'm seeing a repeated charge that shouldn't be there. The amount is $19.99 each time.,billing,high,neutral,english,refund_duplicate_charge
TKT-04598,I'm switching to a different provider and need to cancel here. How soon will the cancellation take effect?,subscription,medium,neutral,english,cancel_subscription
TKT-02837,the estimated arrival keeps getting pushed back. i ordered on last week.,shipping,medium,negative,english,track_order
TKT-02520,The estimated arrival keeps getting pushed back. I selected express delivery.,shipping,high,negative,english,track_order
TKT-01922,I'm locked out of my account after too many failed attempts. I checked my spam folder but nothing is there. Can you send me a manual reset link?,account,low,neutral,english,resolve_login_issue
TKT-03761,My return was approved weeks ago but the credit still hasn't appeared. I already spoke with someone who said it would be taken care of. Please return my payment as soon as possible.,refund,high,negative,english,refund_duplicate_charge
TKT-03627,I WAS CHARGED twice by mistake — can I get the extra amount returned? I have the receipt and can provide proof of the duplicate charge. Can you expedite this reimbursement?,refund,urgent,negative,english,refund_duplicate_charge
TKT-00168,The payment for my last order appears duplicated. The transaction date shows last week.,billing,urgent,neutral,english,refund_duplicate_charge
TKT-02859,My order still hasn't arrived and it's been over two weeks. This is a gift and I needed it by a specific date. I'd like to file a complaint about the delivery service.,shipping,low,neutral,english,track_order
TKT-04310,I've had it with your service! I want to stop all future charges related to my plan. Can you also delete my stored payment information?,subscription,high,negative,english,cancel_subscription
TKT-03380,I've had it with your service! My order arrived damaged and I need a full reimbursement. I just want my money returned.,refund,urgent,negative,english,refund_duplicate_charge
TKT-02993,"I'm worried my package got lost in transit. If it's lost, I need a replacement or refund.",shipping,medium,negative,english,track_order
TKT-01188,The download keeps failing at 80 percent every single time,technical,medium,negative,english,technical_troubleshooting
TKT-00034,My credit card was billed double for my recent purchase. I noticed this when I checked my statement on last Friday. Kindly process a refund for the duplicate transaction.,billing,medium,neutral,english,refund_duplicate_charge
TKT-04509,I want to unsubscribe from the premium tier. My plan is the Premium tier at $19.99/month.,subscription,high,negative,english,cancel_subscription
TKT-04078,The product broke within the first day — I need my money back. Please return my payment as soon as possible.,refund,high,negative,english,refund_duplicate_charge
TKT-03049,NOT HAPPY AT ALL. THE COURIER says they delivered it but I never recieved anything.,shipping,low,negative,english,track_order
TKT-01756,I can't sign in from my new phone. I checked my spam folder but nothing is there.,account,urgent,neutral,english,resolve_login_issue
TKT-03286,"The estimated arrival keeps getting pushed back. I ordered on October 1st. If it's lost, I need a replacement or refund.",shipping,high,negative,english,track_order
TKT-02381,i can't log into my account even though i'm using the correct credentials. i can provide id verification if needed. is there another way to verify my identity?,account,high,neutral,english,resolve_login_issue
TKT-03462,I ACCIDENTALLY PURCHASED THE WRONG plan and need my money back. I need the amount credited to my original payment method.,refund,low,negative,english,refund_duplicate_charge
TKT-01553,The download keeps failing at 80 percent every single time. I've tried restarting my iPhone but the problem persists. Can you provide a timeline for when this will be resolved?,technical,medium,negative,english,technical_troubleshooting
TKT-03388,I returned my order two weeks ago but still havent gotten my money back. I have the receipt and can provide proof of the duplicate charge.,refund,high,negative,english,refund_duplicate_charge
TKT-01187,I keep getting kicked out of the app randomly. This is really affecting my work.,technical,medium,neutral,english,technical_troubleshooting
TKT-01352,This is absolutely unacceptable. The page loads very slowly and sometimes times out completely.,technical,high,negative,english,technical_troubleshooting
TKT-01605,This is absolutely unacceptable. My device won't connect to your service properly. I've already tried all the basic troubleshooting steps. This is really affecting my work.,technical,medium,negative,english,technical_troubleshooting
TKT-04783,The service isn't worth the monthly fee anymore,subscription,high,neutral,english,cancel_subscription
TKT-04123,This is ridiculous. The duplicate charge on my card needs to be reversed immediately. I already spoke with someone who said it would be taken care of. I'm going to dispute the charge with my bank if this isn't resolved.,refund,low,negative,english,refund_duplicate_charge
TKT-01015,I keep getting a connection error when I try to use the app. It works fine on my laptop but not on my desktop computer. Is there a workaround I can try in the meantime?,technical,urgent,neutral,english,technical_troubleshooting
TKT-03565,My order arrived damaged and I need a full reimbursement. I returned the item via FedEx on yesterday. I need the amount credited to my original payment method.,refund,high,neutral,english,refund_duplicate_charge
TKT-02982,i paid for express delivery but it's been 5 days already.,shipping,medium,neutral,english,track_order
TKT-02842,The tracking information HASN'T BEEN UPDATED IN five days.,shipping,medium,negative,english,track_order
TKT-03907,I canceled my order but the charge still went through. I already spoke with someone who said it would be taken care of.,refund,low,neutral,english,refund_duplicate_charge
TKT-02995,This is ridiculous. The courier says they delivered it but I never received anything. I chose standard delivery. I need someone to investigate what happened to my package.,shipping,medium,negative,english,track_order
TKT-01000,I keep getting a connection error when I try to use the app. I've already cleared the cache and reinstalled the app.,technical,medium,negative,english,technical_troubleshooting
TKT-03146,My package seems to be stuck in transit. I've contacted the courier but they redirected me to you. Please provide an updated delivery estimate.,shipping,high,negative,english,track_order
TKT-01732,I've been trying to reset my password for the past hour.,account,medium,negative,english,reset_password
TKT-03355,The item DOESN'T MATCH THE description and I want my money returned. Can you expedite this reimbursement?,refund,high,negative,english,refund_duplicate_charge
TKT-00550,"My credit card was billed double for my recent purchase. This happened on a few days ago. I need this resolved quickly, please.",billing,high,neutral,english,refund_duplicate_charge
TKT-03184,"Dear support team, I haven't received any shipping updates since I placed my order. I ordered on a few days ago. Please provide an updated delivery estimate.",shipping,high,neutral,english,track_order
TKT-04454,Please cancel my auto-renewal — I don't want to be charged again,subscription,high,positive,english,cancel_subscription
TKT-01578,The application is not responding after the latest update. This started happening after the last update. Please escalate this if necessary.,technical,high,positive,english,technical_troubleshooting
TKT-02716,I want to know why my package is taking so long. My delivery address is correct — I've double checked.,shipping,low,negative,english,track_order
TKT-01023,Something is broken in the app — features that used to work don't anymore. I've already tried all the basic troubleshooting steps!!,technical,high,negative,english,technical_troubleshooting
TKT-00562,My bank shows two identical transactions from your company. I expect a refund for the duplicate amount.,billing,high,negative,english,refund_duplicate_charge
TKT-02375,This is ridiculous. I'm locked out of my account after too many failed attempts. I checked my spam folder but nothing is there. Please help me regain acess.,account,medium,negative,english,resolve_login_issue
TKT-01907,The login button is greyed out and I can't click it. I can't access any of my saved data without logging in.,account,urgent,neutral,english,resolve_login_issue
TKT-00161,i've wasted so much time on this already. i received two charge notifications for one transaction.,billing,medium,negative,english,refund_duplicate_charge
TKT-03990,"The product broke within the first day — I need my money back. I want a full reimbursement, not store credit",refund,high,negative,english,refund_duplicate_charge
TKT-01261,the app is super slow and basically unusable right now. this is really affecting my work.,technical,high,negative,english,technical_troubleshooting
TKT-01966,I forgot my password and the reset link isn't working. I checked my spam folder but nothing is there. I need this sorted out as soon as possible.,account,high,neutral,english,reset_password
TKT-01978,My temporary password stopped working before I could set a new one. This is urgent as I need access for work. I can't access any of my saved data without logging in.,account,medium,negative,english,reset_password
TKT-00896,I can't get the app to work on my phone since yesterday. The error code I'm seeing is ERR-8104. Is this a known issue? Are you working on a fix?,technical,medium,negative,english,technical_troubleshooting
TKT-00224,"Honestly, this is the worst experience. I noticed an extra charge on my credit card statement. I want the overcharge refunded to my card.",billing,high,negative,english,refund_duplicate_charge
TKT-00406,I just checked MY STATEMENT and there's a double payment.,billing,high,negative,english,refund_duplicate_charge
TKT-03891,I was told I would get my payment back but it hasn't appeared on my statement. The order number is ORD-219095.,refund,urgent,neutral,english,refund_duplicate_charge
TKT-02266,The CAPTCHA on the login page keeps failing even when I solve it correctly. I can provide ID verification if needed.,account,medium,neutral,english,resolve_login_issue
TKT-02297,I enter my email and password but nothing happens. I've verified my email adress already. Can you send me a manual reset link?,account,medium,neutral,english,resolve_login_issue
TKT-04754,I've wasted so much time on this already. I'd like to end my membership effective immediately. I don't see a cancel option in my account settings. Just want this taken care of.,subscription,medium,negative,english,cancel_subscription
TKT-01382,"Honestly, this is the worst experience. I keep getting a connection error when I try to use the app. I've tried restarting my Android phone but the problem persists...",technical,high,negative,english,technical_troubleshooting
TKT-03733,I canceled my order but the charge still went through. The amount I need returned is $49.99.,refund,high,neutral,english,refund_duplicate_charge
TKT-00865,"Greetings, I'm writing to inquire about something. The page loads very slowly and sometimes times out completely. I'm losing patience with this recurring issue.",technical,high,positive,english,technical_troubleshooting
TKT-02841,My package seems to be stuck in transit. I ordered on two days ago. I'm very disappointed with the delivery experiance.,shipping,low,negative,english,track_order
TKT-00135,I see an unauthorized duplicate deduction on my account. It appeared on my statement dated last week.,billing,medium,negative,english,refund_duplicate_charge
TKT-00183,My credit card was billed double for my recent purchase. The transaction date shows a few days ago.,billing,urgent,negative,english,refund_duplicate_charge
TKT-04023,I've been waiting over a month for the money to come back to my account. The order number is ORD-121621. I'm going to dispute the charge with my bank if this isn't resolved.,refund,high,negative,english,refund_duplicate_charge
TKT-04735,can you help me cancel before the next payment cycle? i don't want any retention offers — just cancel please.,subscription,low,negative,english,cancel_subscription
TKT-04081,i was charged twice and i want my money back for the extra payment. the amount i need returned is $149.99.,refund,high,neutral,english,refund_duplicate_charge
TKT-02828,This is absolutely unacceptable. The tracking information hasn't been updated in five days. I ordered on September 28th.,shipping,high,negative,english,track_order
TKT-00840,I'm really upset about this. The notification system seems completely broken on my end. Is this a known issue? Are you working on a fix?,technical,urgent,negative,english,technical_troubleshooting
TKT-00166,"Dear support team, My credit card was billed double for my recent purchase. It appeared on my statement dated last Monday.",billing,medium,neutral,english,refund_duplicate_charge
TKT-02001,"Greetings, I'm writing to inquire about something. I tried resetting my password but I get an error. Please advise on what to do next Looking forward to hearing from you.",account,medium,positive,english,reset_password
TKT-01935,my account seems to be suspended but i don't know why. i can provide id verification if needed.,account,high,neutral,english,resolve_login_issue
TKT-04141,I never received my order but I was charged for it. The order number is ORD-873375. I'm going to dispute the charge with my bank if this isn't resolved.,refund,high,neutral,english,refund_duplicate_charge
TKT-02281,the login button is greyed out and i can't click it.,account,high,negative,english,resolve_login_issue
TKT-02303,I've wasted so much time on this already. How do I change my password? The current one doesn't work. I checked my spam folder but nothing is there.,account,medium,negative,english,reset_password
TKT-04493,i want to cancel my monthly plan.,subscription,high,negative,english,cancel_subscription
TKT-03618,I can't believe this is happening again. I was charged twice by mistake — can I get the extra amount returned? The return tracking shows it was delivered back to your warehouse.,refund,urgent,negative,english,refund_duplicate_charge
TKT-04414,this IS RIDICULOUS. I SIGNED up by mistake and need to cancel right away. just want this taken care of.,subscription,medium,negative,english,cancel_subscription
TKT-03297,I haven't received any shipping updates since I placed my order. The tracking number is TRK1519668425. Can you contact the courier on my behalf?,shipping,high,neutral,english,track_order
TKT-01024,the system keeps showing error code 503 when i try to access my data. i'm using version 4.2.3 on desktop computer. i've spent hours trying to fix this myself.,technical,urgent,neutral,english,technical_troubleshooting
TKT-02780,I paid for express delivery but it's been 14 days already. I need someone to investigate what happened to my package.,shipping,medium,neutral,english,track_order
TKT-00845,The page loads very slowly and sometimes times out completely. It works fine on my laptop but not on my MacBook. I've spent hours trying to fix this myself,technical,medium,neutral,english,technical_troubleshooting
TKT-01221,My device won't connect to your service properly. I've tried restarting my MacBook but the problem persists.,technical,urgent,negative,english,technical_troubleshooting
TKT-02635,"Dear support team, I received a delivery confirmation but the package isn't here.",shipping,high,neutral,english,track_order
TKT-01105,"after the recent update, the app doesn't load properly. i'm using version 2.8.5 on desktop computer. i rely on this app daily and can't afford downtime.",technical,high,negative,english,technical_troubleshooting
TKT-01295,My device won't connect to your service properly. This has been going on for 10 days now. Please escalate this if necessary.,technical,low,neutral,english,technical_troubleshooting
TKT-02652,The delivery was supposed to arrive by last Monday. This is a gift and I needed it by a specific date. Can you check the status of my delivery?,shipping,high,negative,english,track_order
TKT-03309,"Hi there, I have a question. Tracking shows my order is in a completely different city. I've contacted the courier but they redirected me to you. I need someone to investigate what happened to my package.",shipping,medium,neutral,english,track_order
TKT-01247,i can't get the app to work on my phone since yesterday. i've already cleared the cache and reinstalled the app.,technical,medium,negative,english,technical_troubleshooting
TKT-00622,Your system appears to have processed my payment twice. This needs to be corrected immediately.,billing,high,negative,english,refund_duplicate_charge
TKT-01069,I can't get the app to work on my phone since yesterday. Other users in my household are experiencing the same thing. I need this fixed as soon as possible,technical,high,negative,english,technical_troubleshooting
TKT-01218,This is absolutely unacceptable. I'm experiencing constant buffering and lag on your platform. I've tried restarting my Windows laptop but the problem persists. This is really affecting my work.,technical,low,negative,english,technical_troubleshooting
TKT-01100,The page loads very slowly and sometimes times out completely. Other users in my household are experiencing the same thing. Is there a workaround I can try in the meantime?,technical,medium,neutral,english,technical_troubleshooting
TKT-04560,"Hi, sorry to bother you but I no longer need the service and want to cancel. My plan is the Standard tier at $99.99/month I appreciate your help.",subscription,urgent,positive,english,cancel_subscription
TKT-04633,"Hello, I hope you're having a good day. I want to unsubscribe from the premium tier Thank you for your time.",subscription,low,positive,english,cancel_subscription
TKT-01251,I am extremely frustrated. I'm experiencing constant buffering and lag on your platform.,technical,medium,negative,english,technical_troubleshooting
TKT-04581,I've wasted so much time on this already. Can I cancel mid-cycle and get a prorated refund?,subscription,medium,negative,english,cancel_subscription
TKT-04859,I don't want to renew my annual plan. I don't see a cancel option in my account settings. I don't want any retention offers — just cancel please.,subscription,low,neutral,english,cancel_subscription
TKT-04532,I don't want to renew my annual plan. My plan is the Pro tier at $59.99/month.,subscription,medium,positive,english,cancel_subscription
TKT-03809,This is ridiculous. I was overcharged and need the difference returned to my card. The amount I need returned is $39.99. I need the amount credited to my original payment method.,refund,urgent,negative,english,refund_duplicate_charge
TKT-00523,I think the system charged me twice when I placed my order. Please reverse the duplicate charge!!,billing,medium,neutral,english,refund_duplicate_charge
TKT-02916,The estimated arrival keeps getting pushed back. Can you check the status of my delivery?,shipping,medium,negative,english,track_order
TKT-02399,I've been trying to reset my password for the past hour. I've been a customer since 2024.,account,urgent,negative,english,reset_password
TKT-02137,I can't remember my password and need to regain access. I've been a customer since 2023. Please advise on what to do next.,account,high,neutral,english,reset_password
TKT-03832,"Greetings, I'm writing to inquire about something. I was charged twice and I want my money back for the extra payment. The return tracking shows it was delivered back to your warehouse. How long will it take to get my money back?",refund,urgent,neutral,english,refund_duplicate_charge
TKT-01276,The search function in your app returns no results even though I know there should be matches. I'm losing patience with this recurring issue.,technical,medium,neutral,english,technical_troubleshooting
TKT-00364,I noticed an extra charge on my credit card statement. Each charge is for $14.99.,billing,high,negative,english,refund_duplicate_charge
TKT-01601,The app is super slow and basically unusable right now. My internet connection is fine — other apps work normally. Is this a known issue? Are you working on a fix?,technical,high,neutral,english,technical_troubleshooting
TKT-03749,I'm really UPSET ABOUT this. I was charged twice by mistake — can I get the extra amount returned? The amount I need returned is $19.99. I just want my money returned.,refund,urgent,negative,english,refund_duplicate_charge
TKT-04714,I want to stop all future charges related to my plan. I don't see a cancel option in my account settings.,subscription,medium,neutral,english,cancel_subscription
TKT-04073,My return was approved weeks ago but the credit still hasn't appeared. I was charged $59.99 twice.,refund,low,neutral,english,refund_duplicate_charge
TKT-04150,My return was approved weeks ago but the credit still hasn't appeared. The amount I need returned is $29.99. Please confirm when the reversal has been issued.,refund,medium,negative,english,refund_duplicate_charge
TKT-03242,Tracking shows my order is in a completely different city. This delay is really inconvenient.,shipping,medium,negative,english,track_order
TKT-01076,The notification system seems completely broken on my end!!,technical,urgent,neutral,english,technical_troubleshooting
TKT-00859,The software freezes whenever I try to save my work. Other users in my household are experiencing the same thing.,technical,medium,negative,english,technical_troubleshooting
TKT-04636,I want to unsubscribe from the premium tier. Will I still have access until the end of the current period?,subscription,urgent,neutral,english,cancel_subscription
TKT-00246,I just checked my statement and there's a double payement...,billing,medium,negative,english,refund_duplicate_charge
TKT-01932,"Every time I try to sign in, it says 'invalid credentials'. I can't access any of my saved data without logging in...",account,urgent,negative,english,resolve_login_issue
TKT-00698,I've been CHARGED AN EXTRA AMOUNT THAT I didn't authorize. The duplicate amount is $29.99. Please investigate and process a correction.,billing,urgent,negative,english,refund_duplicate_charge
TKT-03986,i am extremely frustrated. my order arrived damaged and i need a full reimbursement. the amount i need returned is $149.99.,refund,urgent,negative,english,refund_duplicate_charge
TKT-02925,My parcel has been sitting at the distribution center for a week. I've contacted the courier but they redirected me to you.,shipping,urgent,neutral,english,track_order
TKT-02922,Tracking shows my order is in a completely different city. I ordered on last Friday. I need someone to investigate what happened to my package.,shipping,high,neutral,english,track_order
TKT-03644,Seriously?? I was overcharged and need the difference returned to my card.,refund,high,negative,english,refund_duplicate_charge
TKT-03867,"I am so done with this. I canceled my order but the charge still went through. I was charged $99.99 twice. I want a full reimbursement, not store credit.",refund,urgent,negative,english,refund_duplicate_charge
TKT-00389,The payment for my last order appears duplicated. The amount is $59.99 each time.,billing,medium,negative,english,refund_duplicate_charge
TKT-01161,I am so done with this. The software freezes whenever I try to save my work. This started happening after the last update. Please escalate this if necessary,technical,low,negative,english,technical_troubleshooting
TKT-01327,I am extremely frustrated. The software freezes whenever I try to save my work. How can I get this working again?,technical,medium,negative,english,technical_troubleshooting
TKT-01997,"Good afternoon, I was wondering if you could assist me. I keep getting 'invalid token' when I click the reset link.",account,high,neutral,english,reset_password
TKT-04458,"Hi, sorry to bother you but I want to make sure I won't be charged next month. My next payment date is September 28th I apreciate your help...",subscription,low,positive,english,cancel_subscription
TKT-00417,i received two charge notifications for one transaction. this needs to be corrected immediately.,billing,medium,negative,english,refund_duplicate_charge
TKT-00956,My device won't connect to your service properly. Please escalate this if necessary.,technical,urgent,negative,english,technical_troubleshooting
TKT-01710,"Honestly, this is the worst experience. I get an error saying my account doesn't exist, but I've had it for years. My username is techuser99. I can't access any of my saved data without logging in.",account,medium,negative,english,resolve_login_issue
TKT-04622,How do I stop my recurring payment? Make sure no further charges are applied.,subscription,urgent,neutral,english,cancel_subscription
TKT-02068,I can't sign in from my new phone. I've been a customer since 2024.,account,medium,negative,english,resolve_login_issue
TKT-02821,I've had it with your service! Is there a way to expedite my delivery? I ordered on last Friday.,shipping,medium,negative,english,track_order
TKT-03775,i can't believe this is happening again. i paid twice by mistake and need one payment returned.,refund,high,negative,english,refund_duplicate_charge
TKT-01875,The CAPTCHA on the login page keeps failing even when I solve it correctly. I'd appreciate a quick resolution,account,high,neutral,english,resolve_login_issue
TKT-00775,The payement for my last order appears duplicated. Order number ORD-269887 seems to be the one affected.,billing,high,negative,english,refund_duplicate_charge
TKT-01298,The notification system seems completely broken on my end. I've already tried all the basic troubleshooting steps.,technical,urgent,neutral,english,technical_troubleshooting
TKT-01384,The software freezes whenever I try to save my work. I've tried using different browsers but same issue. I've spent hours trying to fix this myself.,technical,high,neutral,english,technical_troubleshooting
TKT-03193,Tracking shows my order is in a completely different city. My order number is ORD-743661. I'd like to file a complaint about the delivery service.,shipping,urgent,neutral,english,track_order
TKT-03291,"Hi, sorry to bother you but Where is my order? The estimated delivery date has passed. My order number is ORD-964632. I need to know when I'll receive my order...",shipping,medium,neutral,english,track_order
TKT-01128,I've had IT WITH YOUR service! I'm getting a weird error message when I use the application. I'm using version 5.1.0 on iPad. This is really affecting my work.,technical,high,negative,english,technical_troubleshooting
TKT-00171,I'm really upset about this. Looks like the payement went through two times. Order number ORD-997728 seems to be the one affected. How do I get the extra amount refunded?,billing,high,negative,english,refund_duplicate_charge
TKT-03945,i canceled my order but the charge still went through. the amount i need returned is $39.99.,refund,high,negative,english,refund_duplicate_charge
TKT-04286,I no longer need the service and want to cancel. I already tried to cancel through the website. Just want this taken care of,subscription,medium,neutral,english,cancel_subscription
TKT-01904,How do I change my password? The current one doesn't work. My username is sarah_w. I'd appreciate a quick resolution.,account,low,neutral,english,reset_password
TKT-03601,I am so done with this. The product I received is defective and I want my money back. The amount I need returned is $39.99. Please confirm when the reversal has been issued.,refund,high,negative,english,refund_duplicate_charge
TKT-04896,I've decided to discontinue my plan. My plan is the Enterprise tier at $99.99/month.,subscription,high,positive,english,cancel_subscription
TKT-02747,I'm really upset about this. My neighbor says no delivery attempt was made at my address. Is there any way to speed this up?,shipping,high,negative,english,track_order
TKT-04950,I am so done with this. How do I stop my recurring payment? I'm currently on the Premium plan.,subscription,medium,negative,english,cancel_subscription
TKT-03769,I've wasted so much time on this already. My return was approved weeks ago but the credit still hasn't appeared. I have the receipt and can provide proof of the duplicate charge.,refund,medium,negative,english,refund_duplicate_charge
TKT-01530,Something is broken in the app — features that used to work don't anymore. I've already cleared the cache and reinstalled the app.,technical,urgent,negative,english,technical_troubleshooting
TKT-03808,I've been waiting over a month for the money to come back to my account. Please return my payment as soon as possible.,refund,high,negative,english,refund_duplicate_charge
TKT-02198,I haven't been able to access my account since last week. I can provide ID verification if needed.,account,medium,neutral,english,resolve_login_issue
TKT-02954,"Honestly, this is the worst experience. My order still hasn't arrived and it's been over two weeks. The tracking number is TRK4892840655. Can you contact the courier on my behalf?",shipping,medium,negative,english,track_order
TKT-03514,i was charged twice and i want my money back for the extra payment. is there anything else you need from me to process this?,refund,high,neutral,english,refund_duplicate_charge
TKT-04181,I want to make sure I won't be charged next month. My plan is the Premium tier at $29.99/month. How soon will the cancellation take effect?,subscription,medium,neutral,english,cancel_subscription
TKT-02643,"i placed an order on october 1st and it still hasn't been delivered. if it's lost, i need a replacement or refund.",shipping,high,negative,english,track_order
TKT-04055,I returned my order two weeks ago but still haven't gotten my money back. I returned the item via FedEx on last Monday. Please return my payment as soon as possible.,refund,high,negative,english,refund_duplicate_charge
TKT-00522,Something went wrong with my payment — the amount was deducted two times. Both transactions show $19.99.,billing,high,neutral,english,refund_duplicate_charge
TKT-03282,The courier says they delivered it but I never received anything. I ordered on yesterday!!,shipping,medium,neutral,english,track_order
TKT-04376,I am so done with this. Can I cancel mid-cycle and get a prorated refund? I read the cancellation policy but still have questions. Make sure no further charges are applied.,subscription,medium,negative,english,cancel_subscription
TKT-00493,"I am extremely frustrated. Something went wrong with my payement — the amount was deducted two times. My monthly payment should be $99.99, not double that. I need the extra payment reversed as soon as possible.",billing,high,negative,english,refund_duplicate_charge
TKT-02193,"Honestly, this is the worst experience. I get an error saying my account doesn't exist, but I've had it for years. My registered email is a***@gmail.com.",account,high,negative,english,resolve_login_issue
TKT-02830,"Honestly, this is the worst experience. I haven't received any shipping updates since I placed my order.",shipping,high,negative,english,track_order
TKT-01518,Your website keeps displaying a blank screen on my browser. This has been going on for 4 days now. I need this fixed as soon as possible.,technical,medium,positive,english,technical_troubleshooting
TKT-02510,"I placed an order on on the 15th and it still hasn't been delivered. If it's lost, I need a replacement or refund...",shipping,low,neutral,english,track_order
TKT-03605,My order arrived damaged and I need a full reimbursement. Is there anything else you need from me to process this?,refund,urgent,negative,english,refund_duplicate_charge
TKT-00725,I'm really upset about this. Could you check my recent transactions? There seem to be two identical ones. The duplicate amount is $49.99.,billing,high,negative,english,refund_duplicate_charge
TKT-01917,Single sign-on with Google isn't working for my account anymore. Can you send me a manual reset link?,account,medium,neutral,english,resolve_login_issue
TKT-04476,I signed up by mistake and need to cancel right away.,subscription,medium,negative,english,cancel_subscription
TKT-00602,"I received two charge notifications for one transaction. I need this resolved quickly, please.",billing,medium,negative,english,refund_duplicate_charge
TKT-01034,I keep getting kicked out of the app randomly. It works fine on my laptop but not on my desktop computer!!,technical,high,negative,english,technical_troubleshooting
TKT-03734,i was overcharged and need the difference returned to my card.,refund,urgent,negative,english,refund_duplicate_charge
TKT-00266,Something went wrong with my payement — the amount was deducted two times. The duplicate amount is $29.99. Would you be able to reverse the second charge?,billing,urgent,negative,english,refund_duplicate_charge
TKT-04166,The service didn't work as advertised — I want my money back. It's been 11 days since I requested my money back. I just want my money returned.,refund,medium,negative,english,refund_duplicate_charge
TKT-02638,The courier says they delivered it but I never received anything. Can you check the status of my delivery?,shipping,medium,neutral,english,track_order
TKT-00310,Looks like the payment went through two times. I want the overcharge refunded to my card.,billing,high,neutral,english,refund_duplicate_charge
TKT-00596,There's a charge I don't recognize that matches my last payment exactly. It appeared on my statement dated September 28th. How do I get the extra amount refunded?,billing,high,negative,english,refund_duplicate_charge
TKT-02891,Tracking shows my order is in a completely different city. Can you check the status of my delivery?,shipping,high,neutral,english,track_order
TKT-00980,I keep getting a connection error when I try to use the app. I've tried restarting my iPad but the problem persists. How can I get this working again?,technical,low,negative,english,technical_troubleshooting
TKT-04340,I tried to cancel online but the button doesn't seem to work. My plan is the Enterprise tier at $99.99/month. Make sure no further charges are applied.,subscription,urgent,positive,english,cancel_subscription
TKT-03717,I've had it with your service! I accidentally purchased the wrong plan and need my money back. I returned the item via FedEx on last Monday.,refund,medium,negative,english,refund_duplicate_charge
TKT-02173,This is absolutely unacceptable. I need to change my password but I can't find the option. Is there another way to verify my identity?,account,medium,negative,english,reset_password
TKT-03521,This is ridiculous. I was overcharged and need the difference returned to my card.,refund,medium,negative,english,refund_duplicate_charge
TKT-00548,The payment for my last order appears duplicated. The transaction date shows two days ago. I need the extra payment reversed as soon as possible.,billing,urgent,neutral,english,refund_duplicate_charge
TKT-01859,I can't remember my password and need to regain access. I can provide ID verification if needed.,account,high,neutral,english,reset_password
TKT-03659,This is the third time I'm reaching out about the same issue. I was charged twice and I want my money back for the extra payment.,refund,high,negative,english,refund_duplicate_charge
TKT-04515,I've been trying to cancel for days but can't figure out how. My next payement date is three days ago. Make sure no further charges are applied.,subscription,low,neutral,english,cancel_subscription
TKT-02962,Is there a way to expedite my delivery? Is there any way to speed this up?,shipping,medium,negative,english,track_order
TKT-02473,i tried resetting my password but i get an error. please help me regain access!!,account,low,negative,english,reset_password
TKT-02452,i'm locked out of my account after too many failed attempts. my username is customer2024.,account,high,neutral,english,resolve_login_issue
TKT-01757,I can't sign in from my new phone.,account,high,negative,english,resolve_login_issue
TKT-03873,"Honestly, this is the worst experience. The quality of what I received doesn't justify the price. Please return my payment as soon as possible.",refund,high,negative,english,refund_duplicate_charge
TKT-02054,I haven't been able to access my account since last week. My registered email is d***@outlook.com.,account,urgent,negative,english,resolve_login_issue
TKT-04680,"Greetings, I'm writing to inquire about something. I want to make sure I won't be charged next month. I read the cancellation policy but still have questions. Will I still have access until the end of the current period?",subscription,low,neutral,english,cancel_subscription
TKT-00569,Seriously?? I noticed an extra charge on my credit card statement. Please investigate and process a correction.,billing,urgent,negative,english,refund_duplicate_charge
TKT-04885,NOT HAPPY AT ALL. I don't want to renew my annual plan.,subscription,low,negative,english,cancel_subscription
TKT-00479,I just checked my statement and there's a double payment. This happened on yesterday.,billing,high,neutral,english,refund_duplicate_charge
TKT-03200,i'm worried my package got lost in transit. i'm very disappointed with the delivery experience.,shipping,high,negative,english,track_order
TKT-00986,The interface glitches and buttons don't respond when I tap them. Other users in my household are experiencing the same thing. Can someone please help me resolve this?,technical,medium,negative,english,technical_troubleshooting
TKT-01448,the interface glitches and buttons don't respond when i tap them. other users in my household are experiencing the same thing. is there a workaround i can try in the meantime?,technical,medium,positive,english,technical_troubleshooting
TKT-04385,I signed up by mistake and need to cancel right away. I already tried to cancel through the website. Thank you for processing this promptly.,subscription,high,neutral,english,cancel_subscription
TKT-00868,This is ridiculous. I keep getting a connection error when I try to use the app.,technical,high,negative,english,technical_troubleshooting
TKT-01968,"Good afternoon, I was wondering if you could assist me. I'm getting a 'session expired' message immediately after logging in. I checked my spam folder but nothing is there. Please help me regain access Looking forward to hearing from you.",account,high,positive,english,resolve_login_issue
TKT-00617,I'm seeing a repeated charge that shouldn't be there. Would you be able to reverse the second charge?,billing,medium,neutral,english,refund_duplicate_charge
TKT-04670,I'd like to end my membership effective immediately. Make sure no further charges are applied.,subscription,medium,neutral,english,cancel_subscription
TKT-01583,I'm getting a weird error message when I use the application. How can I get this working again?,technical,urgent,negative,english,technical_troubleshooting
TKT-00753,The payement for my last order appears duplicated. I was expecting only one charge of $24.99.,billing,urgent,negative,english,refund_duplicate_charge
TKT-00465,"I see an unauthorized duplicate deduction on my account. My monthly payment should be $19.99, not double that. How do I get the extra amount refunded?",billing,urgent,negative,english,refund_duplicate_charge
TKT-02053,I keep getting 'invalid token' when I click the reset link. My registered email is d***@outlook.com. This is becoming very frustrating.,account,high,negative,english,reset_password
TKT-02181,"I get an error saying my account doesn't exist, but I've had it for years. I checked my spam folder but nothing is there.",account,medium,negative,english,resolve_login_issue
TKT-04881,This is ridiculous. The service isn't worth the monthly fee anymore.,subscription,medium,negative,english,cancel_subscription
TKT-00164,I'm seeing a repeated charge that shouldn't be there. Order number ORD-929696 seems to be the one affected.,billing,high,neutral,english,refund_duplicate_charge
TKT-00300,"Good morning, I'd like some help please. I see an unauthorized duplicate deduction on my account. Both transactions show $9.99.",billing,urgent,neutral,english,refund_duplicate_charge
TKT-04305,"Greetings, I'm writing to inquire about something. Can you help me cancel before the next payment cycle? My next payment date is October 1st. Make sure no further charges are applied.",subscription,low,positive,english,cancel_subscription
TKT-02687,Is there a way to expedite my delivery? This is a gift and I needed it by a specific date.,shipping,medium,negative,english,track_order
TKT-00995,My data isn't syncing across devices anymore. I'd appreciate any help with this problem.,technical,medium,negative,english,technical_troubleshooting
TKT-01461,I've had it with your service! The search function in your app returns no results even though I know there should be matches. Please escalate this if necessary.,technical,urgent,negative,english,technical_troubleshooting
TKT-01953,This is ridiculous. My password expired and I can't seem to create a new one. My username is david.lee,account,medium,negative,english,reset_password
TKT-02761,"Hi, I hope this message finds you well. The estimated arrival keeps getting pushed back.",shipping,medium,positive,english,track_order
TKT-04392,"Honestly, this is the worst experience. Can you help me cancel before the next payment cycle? Can you also delete my stored payment information?",subscription,medium,negative,english,cancel_subscription
TKT-03496,I never received my order but I was charged for it. I returned the item via DHL on on the 15th. Please return my payment as soon as possible.,refund,high,negative,english,refund_duplicate_charge
TKT-00470,I've wasted so much time on this already. My bank shows two identical transactions from your company. The duplicate amount is $59.99. Please fix this and credit my account.,billing,high,negative,english,refund_duplicate_charge
TKT-01963,i enter my email and password but nothing happens. this is urgent as i need access for work.,account,high,neutral,english,resolve_login_issue
TKT-02799,"Good morning, I'd like some help please. The estimated arrival keeps getting pushed back. My delivery address is correct — I've double checked. Can you check the status of my delivery?",shipping,low,neutral,english,track_order
TKT-02091,"Hello, thank you in advance for your help. I enter my email and password but nothing happens. I've already tried from multiple devices. I can't access any of my saved data without logging in.",account,medium,neutral,english,resolve_login_issue
TKT-01923,Two-factor authentication isn't sending me the verification code. I've verified my email address already.,account,high,neutral,english,resolve_login_issue
TKT-00592,"good afternoon, i was wondering if you could assist me. my bank shows two identical transactions from your company. each charge is for $79.99. would you be able to reverse the second charge?",billing,medium,neutral,english,refund_duplicate_charge
TKT-00930,The download keeps failing at 80 percent every single time. My internet connection is fine — other apps work normally. Is this a known issue? Are you working on a fix?,technical,medium,neutral,english,technical_troubleshooting
TKT-02969,I am so done with this. My package seems to be stuck in transit. My delivery adress is correct — I've double checked.,shipping,high,negative,english,track_order
TKT-04911,I want to make sure I won't be charged next month. I'm currently on the Standard plan.,subscription,urgent,neutral,english,cancel_subscription
TKT-00638,I was charged twice for the same purchase this month. The transaction date shows a few days ago. Please investigate and process a correction.,billing,medium,neutral,english,refund_duplicate_charge
TKT-02270,I'm getting a 'session expired' message immediately after logging in. I can provide ID verification if needed!!,account,urgent,neutral,english,resolve_login_issue
TKT-03603,I've wasted so much time on this already. The product broke within the first day — I need my money back.,refund,urgent,negative,english,refund_duplicate_charge
TKT-03679,I returned my order two weeks ago but still havent gotten my money back. The order number is ORD-759565. I need the amount credited to my original payment method,refund,high,negative,english,refund_duplicate_charge
TKT-02775,tracking shows my order is in a completely different city. i chose standard delivery. can you check the status of my delivery?,shipping,high,neutral,english,track_order
TKT-02941,This is absolutely unacceptable. Tracking shows my order is in a completely different city.,shipping,low,negative,english,track_order
TKT-02642,Can you tell me where my order is right now? I ordered on two days ago. I'm very disappointed with the delivery experience.,shipping,high,negative,english,track_order
TKT-04267,Can you help me cancel before the next payment cycle? Please confirm the cancellation in writing.,subscription,high,negative,english,cancel_subscription
TKT-02433,The reset link I received says it has expired. I checked my spam folder but nothing is there...,account,medium,neutral,english,reset_password
TKT-01722,The login button is greyed out and I can't click it. What steps do I need to take to fix this?,account,low,neutral,english,resolve_login_issue
TKT-01260,something is broken in the app — features that used to work don't anymore.,technical,high,neutral,english,technical_troubleshooting
TKT-02789,This IS ABSOLUTELY UNACCEPTABLE. MY package seems to be stuck in transit. The tracking number is TRK9293196532. Is there any way to speed this up?,shipping,medium,negative,english,track_order
TKT-04706,I want to unsubscribe from the premium tier. I've been a member since 2024. Will I still have acess until the end of the current period?,subscription,high,negative,english,cancel_subscription
TKT-03376,The product I recieved is defective and I want my money back.,refund,medium,neutral,english,refund_duplicate_charge
TKT-01357,I keep getting a connection error when I try to use the app. The error code I'm seeing is ERR-2123. I'd appreciate any help with this problem.,technical,medium,negative,english,technical_troubleshooting
TKT-03879,I was told I would get my payment back but it hasn't appeared on my statement. The return tracking shows it was delivered back to your warehouse. This has gone on too long — I want my money back now.,refund,medium,negative,english,refund_duplicate_charge
TKT-03786,i was charged twice by mistake — can i get the extra amount returned? please return my payment as soon as possible.,refund,urgent,negative,english,refund_duplicate_charge
TKT-03722,I paid twice by mistake and need one payment returned. The return tracking shows it was delivered back to your warehouse. Is there anything else you need from me to process this?,refund,medium,negative,english,refund_duplicate_charge
TKT-03576,I am SO DONE WITH this. I paid twice by mistake and need one payment returned. It's been 7 days since I requested my money back.,refund,medium,negative,english,refund_duplicate_charge
TKT-00728,I received two charge notifications for one transaction. The duplicate amount is $199.99. Please reverse the duplicate charge.,billing,high,negative,english,refund_duplicate_charge
TKT-04740,How do I stop my recurring payment? I already tried to cancel through the website. Please confirm the cancellation in writing.,subscription,medium,negative,english,cancel_subscription
TKT-00391,"The same amount was taken from my card twice. This is related to order ORD-894241. I need this resolved quickly, please!!",billing,urgent,negative,english,refund_duplicate_charge
TKT-01262,The search function in your app returns no results even though I know there should be matches. I'm using version 4.0.0 on Samsung tablet.,technical,high,negative,english,technical_troubleshooting
TKT-02201,"Hi, I hope this message finds you well. I haven't been able to acess my account since last week!!",account,high,neutral,english,resolve_login_issue
TKT-01871,i can't log into my account even though i'm using the correct credentials. my username is customer2024. please advise on what to do next.,account,medium,negative,english,resolve_login_issue
TKT-00764,My credit card was billed double for my recent purchase. This is related to order ORD-548653. I need the extra payment reversed as soon as possible.,billing,medium,negative,english,refund_duplicate_charge
TKT-01067,my device won't connect to your service properly. it works fine on my laptop but not on my macbook. i need this fixed as soon as possible.,technical,medium,negative,english,technical_troubleshooting
TKT-04729,I am extremely frustrated. Please terminate my membership and confirm via email.,subscription,medium,negative,english,cancel_subscription
TKT-03860,I recieved the wrong item and want to return it for a full reimbursement. The return tracking shows it was delivered back to your warehouse. Is there anything else you need from me to process this?,refund,medium,negative,english,refund_duplicate_charge
TKT-00483,Could you check my recent transactions? There seem to be two identical ones...,billing,high,neutral,english,refund_duplicate_charge
TKT-04819,The service isn't worth the monthly fee anymore. I've been a member since 2023. Make sure no further charges are applied.,subscription,medium,neutral,english,cancel_subscription
TKT-03677,I received the wrong item and want to return it for a full reimbursement. I was charged $9.99 twice.,refund,high,negative,english,refund_duplicate_charge
TKT-02034,I haven't been able to access my account since last week. I can provide ID verification if needed. Please help me regain access.,account,urgent,positive,english,resolve_login_issue
TKT-04374,I want to stop all future charges related to my plan.,subscription,low,neutral,english,cancel_subscription
TKT-00139,The payement for my last order appears duplicated. Both transactions show $14.99.,billing,high,negative,english,refund_duplicate_charge
TKT-01563,The software freezes whenever I try to save my work. It works fine on my laptop but not on my iPhone.,technical,medium,negative,english,technical_troubleshooting
TKT-00270,"i am extremely frustrated. there are duplicate charges showing on my card. each charge is for $59.99. i need this resolved quickly, please",billing,high,negative,english,refund_duplicate_charge
TKT-01688,My account seems to be suspended but I don't know why.,account,medium,neutral,english,resolve_login_issue
TKT-00228,There are duplicate charges showing on my card. How do I get the extra amount refunded?,billing,low,neutral,english,refund_duplicate_charge
TKT-00245,I can't believe this is happening again. My credit card was billed double for my recent purchase. Could you look into this and issue a refund?,billing,medium,negative,english,refund_duplicate_charge
TKT-03142,I placed an order on yesterday and it still hasn't been delivered. This is a gift and I needed it by a specific date. I need someone to investigate what happened to my package.,shipping,low,negative,english,track_order
TKT-03048,"hi, i hope this message finds you well. i haven't received any shipping updates since i placed my order. my order number is ord-114353. i need someone to investigate what happened to my package.",shipping,medium,positive,english,track_order
TKT-00250,There are duplicate charges showing on my card. Please investigate and process a correction.,billing,high,negative,english,refund_duplicate_charge
TKT-03197,I want to know why my package is taking so long. I've contacted the courier but they redirected me to you. Can you check the status of my delivery?,shipping,medium,neutral,english,track_order
TKT-01164,The software freezes whenever I try to save my work. I'm using version 4.0.0 on iPad. I'd appreciate any help with this problem.,technical,medium,negative,english,technical_troubleshooting
TKT-02741,"Good afternoon, I was wondering if you could assist me. Where is my order? The estimated delivery date has passed. I'd like to file a complaint about the delivery service.",shipping,high,neutral,english,track_order
TKT-04027,This is ridiculous. The quality of what I received doesn't justify the price. I already spoke with someone who said it would be taken care of.,refund,high,negative,english,refund_duplicate_charge
TKT-00238,"I'm seeing a repeated charge that shouldn't be there. My monthly payment should be $29.99, not double that.",billing,high,neutral,english,refund_duplicate_charge
TKT-04567,I tried to cancel online but the button doesnt seem to work. How soon will the cancellation take effect?,subscription,high,positive,english,cancel_subscription
TKT-02720,"Hi, I hope this message finds you well. I'm worried my package got lost in transit.",shipping,medium,neutral,english,track_order
TKT-00521,"Hi, I hope this message finds you well. My card was debited twice for a single order. Reference number: ORD-251394.",billing,medium,neutral,english,refund_duplicate_charge
TKT-01582,i'm experiencing CONSTANT BUFFERING AND LAG on your platform. it works fine on my laptop but not on my desktop computer. this is really affecting my work.,technical,high,negative,english,technical_troubleshooting
TKT-01827,I haven't been able to update my password through your website. I've been a customer since 2024.,account,medium,negative,english,reset_password
TKT-02531,My parcel has been sitting at the distribution center for a week. I ordered on earlier this week.,shipping,low,positive,english,track_order
TKT-03375,I paid twice by mistake and need one payment returned. The amount I need returned is $19.99.,refund,urgent,negative,english,refund_duplicate_charge
TKT-01376,I'm really upset about this. The application is not responding after the latest update. Can someone please help me resolve this?,technical,medium,negative,english,technical_troubleshooting
TKT-03378,I was charged twice by mistake — can I get the extra amount returned?,refund,medium,negative,english,refund_duplicate_charge
TKT-02523,Can you tell me where my order is right now? My delivery address is correct — I've double checked.,shipping,urgent,neutral,english,track_order
TKT-03558,I've wasted so much time on this already. The duplicate charge on my card needs to be reversed immediately. I was charged $79.99 twice. Is there anything else you need from me to process this?,refund,high,negative,english,refund_duplicate_charge
TKT-01377,"honestly, this is the worst experiance. the application is not responding after the latest update. i've already cleared the cache and reinstalled the app. i need this fixed as soon as possible.",technical,medium,negative,english,technical_troubleshooting
TKT-02656,i placed an order on last friday and it still hasn't been delivered. i ordered on yesterday. i'm very disappointed with the delivery experience.,shipping,medium,negative,english,track_order
TKT-02569,I am so done with this. The courier says they delivered it but I never received anything. I ordered on earlier this week!!,shipping,low,negative,english,track_order
TKT-00009,your system appears to have processed my payment twice. reference number: ord-324082. would you be able to reverse the second charge?,billing,high,negative,english,refund_duplicate_charge
TKT-02831,This is ridiculous. I recieved a delivery confirmation but the package isn't here.,shipping,low,negative,english,track_order
TKT-01823,I'm getting a 'session expired' message immediatly after logging in. I'd appreciate a quick resolution.,account,urgent,neutral,english,resolve_login_issue
TKT-01048,The interface glitches and buttons don't respond when I tap them. It works fine on my laptop but not on my iPad.,technical,low,negative,english,technical_troubleshooting
TKT-00093,My bank shows two identical transactions from your company.,billing,high,positive,english,refund_duplicate_charge
TKT-02580,"My package seems to be stuck in transit. If it's lost, I need a replacement or refund.",shipping,medium,neutral,english,track_order
TKT-01483,I KEEP GETTING A CONNECTION ERROR when I try to use the app.,technical,high,negative,english,technical_troubleshooting
TKT-01664,The system KEEPS SHOWING error code 503 when I try to access my data. I've already cleared the cache and reinstalled the app. Can you provide a timeline for when this will be resolved?,technical,high,negative,english,technical_troubleshooting
TKT-03009,"Hello, I hope you're having a good day. The tracking information hasn't been updated in five days. My delivery address is correct — I've double checked. I need someone to investigate what happened to my package!!",shipping,medium,neutral,english,track_order
TKT-01500,I can't get the app to work on my phone since yesterday. How can I get this working again?,technical,high,neutral,english,technical_troubleshooting
TKT-04068,The item doesn't match the description and I want my money returned. Can you expedite this reimbursement?,refund,high,negative,english,refund_duplicate_charge
TKT-04419,Please remove my payment method and cancel the recurring charge. I read the cancellation policy but still have questions.,subscription,high,neutral,english,cancel_subscription
TKT-02553,The courier says they delivered it but I never received anything. I chose standard delivery...,shipping,high,neutral,english,track_order
TKT-01120,I've had it with your service! I'm getting a weird error message when I use the application. Is there a workaround I can try in the meantime?,technical,medium,negative,english,technical_troubleshooting
TKT-03791,I've wasted so much time on this already. The quality of what I received doesn't justify the price. How long will it take to get my money back?,refund,high,negative,english,refund_duplicate_charge
TKT-02102,My temporary password stopped working before I could set a new one.,account,low,neutral,english,reset_password
TKT-02679,The estimated ARRIVAL KEEPS GETTING PUSHED BACK. I've contacted the courier but they redirected me to you. Can you check the status of my delivery?,shipping,medium,negative,english,track_order
TKT-01410,I'm really upset about this. The notification system seems completely broken on my end. This started happening after the last update.,technical,medium,negative,english,technical_troubleshooting
TKT-04549,I've been trying to cancel for days but can't figure out how. My plan is the Premium tier at $199.99/month. Just want this taken care of.,subscription,low,neutral,english,cancel_subscription
TKT-00611,"Looks like the payment went through two times. I need this resolved quickly, please.",billing,low,negative,english,refund_duplicate_charge
TKT-01619,This is absolutely unacceptable. I keep getting kicked out of the app randomly. This started happening after the last update.,technical,high,negative,english,technical_troubleshooting
TKT-00841,The interface glitches and buttons don't respond when I tap them. I've tried restarting my Android phone but the problem persists. I'd apreciate any help with this problem.,technical,medium,negative,english,technical_troubleshooting
TKT-02278,The reset link I received says it has expired. I've verified my email adress already. I can't access any of my saved data without logging in.,account,urgent,negative,english,reset_password
TKT-00481,I recieved two charge notifications for one transaction. I noticed this when I checked my statement on last Friday. This needs to be corrected immediately.,billing,high,negative,english,refund_duplicate_charge
TKT-02513,Where is my order? The estimated delivery date has passed. I'd like to file a complaint about the delivery service.,shipping,medium,negative,english,track_order
TKT-03014,"Hi, I hope this message finds you well. My package seems to be stuck in transit. The tracking number is TRK8634822282. Is there any way to speed this up?",shipping,low,neutral,english,track_order
TKT-03542,I've been waiting over a month for the money to come back to my account. The amount I need returned is $9.99.,refund,urgent,neutral,english,refund_duplicate_charge
TKT-02082,I'm locked out of my account after too many failed attempts. Please advise on what to do next.,account,urgent,neutral,english,resolve_login_issue
TKT-03529,I accidentally purchased the wrong plan and need my money back. I already spoke with someone who said it would be taken care of.,refund,urgent,negative,english,refund_duplicate_charge
TKT-04271,I don't want to renew my annual plan. I'm currently on the Pro plan.,subscription,medium,neutral,english,cancel_subscription
TKT-01381,This is the third time I'm reaching out about the same issue. My device won't connect to your service properly. It works fine on my laptop but not on my Samsung tablet. I'm losing patience with this recurring issue.,technical,medium,negative,english,technical_troubleshooting
TKT-00633,Your system appears to have processed my payment twice. The amount is $199.99 each time. I expect a refund for the duplicate amount.,billing,high,positive,english,refund_duplicate_charge
TKT-01564,This is the third time I'm reaching out about the same issue. My data isn't syncing across devices anymore.,technical,low,negative,english,technical_troubleshooting
TKT-02777,I paid for express delivery but it's been 2 days already. I ordered on earlier this week. I need to know when I'll receive my order.,shipping,medium,neutral,english,track_order
TKT-00133,The same amount was taken from my card twice. It appeared on my statement dated a few days ago.,billing,high,negative,english,refund_duplicate_charge
TKT-02410,The reset link I received says it has expired. I need this sorted out as soon as possible,account,medium,neutral,english,reset_password
TKT-02146,I'm locked out of my account after too many failed attempts. I can't access any of my saved data without logging in.,account,high,negative,english,resolve_login_issue
TKT-00044,Two payments of the same amount showed up on my bank statement today. Please reverse the duplicate charge.,billing,high,positive,english,refund_duplicate_charge
TKT-01405,my data isn't syncing across devices anymore. i've tried restarting my android phone but the problem persists...,technical,urgent,negative,english,technical_troubleshooting
TKT-01447,My device won't connect to your service properly. I'm using version 3.2.1 on iPad.,technical,high,negative,english,technical_troubleshooting
TKT-00377,Seriously?? I'm seeing a repeated charge that shouldn't be there. Reference number: ORD-552977. I need the extra payment reversed as soon as possible.,billing,low,negative,english,refund_duplicate_charge
TKT-01810,The login page just keeps refreshing without letting me in. I checked my spam folder but nothing is there.,account,urgent,neutral,english,resolve_login_issue
TKT-00295,I just checked my statement and there's a double payement. This happened on last Friday. How do I get the extra amount refunded?,billing,high,neutral,english,refund_duplicate_charge
TKT-00867,I keep getting a connection error when I try to use the app. I've already cleared the cache and reinstalled the app. Is this a known issue? Are you working on a fix?,technical,urgent,neutral,english,technical_troubleshooting
TKT-02928,I paid for express delivery but it's been 13 days already.,shipping,high,neutral,english,track_order
TKT-00713,Could you check my recent transactions? There seem to be two identical ones. This happened on a few days ago. I expect a refund for the duplicate amount.,billing,medium,neutral,english,refund_duplicate_charge
TKT-02111,I'm locked out because I forgot my password. I can provide ID verification if needed. Is there another way to verify my identity?,account,high,negative,english,reset_password
TKT-03132,I need to track my package but the tracking number doesn't work. Can you contact the courier on my behalf?,shipping,medium,negative,english,track_order
TKT-00439,"I'm really upset about this. I just checked my statement and there's a double payment. My monthly payment should be $49.99, not double that. I expect a refund for the duplicate amount.",billing,high,negative,english,refund_duplicate_charge
TKT-01303,I can't get the app to work on my phone since yesterday. This has been going on for 10 days now. I rely on this app daily and can't afford downtime.,technical,high,negative,english,technical_troubleshooting
TKT-04968,"Hi there, I have a question. Can you help me cancel before the next payment cycle? I need a confirmation email once it's done.",subscription,medium,neutral,english,cancel_subscription
TKT-04145,I returned my order two weeks ago but still havent gotten my money back. This has gone on too long — I want my money back now.,refund,medium,negative,english,refund_duplicate_charge
TKT-00099,I'm seeing a repeated charge that shouldn't be there. I noticed this when I checked my statement on last Friday. How do I get the extra amount refunded?,billing,urgent,positive,english,refund_duplicate_charge
TKT-03424,This is the third time I'm reaching out about the same issue. I never recieved my order but I was charged for it.,refund,high,negative,english,refund_duplicate_charge
TKT-02518,The courier says they delivered it but I never received anything. I've contacted the courier but they redirected me to you. Can you check the status of my delivery?,shipping,medium,negative,english,track_order
TKT-03556,THE PRODUCT I RECIEVED is defective and I want my money back. I'm going to dispute the charge with my bank if this isn't resolved.,refund,high,negative,english,refund_duplicate_charge
TKT-04983,i can't believe this is happening again. please cancel my auto-renewal — i don't want to be charged again. i don't want any retention offers — just cancel please.,subscription,low,negative,english,cancel_subscription
TKT-03353,"my order arrived damaged and i need a full reimbursement. i want a full reimbursement, not store credit.",refund,medium,negative,english,refund_duplicate_charge
TKT-00149,"Two payments of the same amount showed up on my bank statement today. My monthly payment should be $49.99, not double that. Please reverse the duplicate charge.",billing,high,positive,english,refund_duplicate_charge
TKT-04984,I've been trying to cancel for days but can't figure out how. Just want this taken care of.,subscription,high,neutral,english,cancel_subscription
TKT-01481,NOT HAPPY AT ALL. Something is broken in the app — features that used to work don't anymore. I've tried restarting my Android phone but the problem persists.,technical,medium,negative,english,technical_troubleshooting
TKT-02722,The estimated arrival keeps getting pushed back. Is there any way to speed this up?,shipping,medium,neutral,english,track_order
TKT-01064,my device won't connect to your service properly. other users in my household are experiencing the same thing. can someone please help me resolve this?,technical,medium,negative,english,technical_troubleshooting
TKT-00915,"Good morning, I'd like some help please. The software freezes whenever I try to save my work. I've tried using different browsers but same issue. Please escalate this if necessary.",technical,high,neutral,english,technical_troubleshooting
TKT-00357,this is absolutely unacceptable. my card was debited twice for a single order. i was expecting only one charge of $19.99. kindly process a refund for the duplicate transaction.,billing,low,negative,english,refund_duplicate_charge
TKT-03851,The product I received is defective and I want my money back. The return tracking shows it was delivered back to your warehouse. I need the amount credited to my original payment method.,refund,high,negative,english,refund_duplicate_charge
TKT-02184,NOT HAPPY AT ALL. My temporary password stopped working before I could set a new one,account,medium,negative,english,reset_password
TKT-02161,I haven't been able to access my account since last week. What steps do I need to take to fix this?,account,medium,negative,english,resolve_login_issue
TKT-00212,I was charged twice for the same purchase this month. I'd like to get my money back for the extra charge!!,billing,urgent,negative,english,refund_duplicate_charge
TKT-01511,I've had it with your service! I'm experiencing constant buffering and lag on your platform. I've tried restarting my Android phone but the problem persists.,technical,high,negative,english,technical_troubleshooting
TKT-01585,This IS RIDICULOUS. The download keeps failing at 80 percent every single time. The error code I'm seeing is ERR-7952. Can someone please help me resolve this?,technical,high,negative,english,technical_troubleshooting
TKT-04315,I'm REALLY UPSET about this. I tried to cancel online but the button doesn't seem to work.,subscription,high,negative,english,cancel_subscription
TKT-02199,the password reset email never arrives in my inbox. this is urgent as i need access for work. can you send me a manual reset link?,account,high,neutral,english,reset_password
TKT-04502,I no longer need the service and want to cancel. I've been a member since 2021. Thank you for processing this promptly!!,subscription,low,positive,english,cancel_subscription
TKT-02109,Two-factor authentication isn't sending me the verification code. Please advise on what to do next.,account,urgent,negative,english,resolve_login_issue
TKT-03877,I never received my order but I was charged for it. I returned the item via USPS on earlier this week.,refund,urgent,negative,english,refund_duplicate_charge
TKT-01124,This is absolutely unacceptable. The system keeps showing error code 503 when I try to access my data.,technical,high,negative,english,technical_troubleshooting
TKT-03026,I placed an order on two days ago and it still hasn't been delivered. I'm very disappointed with the delivery experience.,shipping,low,negative,english,track_order
TKT-03943,I was told I would get my payment back but it hasn't appeared on my statement. I returned the item via UPS on a few days ago. I just want my money returned.,refund,medium,negative,english,refund_duplicate_charge
TKT-03678,"Good afternoon, I was wondering if you could assist me. I'm not satisfied with my purchase and would like to return it.",refund,medium,positive,english,refund_duplicate_charge
TKT-02361,"I GET AN error saying my account doesn't exist, but I've had it for years.",account,high,negative,english,resolve_login_issue
TKT-04089,i can't believe this is happening again. i've been waiting over a month for the money to come back to my account. the return tracking shows it was delivered back to your warehouse.,refund,medium,negative,english,refund_duplicate_charge
TKT-03158,my package seems to be stuck in transit. this is a gift and i needed it by a specific date.,shipping,medium,negative,english,track_order
TKT-04120,I WAS TOLD I WOULD get my payment back but it hasn't appeared on my statement. The amount I need returned is $99.99. How long will it take to get my money back?,refund,high,negative,english,refund_duplicate_charge
TKT-02494,Two-factor authentication isn't sending me the verification code,account,medium,neutral,english,resolve_login_issue
TKT-04883,"Good afternoon, I was wondering if you could assist me. I no longer need the service and want to cancel. Make sure no further charges are applied.",subscription,high,neutral,english,cancel_subscription
TKT-01289,"Hello, thank you in advance for your help. The software freezes whenever I try to save my work. This has been going on for 10 days now. I'd appreciate any help with this problem.",technical,medium,neutral,english,technical_troubleshooting
TKT-01509,This is ridiculous. The search function in your app returns no results even though I know there should be matches. Other users in my household are experiencing the same thing. Is this a known issue? Are you working on a fix?,technical,urgent,negative,english,technical_troubleshooting
TKT-02619,I NEED TO TRACK MY PACKAGE but the tracking number doesn't work. My delivery address is correct — I've double checked.,shipping,urgent,negative,english,track_order
TKT-03203,I placed an order on October 1st and it still hasn't been delivered. I ordered on on the 15th. I'd like to file a complaint about the delivery service...,shipping,medium,negative,english,track_order
TKT-04279,I've decided to discontinue my plan. I already tried to cancel through the website.,subscription,medium,neutral,english,cancel_subscription
TKT-01845,My temporary password stopped working before I could set a new one. This is becoming very frustrating.,account,medium,neutral,english,reset_password
TKT-00954,the interface glitches and buttons don't respond when i tap them.,technical,urgent,negative,english,technical_troubleshooting
TKT-02911,Seriously?? I received a delivery confirmation but the package isn't here. I ordered on on the 15th. I'd like to file a complaint about the delivery service.,shipping,medium,negative,english,track_order
TKT-04382,How do I stop my recurring payment? My plan is the Starter tier at $19.99/month.,subscription,medium,neutral,english,cancel_subscription
TKT-04245,I can't believe this is happening again. I want to cancel my monthly plan. I already tried to cancel through the website.,subscription,high,negative,english,cancel_subscription
TKT-01832,My temporary password stopped working before I could set a new one. Please help me regain access!!,account,medium,negative,english,reset_password
TKT-00706,"Dear support team, The same amount was taken from my card twice. The amount is $149.99 each time.",billing,high,neutral,english,refund_duplicate_charge
TKT-02460,I enter my email and password but nothing happens. I can provide ID verification if needed. I can't access any of my saved data without logging in.,account,medium,negative,english,resolve_login_issue
TKT-03429,I never received my order but I was charged for it. I have the receipt and can provide proof of the duplicate charge. I just want my money returned.,refund,high,negative,english,refund_duplicate_charge
TKT-04899,"Dear support team, Can I cancel mid-cycle and get a prorated refund?",subscription,urgent,neutral,english,cancel_subscription
TKT-01309,I keep getting a connection error when I try to use the app. I've already tried all the basic troubleshooting steps.,technical,medium,negative,english,technical_troubleshooting
TKT-01517,Your website keeps displaying a blank screen on my browser. This started happening after the last update.,technical,high,neutral,english,technical_troubleshooting
TKT-03479,I received the wrong item and want to return it for a full reimbursement. The order number is ORD-569063.,refund,high,neutral,english,refund_duplicate_charge
TKT-04391,"Dear support team, I want to make sure I won't be charged next month. I need a confirmation email once it's done!!",subscription,medium,neutral,english,cancel_subscription
TKT-01995,"every time i try to sign in, it says 'invalid credentials'",account,low,neutral,english,resolve_login_issue
TKT-02029,I can't log into my account even though I'm using the correct credentials. I've verified my email adress already. What steps do I need to take to fix this?,account,medium,negative,english,resolve_login_issue
TKT-00798,Seriously?? My bank shows two identical transactions from your company. Both transactions show $39.99. Would you be able to reverse the second charge?,billing,high,negative,english,refund_duplicate_charge
TKT-00877,I've wasted SO MUCH time on this already. I'm experiencing constant buffering and lag on your platform. I've already tried all the basic troubleshooting steps. Can you provide a timeline for when this will be resolved?,technical,medium,negative,english,technical_troubleshooting
TKT-04971,Please remove my payment method and cancel the recurring charge. I don't see a cancel option in my account settings. Please confirm the cancellation in writing.,subscription,urgent,neutral,english,cancel_subscription
TKT-01266,I can't get the app to work on my phone since yesterday. My internet connection is fine — other apps work normally. I rely on this app daily and can't afford downtime.,technical,medium,negative,english,technical_troubleshooting
TKT-01876,NOT HAPPY AT ALL. I'm locked out of my account after too many failed attempts. I can provide ID verification if needed. I need this sorted out as soon as possible.,account,high,negative,english,resolve_login_issue
TKT-01724,I keep getting 'invalid token' when I click the reset link. I checked my spam folder but nothing is there.,account,high,neutral,english,reset_password
TKT-01490,I keep getting a connection error when I try to use the app. The error code I'm seeing is ERR-9566.,technical,high,neutral,english,technical_troubleshooting
TKT-00664,I'm really upset about this. My bank shows two identical transactions from your company,billing,urgent,negative,english,refund_duplicate_charge
TKT-01497,I've wasted so much time on this already. Something is broken in the app — features that used to work don't anymore. This started happening after the last update.,technical,medium,negative,english,technical_troubleshooting
TKT-04404,"Honestly, this is the worst experience. Please terminate my membership and confirm via email.",subscription,low,negative,english,cancel_subscription
TKT-03510,I received the wrong item and want to return it for a full reimbursement. This has gone on too long — I want my money back now.,refund,low,negative,english,refund_duplicate_charge
TKT-01351,NOT HAPPY AT ALL. My data isn't syncing across devices anymore. I'm using version 3.9.2 on MacBook.,technical,high,negative,english,technical_troubleshooting
TKT-02154,"Greetings, I'm writing to inquire about something. The login page just keeps refreshing without letting me in. Please help me regain acess.",account,medium,neutral,english,resolve_login_issue
TKT-03978,I've been waiting over a month for the money to come back to my account. This has gone on too long — I want my money back now.,refund,low,positive,english,refund_duplicate_charge
TKT-03774,I was told I would get my payment back but it hasn't appeared on my statement. Is there anything else you need from me to process this?,refund,high,negative,english,refund_duplicate_charge
TKT-01028,The page loads very slowly and sometimes times out completely. Please escalate this if necessary.,technical,medium,neutral,english,technical_troubleshooting
TKT-02247,my account seems to be suspended but i don't know why. i'd appreciate a quick resolution.,account,medium,neutral,english,resolve_login_issue
TKT-02323,I enter my email and password but nothing happens. I've already tried from multiple devices. I'd apreciate a quick resolution!!,account,high,negative,english,resolve_login_issue
TKT-00905,This IS THE THIRD time I'm reaching out about the same issue. The app is super slow and basically unusable right now. It works fine on my laptop but not on my MacBook. Please escalate this if necessary.,technical,low,negative,english,technical_troubleshooting
TKT-01014,The application is not responding after the latest update. The error code I'm seeing is ERR-9133. Please escalate this if necessary.,technical,high,neutral,english,technical_troubleshooting
TKT-01976,"Good morning, I'd like some help please. I haven't been able to update my password through your website. I need this sorted out as soon as possible.",account,medium,positive,english,reset_password
TKT-04751,I've wasted so much time on this already. Please terminate my membership and confirm via email.,subscription,medium,negative,english,cancel_subscription
TKT-01915,i can't remember my password and need to regain access. i've verified my email address already. this is becoming very frustrating.,account,medium,negative,english,reset_password
TKT-03778,"Hi, sorry to bother you but I canceled my order but the charge still went through. The order number is ORD-682325. How long will it take to get my money back? I appreciate your help.",refund,medium,positive,english,refund_duplicate_charge
TKT-03374,I've had it with your service! My order arrived damaged and I need a full reimbursement. I have the receipt and can provide proof of the duplicate charge. Can you expedite this reimbursement?,refund,medium,negative,english,refund_duplicate_charge
TKT-01650,Something is broken in the app — features that used to work don't anymore,technical,high,neutral,english,technical_troubleshooting
TKT-00546,The same amount was taken from my card twice. Reference number: ORD-829400. Would you be able to reverse the second charge?,billing,urgent,negative,english,refund_duplicate_charge
TKT-02848,The estimated arrival keeps getting pushed back. My delivery address is correct — I've double checked. I'm very disappointed with the delivery experience.,shipping,medium,negative,english,track_order
TKT-01045,Seriously?? The page loads very slowly and sometimes times out completely.,technical,high,negative,english,technical_troubleshooting
TKT-01896,My account shows as deactivated but I never deactivated it. This is becoming very frustrating.,account,high,neutral,english,resolve_login_issue
TKT-02394,"Good afternoon, I was wondering if you could assist me. How do I change my password? The current one doesn't work. I've already tried from multiple devices. I can't access any of my saved data without logging in.",account,medium,neutral,english,reset_password
TKT-00643,Your system appears to have processed my payement twice. This happened on earlier this week.,billing,urgent,negative,english,refund_duplicate_charge
TKT-00030,Something went wrong with my payment — the amount was deducted two times. Could you look into this and issue a refund?,billing,low,negative,english,refund_duplicate_charge
TKT-01479,i keep getting kicked out of the app randomly. i've already cleared the cache and reinstalled the app.,technical,high,negative,english,technical_troubleshooting
TKT-00913,"After the recent update, the app doesnt load properly. Other users in my household are experiencing the same thing. I need this fixed as soon as possible.",technical,medium,negative,english,technical_troubleshooting
TKT-01159,The interface glitches and buttons don't respond when I tap them. I rely on this app daily and can't afford downtime.,technical,high,neutral,english,technical_troubleshooting
TKT-02615,This is ridiculous. I paid for express delivery but it's been 9 days already. Can you check the status of my delivery?,shipping,medium,negative,english,track_order
TKT-00680,I received two charge notifications for one transaction. The amount is $199.99 each time.,billing,high,neutral,english,refund_duplicate_charge
TKT-02843,"Honestly, this is the worst experience. I need to track my package but the tracking number doesnt work. Can you contact the courier on my behalf?",shipping,high,negative,english,track_order
TKT-04578,"Hello, thank you in advance for your help. I'm switching to a different provider and need to cancel here. I don't want any retention offers — just cancel please.",subscription,high,neutral,english,cancel_subscription
TKT-04237,I want to unsubscribe from the premium tier. My next payment date is last Friday.,subscription,medium,negative,english,cancel_subscription
TKT-02086,Seriously?? THE LOGIN PAGE JUST keeps refreshing without letting me in. I'd appreciate a quick resolution.,account,medium,negative,english,resolve_login_issue
TKT-04232,I need to downgrade or cancel my current plan.,subscription,low,negative,english,cancel_subscription
TKT-01169,"Hello, thank you in advance for your help. The download keeps failing at 80 percent every single time. I'd appreciate any help with this problem.",technical,high,positive,english,technical_troubleshooting
TKT-00285,This is ridiculous. I think the system charged me twice when I placed my order. The transaction date shows on the 15th. Can you resolve this? I shouldn't have been charged twice.,billing,high,negative,english,refund_duplicate_charge
TKT-04322,The service isn't worth the monthly fee anymore. I read the cancellation policy but still have questions. Just want this taken care of.,subscription,medium,neutral,english,cancel_subscription
TKT-04192,"Good afternoon, I was wondering if you could assist me. I no longer need the service and want to cancel. Thank you for processing this promptly.",subscription,medium,neutral,english,cancel_subscription
TKT-00498,Looks like the payment went through two times. This happened on earlier this week. Would you be able to reverse the second charge?,billing,medium,negative,english,refund_duplicate_charge
TKT-01007,Something is broken in the app — features that used to work don't anymore.,technical,low,negative,english,technical_troubleshooting
TKT-03844,My order arrived damaged and I need a full reimbursement. The order number is ORD-449314. I need the amount credited to my original payment method.,refund,high,negative,english,refund_duplicate_charge
TKT-04742,Please cancel my auto-renewal — I don't want to be charged again. I've been a member since 2022.,subscription,low,neutral,english,cancel_subscription
TKT-04500,i want to stop all future charges related to my plan. can you also delete my stored payment information?,subscription,high,negative,english,cancel_subscription
TKT-04672,Seriously?? The service isn't worth the monthly fee anymore. My plan is the Starter tier at $149.99/month. I need a confirmation email once it's done.,subscription,medium,negative,english,cancel_subscription
TKT-02246,"I get an error saying my account doesn't exist, but I've had it for years. This is urgent as I need acess for work. Can you send me a manual reset link?",account,high,negative,english,resolve_login_issue
TKT-01818,I can't remember my password and need to regain acess.,account,urgent,negative,english,reset_password
TKT-03639,I was told I would get my payement back but it hasn't appeared on my statement. The amount I need returned is $149.99,refund,high,positive,english,refund_duplicate_charge
TKT-04828,i tried to cancel online but the button doesn't seem to work,subscription,low,neutral,english,cancel_subscription
TKT-00286,I can't believe this is happening again. I see an unauthorized duplicate deduction on my account. Can you resolve this? I shouldn't have been charged twice.,billing,high,negative,english,refund_duplicate_charge
TKT-02031,This is ridiculous. Single sign-on with Google isn't working for my account anymore.,account,urgent,negative,english,resolve_login_issue
TKT-04156,I've wasted so much time on this already. I accidentally purchased the wrong plan and need my money back.,refund,urgent,negative,english,refund_duplicate_charge
TKT-03229,I can't believe this is happening again. I need to track my package but the tracking number doesn't work. Is there any way to speed this up?,shipping,urgent,negative,english,track_order
TKT-02150,This IS THE third time I'm reaching out about the same issue. I'm locked out of my account after too many failed attempts. I've already tried from multiple devices.,account,urgent,negative,english,resolve_login_issue
TKT-01493,The notification system seems completely broken on my end. Other users in my household are experiencing the same thing. I rely on this app daily and can't afford downtime.,technical,high,negative,english,technical_troubleshooting
TKT-00324,I'm seeing a repeated charge that shouldn't be there. Both transactions show $29.99. Please reverse the duplicate charge.,billing,urgent,negative,english,refund_duplicate_charge
TKT-02959,I recieved a delivery confirmation but the package isn't here. My order number is ORD-688771.,shipping,medium,negative,english,track_order
TKT-00337,My credit card was billed double for my recent purchase. The duplicate amount is $199.99.,billing,high,negative,english,refund_duplicate_charge
TKT-01860,"Hello, I hope you're having a good day. The CAPTCHA on the login page keeps failing even when I solve it correctly. I need this sorted out as soon as possible.",account,medium,neutral,english,resolve_login_issue
TKT-04361,Please remove my payment method and cancel the recurring charge. My next payment date is October 1st. Make sure no further charges are applied.,subscription,urgent,positive,english,cancel_subscription
TKT-02429,I've been trying to reset my password for the past hour. I've verified my email adress already. Is there another way to verify my identity?,account,urgent,negative,english,reset_password
TKT-02155,NOT HAPPY AT ALL. I TRIED resetting my password but I get an error. Can you send me a manual reset link?,account,low,negative,english,reset_password
TKT-03250,Tracking shows my order is in a completely different city. I selected express delivery. Can you contact the courier on my behalf?,shipping,medium,negative,english,track_order
TKT-04205,I want to stop all future charges related to my plan. Make sure no further charges are applied.,subscription,low,neutral,english,cancel_subscription
TKT-02594,Tracking shows my order is in a completely different city. My delivery address is correct — I've double checked.,shipping,high,negative,english,track_order
TKT-01850,i forgot my password and the reset link isn't working.,account,high,neutral,english,reset_password
TKT-00420,"Good afternoon, I was wondering if you could assist me. My card was debited twice for a single order. I noticed this when I checked my statement on September 28th.",billing,high,neutral,english,refund_duplicate_charge
TKT-03233,the courier says they delivered it but i never received anything. i chose standard delivery. is there any way to speed this up?,shipping,high,neutral,english,track_order
TKT-01238,I'm really upset about this. I'm experiencing constant buffering and lag on your platform. I've already cleared the cache and reinstalled the app!!,technical,high,negative,english,technical_troubleshooting
TKT-02678,My package seems to be stuck in transit. This is a gift and I needed it by a specific date.,shipping,medium,neutral,english,track_order
TKT-01349,"Honestly, this is the worst experiance. I keep getting a connection error when I try to use the app. I attached a screenshot but can't include it here. This is really affecting my work.",technical,medium,negative,english,technical_troubleshooting
TKT-03812,I never received my order but I was charged for it. The order number is ORD-859468!!,refund,high,negative,english,refund_duplicate_charge
TKT-04375,I want to stop all future charges related to my plan. I'm currently on the Pro plan.,subscription,urgent,negative,english,cancel_subscription
TKT-03913,I am so done with this. The product I received is defective and I want my money back. The amount I need returned is $24.99. Please confirm when the reversal has been issued.,refund,urgent,negative,english,refund_duplicate_charge
TKT-01475,This is ridiculous. The system keeps showing error code 503 when I try to access my data. I'd appreciate any help with this problem!!,technical,medium,negative,english,technical_troubleshooting
TKT-04008,I can't believe this is happening again. The duplicate charge on my card needs to be reversed immediately. I'm going to dispute the charge with my bank if this isn't resolved.,refund,high,negative,english,refund_duplicate_charge
TKT-02949,I want to know why my package is taking so long. Please provide an updated delivery estimate.,shipping,low,negative,english,track_order
TKT-01136,"After the recent update, the app doesn't load properly. This has been going on for 3 days now. Is there a workaround I can try in the meantime?",technical,high,negative,english,technical_troubleshooting
TKT-00924,The notification system seems completely broken on my end. Is this a known issue? Are you working on a fix?,technical,low,negative,english,technical_troubleshooting
TKT-02339,"Dear support team, I haven't been able to access my account since last week. Can you send me a manual reset link? Best wishes.",account,urgent,positive,english,resolve_login_issue
TKT-03507,I paid twice by mistake and need one payment returned. Please return my payment as soon as possible.,refund,urgent,negative,english,refund_duplicate_charge
TKT-04582,I signed up by mistake and need to cancel right away. My next payment date is last Friday. Can you also delete my stored payment information?,subscription,high,negative,english,cancel_subscription
TKT-02252,Two-factor authentication isn't sending me the verification code. I've verified my email adress already. I'd appreciate a quick resolution.,account,medium,neutral,english,resolve_login_issue
TKT-03973,I recieved the wrong item and want to return it for a full reimbursement. The return tracking shows it was delivered back to your warehouse.,refund,high,negative,english,refund_duplicate_charge
TKT-02093,I've been trying to reset my password for the past hour,account,high,neutral,english,reset_password
TKT-02512,"Honestly, this is the worst experience. The estimated arrival keeps getting pushed back. My delivery address is correct — I've double checked. If it's lost, I need a replacement or refund.",shipping,medium,negative,english,track_order
TKT-03535,This is absolutely UNACCEPTABLE. I PAID twice by mistake and need one payment returned. I just want my money returned.,refund,medium,negative,english,refund_duplicate_charge
TKT-04946,I tried to cancel online but the button doesn't seem to work. I don't see a cancel option in my account settings. Just want this taken care of.,subscription,medium,neutral,english,cancel_subscription
TKT-01555,My data isn't syncing across devices anymore. The error code I'm seeing is ERR-1174. I'd appreciate any help with this problem.,technical,medium,negative,english,technical_troubleshooting
TKT-03001,I've wasted so much time on this already. I haven't received any shipping updates since I placed my order. I need to know when I'll receive my order.,shipping,high,negative,english,track_order
TKT-04499,"Hello, I hope you're having a good day. I don't want to renew my annual plan.",subscription,medium,positive,english,cancel_subscription
TKT-03196,I need to track my package but the tracking number doesn't work. I selected express delivery!!,shipping,low,negative,english,track_order
TKT-02511,"My neighbor says no delivery attempt was made at my address. If it's lost, I need a replacement or refund!!",shipping,medium,negative,english,track_order
TKT-01049,My data isn't syncing across devices anymore.,technical,urgent,negative,english,technical_troubleshooting
TKT-01250,"Greetings, I'm writing to inquire about something. The system keeps showing error code 503 when I try to access my data. Other users in my household are experiencing the same thing.",technical,high,neutral,english,technical_troubleshooting
TKT-04443,Can you help me cancel before the next payment cycle? I already tried to cancel through the website...,subscription,medium,neutral,english,cancel_subscription
TKT-02937,i am extremely frustrated. i placed an order on last week and it still hasn't been delivered.,shipping,medium,negative,english,track_order
TKT-01539,The software freezes whenever I try to save my work. This started happening after the last update. I rely on this app daily and can't afford downtime.,technical,medium,neutral,english,technical_troubleshooting
TKT-02738,The estimated arrival keeps getting pushed back. This is a gift and I needed it by a specific date. Can you contact the courier on my behalf?,shipping,medium,positive,english,track_order
TKT-02166,I keep getting 'invalid token' when I click the reset link. My registered email is m***@yahoo.com.,account,high,positive,english,reset_password
TKT-03444,"I paid twice by mistake and need one payment returned. The amount I need returned is $29.99. I want a full reimbursement, not store credit.",refund,high,negative,english,refund_duplicate_charge
TKT-00158,My card was debited twice for a single order. It appeared on my statement dated last Friday. This needs to be corrected immediately.,billing,high,neutral,english,refund_duplicate_charge
TKT-01755,The CAPTCHA on the login page keeps failing even when I solve it correctly. I can provide ID verification if needed. Can you send me a manual reset link?,account,high,neutral,english,resolve_login_issue
TKT-04667,I signed up by mistake and need to cancel right away. I don't see a cancel option in my account settings. I don't want any retention offers — just cancel please.,subscription,medium,neutral,english,cancel_subscription
TKT-02794,My order has been 'out for delivery' for three days straight. I chose standard delivery.,shipping,high,positive,english,track_order
TKT-04997,Can I cancel mid-cycle and get a prorated refund? I've been a member since 2023. Can you also delete my stored payment information?,subscription,medium,negative,english,cancel_subscription
TKT-01073,"Greetings, I'm writing to inquire about something. The app is super slow and basically unusable right now. This has been going on for 13 days now.",technical,low,neutral,english,technical_troubleshooting
TKT-01466,I've wasted so much time on this already. Something is broken in the app — features that used to work don't anymore.,technical,high,negative,english,technical_troubleshooting
TKT-01325,The app is super slow and basically unusable right now. My internet connection is fine — other apps work normally.,technical,medium,negative,english,technical_troubleshooting
TKT-00642,I've wasted so much time on this already. My bank shows two identical transactions from your company. Would you be able to reverse the second charge?,billing,high,negative,english,refund_duplicate_charge
TKT-01272,I am extremely frustrated. My device won't connect to your service properly. I've tried restarting my Android phone but the problem persists...,technical,high,negative,english,technical_troubleshooting
TKT-00578,"Hi, sorry to bother you but The payment for my last order appears duplicated.",billing,medium,positive,english,refund_duplicate_charge
TKT-04776,"Greetings, I'm writing to inquire about something. I'm switching to a different provider and need to cancel here. I don't see a cancel option in my account settings.",subscription,low,neutral,english,cancel_subscription
TKT-03112,"Good afternoon, I was wondering if you could assist me. Where is my order? The estimated delivery date has passed.",shipping,high,neutral,english,track_order
TKT-02765,My package seems to be stuck in transit. My order number is ORD-645543. I need to know when I'll receive my order.,shipping,high,negative,english,track_order
TKT-03323,"Dear support team, Where is my order? The estimated delivery date has passed. I've contacted the courier but they redirected me to you. If it's lost, I need a replacement or refund.",shipping,high,neutral,english,track_order
TKT-00275,"greetings, i'm writing to inquire about something. something went wrong with my payment — the amount was deducted two times. the amount is $29.99 each time. i want the overcharge refunded to my card.",billing,medium,neutral,english,refund_duplicate_charge
TKT-04300,How do I stop my recurring payement? I already tried to cancel through the website.,subscription,medium,neutral,english,cancel_subscription
TKT-02626,I'm worried my package got lost in transit. My order number is ORD-865828. I need to know when I'll receive my order.,shipping,high,negative,english,track_order
TKT-01339,Something is broken in the app — features that used to work don't anymore. I attached a screenshot but can't include it here. How can I get this working again?,technical,high,negative,english,technical_troubleshooting
TKT-02932,This is ridiculous. The estimated arrival keeps getting pushed back. My order number is ORD-452346.,shipping,high,negative,english,track_order
TKT-02379,I am so done with this. My account seems to be suspended but I don't know why. I've been a customer since 2021. Can you send me a manual reset link?,account,medium,negative,english,resolve_login_issue
TKT-00471,This is ridiculous. There are duplicate charges showing on my card. Reference number: ORD-524461.,billing,low,negative,english,refund_duplicate_charge
TKT-01568,I am so done with this. The app is super slow and basically unusable right now. I've tried using different browsers but same issue. Can someone please help me resolve this?,technical,high,negative,english,technical_troubleshooting
TKT-02409,"good morning, i'd like some help please. my temporary password stopped working before i could set a new one. this is becoming very frustrating.",account,high,neutral,english,reset_password
TKT-03668,I'm not satisfied with my purchase and would like to return it. How long will it take to get my money back?,refund,urgent,neutral,english,refund_duplicate_charge
TKT-00097,NOT HAPPY AT ALL. I see an unauthorized duplicate deduction on my account. The amount is $49.99 each time.,billing,high,negative,english,refund_duplicate_charge
TKT-00597,I've been charged an extra amount that I didn't authorize. I was expecting only one charge of $9.99.,billing,high,negative,english,refund_duplicate_charge
TKT-00976,The app keeps crashing every time I try to open it. I've tried restarting my desktop computer but the problem persists.,technical,high,negative,english,technical_troubleshooting
TKT-03888,"Honestly, this IS THE WORST experience. The service didn't work as advertised — I want my money back. I need the amount credited to my original payment method.",refund,medium,negative,english,refund_duplicate_charge
TKT-01766,I can't remember my password and need to regain access. Is there another way to verify my identity?,account,medium,negative,english,reset_password
TKT-02622,Is there a way to expedite my delivery? This delay is really inconvenient.,shipping,low,negative,english,track_order
TKT-02923,The courier says they delivered it but I never recieved anything. My order number is ORD-306144. Can you check the status of my delivery?,shipping,low,negative,english,track_order
TKT-02425,My password expired and I can't seem to create a new one. My registered email is user***@mail.com. This is becoming very frustrating.,account,low,negative,english,reset_password
TKT-00749,Two payments of the same amount showed up on my bank statement today. I was expecting only one charge of $29.99. I would appreciate it if you could refund the extra amount.,billing,low,neutral,english,refund_duplicate_charge
TKT-01734,How do I change my password? The current one doesn't work. Please advise on what to do next.,account,medium,negative,english,reset_password
TKT-03635,I canceled MY ORDER BUT THE CHARGE still went through.,refund,low,negative,english,refund_duplicate_charge
TKT-02258,I can't LOG INTO MY ACCOUNT even though I'm using the correct credentials. Is there another way to verify my identity?,account,urgent,negative,english,resolve_login_issue
TKT-01745,My password expired and I can't seem to create a new one. I'd appreciate a quick resolution...,account,medium,negative,english,reset_password
TKT-04617,I no longer need the service and want to cancel. Make sure no further charges are applied.,subscription,low,neutral,english,cancel_subscription
TKT-04050,I've wasted so much time on this already. The duplicate charge on my card needs to be reversed immediatly. The order number is ORD-327197. I'm going to dispute the charge with my bank if this isn't resolved.,refund,high,negative,english,refund_duplicate_charge
TKT-01012,Your website keeps displaying a blank screen on my browser. I rely on this app daily and can't afford downtime!!,technical,medium,negative,english,technical_troubleshooting
TKT-00722,COULD YOU CHECK my recent transactions? There seem to be two identical ones.,billing,high,negative,english,refund_duplicate_charge
TKT-00225,There are duplicate charges showing on my card. I want the overcharge refunded to my card.,billing,high,negative,english,refund_duplicate_charge
TKT-02524,I want to know why my package is taking so long. I chose standard delivery. This delay is really inconvenient.,shipping,high,negative,english,track_order
TKT-04719,I'm switching to a different provider and need to cancel here. I already tried to cancel through the website. Make sure no further charges are applied...,subscription,low,neutral,english,cancel_subscription
TKT-00454,NOT HAPPY AT ALL. I see an unauthorized duplicate deduction on my account. Order number ORD-185769 seems to be the one affected. Please fix this and credit my account.,billing,high,negative,english,refund_duplicate_charge
TKT-00839,My data isn't syncing across devices anymore. My internet connection is fine — other apps work normally. Can you provide a timeline for when this will be resolved?,technical,high,negative,english,technical_troubleshooting
TKT-02729,"Good afternoon, I was wondering if you could assist me. Is there a way to expedite my delivery?",shipping,urgent,neutral,english,track_order
TKT-00174,I think the system charged me twice when I placed my order. I expect a refund for the duplicate amount...,billing,low,negative,english,refund_duplicate_charge
TKT-04964,I need to downgrade or cancel my current plan. My next payment date is two days ago.,subscription,low,neutral,english,cancel_subscription
TKT-04879,Can I cancel mid-cycle and get a prorated refund? How soon will the cancellation take effect?,subscription,low,negative,english,cancel_subscription
TKT-00740,I RECEIVED TWO CHARGE NOTIFICATIONS for one transaction. This is related to order ORD-425336. Would you be able to reverse the second charge?,billing,medium,negative,english,refund_duplicate_charge
TKT-01804,I'm locked out because I forgot my password. I've verified my email address already. I need this sorted out as soon as possible.,account,medium,neutral,english,reset_password
TKT-02591,The delivery was supposed to arrive by last Monday. I ordered on last week...,shipping,medium,negative,english,track_order
TKT-01905,The login button is greyed out and I can't click it.,account,high,negative,english,resolve_login_issue
TKT-03111,I've had it with your service! I want to know why my package is taking so long. My delivery address is correct — I've double checked. I need to know when I'll receive my order,shipping,high,negative,english,track_order
TKT-02019,I enter my email and password but nothing happens. My username is alex.jones. This is becoming very frustrating.,account,high,neutral,english,resolve_login_issue
TKT-01679,My temporary password stopped working before I could set a new one. What steps do I need to take to fix this?,account,low,neutral,english,reset_password
TKT-01777,I'm really upset about this. The login button is greyed out and I can't click it. I'd appreciate a quick resolution.,account,medium,negative,english,resolve_login_issue
TKT-01458,The system keeps showing error code 503 when I try to access my data. It works fine on my laptop but not on my MacBook. Can someone please help me resolve this?,technical,high,negative,english,technical_troubleshooting
TKT-02418,My temporary password stopped working before I could set a new one. This is urgent as I need access for work. What steps do I need to take to fix this?,account,high,positive,english,reset_password
TKT-02616,"Good morning, I'd like some help please. The courier says they delivered it but I never received anything. Please provide an updated delivery estimate.",shipping,medium,neutral,english,track_order
TKT-02023,"Good morning, I'd like some help please. I'm getting a 'session expired' message immediately after logging in. My registered email is m***@yahoo.com.",account,medium,neutral,english,resolve_login_issue
TKT-03077,"I am so done with this. I paid for express delivery but it's been 7 days already. My order number is ORD-331686. If it's lost, I need a replacement or refund.",shipping,medium,negative,english,track_order
TKT-00317,I see an unauthorized duplicate deduction on my account. This is related to order ORD-634992. How do I get the extra amount refunded?,billing,low,negative,english,refund_duplicate_charge
TKT-01653,The SYSTEM KEEPS showing error code 503 when I try to access my data. I'd appreciate any help with this problem.,technical,high,negative,english,technical_troubleshooting
TKT-02506,I am extremely frustrated. My order still hasn't arrived and it's been over two weeks.,shipping,low,negative,english,track_order
TKT-03095,I haven't received any shipping updates since I placed my order. I selected express delivery!!,shipping,low,neutral,english,track_order
TKT-04431,How do I stop my recurring payment? My next payment date is last week. Thank you for processing this promptly.,subscription,medium,neutral,english,cancel_subscription
TKT-02748,This is ridiculous. I'm worried my package got lost in transit. I'm very disappointed with the delivery experiance.,shipping,medium,negative,english,track_order
TKT-00600,seriously?? there's a CHARGE I DON'T RECOGNIZE THAT matches my last payment exactly. both transactions show $24.99.,billing,high,negative,english,refund_duplicate_charge
TKT-02899,i am extremely frustrated. my order still hasn't arrived and it's been over two weeks. this is a gift and i needed it by a specific date. is there any way to speed this up?,shipping,medium,negative,english,track_order
TKT-01633,The notification system seems completely broken on my end. I've spent hours trying to fix this myself.,technical,medium,negative,english,technical_troubleshooting
TKT-04987,"Honestly, this is the worst experience. Please terminate my membership and confirm via email. I don't see a cancel option in my account settings.",subscription,medium,negative,english,cancel_subscription
TKT-02803,My parcel has been sitting at the distribution center for a week. This is a gift and I needed it by a specific date. Is there any way to speed this up?,shipping,urgent,negative,english,track_order
TKT-02964,The courier says they delivered it but I never received anything. My delivery address is correct — I've double checked.,shipping,high,negative,english,track_order
TKT-03640,I returned my order two weeks ago but still havent gotten my money back. I returned the item via the courier on last week.,refund,medium,negative,english,refund_duplicate_charge
TKT-02131,Single sign-on with Google isn't working for my account anymore. This is urgent as I need access for work. Is there another way to verify my identity?,account,medium,neutral,english,resolve_login_issue
TKT-04210,I signed up by mistake and need to cancel right away. I read the cancellation policy but still have questions. Just want this taken care of.,subscription,medium,negative,english,cancel_subscription
TKT-04643,"Hello, I hope you're having a good day. How do I stop my recurring payment? I've been a member since 2022.",subscription,medium,positive,english,cancel_subscription
TKT-02275,I requested a password reset but didn't get any email. My registered email is j***@email.com. Is there another way to verify my identity?,account,medium,neutral,english,reset_password
TKT-02171,The CAPTCHA on the login page keeps failing even when I solve it correctly. Please help me regain access!!,account,low,negative,english,resolve_login_issue
TKT-01938,I haven't been able to update my password through your website. I checked my spam folder but nothing is there.,account,low,neutral,english,reset_password
TKT-03532,I've BEEN WAITING over a month for the money to come back to my account. I was charged $9.99 twice. Can you expedite this reimbursement?,refund,high,negative,english,refund_duplicate_charge
TKT-01314,The system keeps showing error code 503 when I try to access my data. I rely on this app daily and can't afford downtime.,technical,medium,neutral,english,technical_troubleshooting
TKT-02560,My parcel has been sitting at the distribution center for a week. This is a gift and I needed it by a specific date. Can you contact the courier on my behalf?,shipping,low,neutral,english,track_order
TKT-04254,I am so done with this. I signed up by mistake and need to cancel right away.,subscription,high,negative,english,cancel_subscription
TKT-03271,Is there a way to expedite my delivery? I'd like to file a complaint about the delivery service.,shipping,low,negative,english,track_order
TKT-01088,the page loads very slowly and sometimes times out completely. i need this fixed as soon as possible...,technical,medium,positive,english,technical_troubleshooting
TKT-00078,My credit card was billed double for my recent purchase. Order number ORD-806004 seems to be the one affected.,billing,high,neutral,english,refund_duplicate_charge
TKT-02334,I can't log into my account even though I'm using the correct credentials.,account,low,negative,english,resolve_login_issue
TKT-01031,My device won't connect to your service properly. I attached a screenshot but can't include it here.,technical,low,neutral,english,technical_troubleshooting
TKT-02797,"Greetings, I'm writing to inquire about something. I placed an order on last week and it still hasn't been delivered. I need someone to investigate what happened to my package.",shipping,low,neutral,english,track_order
TKT-01701,I can't sign in from my new phone. I've verified my email adress already. This is becoming very frustrating.,account,low,negative,english,resolve_login_issue
TKT-00372,My card was debited twice for a single order. The duplicate amount is $199.99. Please reverse the duplicate charge.,billing,high,negative,english,refund_duplicate_charge
TKT-03906,I was charged twice by mistake — can I get the extra amount returned? I was charged $199.99 twice. This has gone on too long — I want my money back now.,refund,high,negative,english,refund_duplicate_charge
TKT-02502,I placed an order on earlier this week and it still hasn't been delivered. Can you check the status of my delivery?,shipping,medium,negative,english,track_order
TKT-00629,NOT HAPPY AT ALL. I was charged twice for the same purchase this month. Can you resolve this? I shouldn't have been charged twice.,billing,low,negative,english,refund_duplicate_charge
TKT-00486,The payment for my last order appears duplicated. I noticed this when I checked my statement on earlier this week. This needs to be corrected immediatly.,billing,high,negative,english,refund_duplicate_charge
TKT-03261,I received a delivery confirmation but the package isn't here. This is a gift and I needed it by a specific date. I need to know when I'll receive my order,shipping,medium,neutral,english,track_order
TKT-04544,I need to downgrade or cancel my current plan. I don't see a cancel option in my account settings. Just want this taken care of.,subscription,low,neutral,english,cancel_subscription
TKT-02751,I am extremely frustrated. The tracking information hasn't been updated in five days. This is a gift and I needed it by a specific date.,shipping,high,negative,english,track_order
TKT-04054,This is absolutely unacceptable. I accidentally purchased the wrong plan and need my money back. This has gone on too long — I want my money back now,refund,medium,negative,english,refund_duplicate_charge
TKT-01117,My data isn't syncing across devices anymore. I've already cleared the cache and reinstalled the app. I need this fixed as soon as possible!!,technical,high,negative,english,technical_troubleshooting
TKT-01389,The application is not responding after the latest update. I've already cleared the cache and reinstalled the app. Is this a known issue? Are you working on a fix?,technical,medium,neutral,english,technical_troubleshooting
TKT-01245,This IS THE THIRD TIME I'm reaching out about the same issue. The page loads very slowly and sometimes times out completely. It works fine on my laptop but not on my iPad. Can someone please help me resolve this?,technical,medium,negative,english,technical_troubleshooting
TKT-01427,I keep getting a connection error when I try to use the app. I attached a screenshot but can't include it here. I'd appreciate any help with this problem.,technical,urgent,neutral,english,technical_troubleshooting
TKT-00243,"Seriously?? Looks like the payment went through two times. My monthly payment should be $59.99, not double that. I need the extra payment reversed as soon as possible.",billing,high,negative,english,refund_duplicate_charge
TKT-04435,i no longer need the service and want to cancel. i've been a member since 2022. please confirm the cancellation in writing.,subscription,high,neutral,english,cancel_subscription
TKT-03482,I've been waiting over a month for the money to come back to my account. I was charged $79.99 twice. Please confirm when the reversal has been issued!!,refund,high,negative,english,refund_duplicate_charge
TKT-03340,i'm really upset about this. the product broke within the first day — i need my money back. the return tracking shows it was delivered back to your warehouse. i just want my money returned.,refund,high,negative,english,refund_duplicate_charge
TKT-03889,I never recieved my order but I was charged for it. The return tracking shows it was delivered back to your warehouse. I just want my money returned.,refund,high,negative,english,refund_duplicate_charge
TKT-02575,"Greetings, I'm writing to inquire about something. I haven't received any shipping updates since I placed my order.",shipping,high,neutral,english,track_order
TKT-02870,I received a delivery confirmation but the package isn't here. This is a gift and I needed it by a specific date. Please provide an updated delivery estimate.,shipping,high,neutral,english,track_order
TKT-02579,I want to know why my package is taking so long. My order number is ORD-189399.,shipping,medium,positive,english,track_order
TKT-02360,"hello, i hope you're having a good day. i haven't been able to access my account since last week. i've been a customer since 2022. what steps do i need to take to fix this?",account,high,neutral,english,resolve_login_issue
TKT-03393,My return was approved weeks ago but the credit still hasn't appeared. I was charged $29.99 twice. Please return my payment as soon as possible.,refund,medium,neutral,english,refund_duplicate_charge
TKT-00831,I'm seeing a repeated charge that shouldn't be there. The transaction date shows on the 15th.,billing,medium,negative,english,refund_duplicate_charge
TKT-01330,The notification system seems completely broken on my end. I've already cleared the cache and reinstalled the app. Is this a known issue? Are you working on a fix?,technical,medium,neutral,english,technical_troubleshooting
TKT-01121,The app keeps crashing every time I try to open it. I'd appreciate any help with this problem.,technical,high,negative,english,technical_troubleshooting
TKT-02395,The login page just keeps refreshing without letting me in. What steps do I need to take to fix this?,account,medium,negative,english,resolve_login_issue
TKT-01114,Your website keeps displaying a blank screen on my browser. Please escalate this if necessary.,technical,medium,neutral,english,technical_troubleshooting
TKT-03736,The duplicate charge on my card needs to be reversed immediately. I need the amount credited to my original payment method.,refund,high,negative,english,refund_duplicate_charge
TKT-01081,NOT HAPPY AT ALL. I'm getting a weird error message when I use the application. I need this fixed as soon as possible.,technical,medium,negative,english,technical_troubleshooting
TKT-00404,I am so done with this. I see an unauthorized duplicate deduction on my account.,billing,high,negative,english,refund_duplicate_charge
TKT-03555,I'm not satisfied with my purchase and would like to return it.,refund,urgent,negative,english,refund_duplicate_charge
TKT-01982,I'm locked out of my account after too many failed attempts. I've already tried from multiple devices. I can't access any of my saved data without logging in.,account,urgent,negative,english,resolve_login_issue
TKT-01133,This is ridiculous. The notification system seems completely broken on my end.,technical,urgent,negative,english,technical_troubleshooting
TKT-02759,I placed an order on a few days ago and it still hasn't been delivered. The tracking number is TRK5769266187...,shipping,medium,negative,english,track_order
TKT-01474,I keep getting a connection error when I try to use the app. Is there a workaround I can try in the meantime?,technical,medium,negative,english,technical_troubleshooting
TKT-03306,I placed an order on September 28th and it still hasn't been delivered. I ordered on last Friday...,shipping,medium,negative,english,track_order
TKT-02501,i've been trying to reset my password for the past hour. i've already tried from multiple devices. what steps do i need to take to fix this?,account,medium,negative,english,reset_password
TKT-02774,This is the third time I'm reaching out about the same issue. My package seems to be stuck in transit. I need someone to investigate what happened to my package.,shipping,urgent,negative,english,track_order
TKT-03630,I am extremely frustrated. The item doesn't match the description and I want my money returned. I returned the item via UPS on last Friday. I just want my money returned.,refund,high,negative,english,refund_duplicate_charge
TKT-01122,the application is not responding after the latest update. this started happening after the last update. how can i get this working again?,technical,medium,negative,english,technical_troubleshooting
TKT-00653,There are duplicate charges showing on my card...,billing,high,negative,english,refund_duplicate_charge
TKT-02242,I keep getting 'invalid token' when I click the reset link. I've already tried from multiple devices. This is becoming very frustrating.,account,medium,neutral,english,reset_password
TKT-00192,I think the system charged me twice when I placed my order. Reference number: ORD-375568. Please reverse the duplicate charge.,billing,high,negative,english,refund_duplicate_charge
TKT-00162,I am extremely frustrated. Two payments of the same amount showed up on my bank statement today.,billing,urgent,negative,english,refund_duplicate_charge
TKT-03055,My order still hasn't arrived and it's been over two weeks. Can you contact the courier on my behalf?,shipping,low,negative,english,track_order
TKT-00202,The payment for my last order appears duplicated. This is related to order ORD-389666. Please fix this and credit my account.,billing,high,negative,english,refund_duplicate_charge
TKT-02772,I am so done with this. My order still hasn't arrived and it's been over two weeks.,shipping,high,negative,english,track_order
TKT-03199,I can't believe this is happening again. Tracking shows my order is in a completely different city. I've contacted the courier but they redirected me to you. Can you contact the courier on my behalf?,shipping,low,negative,english,track_order
TKT-03854,NOT HAPPY AT ALL. I paid twice by mistake and need one payment returned.,refund,high,negative,english,refund_duplicate_charge
TKT-01698,"Greetings, I'm writing to inquire about something. My account shows as deactivated but I never deactivated it. What steps do I need to take to fix this?",account,high,neutral,english,resolve_login_issue
TKT-00644,"There are duplicate charges showing on my card. The transaction date shows last Friday. I need this resolved quickly, please.",billing,medium,neutral,english,refund_duplicate_charge
TKT-03231,Can you tell me where my order is right now? I ordered on October 1st. Can you contact the courier on my behalf?,shipping,high,neutral,english,track_order
TKT-03751,i'm not satisfied WITH MY PURCHASE AND would like to return it. i already spoke with someone who said it would be taken care of.,refund,medium,negative,english,refund_duplicate_charge
TKT-03423,I was told I would get my payment back but it hasn't appeared on my statement. I already spoke with someone who said it would be taken care of.,refund,high,negative,english,refund_duplicate_charge
TKT-04219,I'm switching to a different provider and need to cancel here.,subscription,medium,negative,english,cancel_subscription
TKT-00331,Two payments of the same amount showed up on my bank statement today. I noticed this when I checked my statement on last week. Please investigate and process a correction.,billing,medium,negative,english,refund_duplicate_charge
TKT-00570,"The payment for my last order appears duplicated. My monthly payment should be $9.99, not double that. Please fix this and credit my account!!",billing,high,neutral,english,refund_duplicate_charge
TKT-04516,"Hi there, I have a question. I don't want to renew my annual plan. I read the cancellation policy but still have questions. Make sure no further charges are applied.",subscription,low,neutral,english,cancel_subscription
TKT-03038,Where is my order? The estimated delivery date has passed. I need someone to investigate what happened to my package.,shipping,medium,negative,english,track_order
TKT-02893,"This is the third time I'm reaching out about the same issue. My order has been 'out for delivery' for three days straight. If it's lost, I need a replacement or refund",shipping,high,negative,english,track_order
TKT-04100,My return was approved weeks ago but the credit still hasn't appeared. I was charged $39.99 twice.,refund,high,negative,english,refund_duplicate_charge
TKT-04869,"Good afternoon, I was wondering if you could assist me. I'd like to end my membership effective immediately. My plan is the Enterprise tier at $39.99/month. Please confirm the cancellation in writing.",subscription,low,neutral,english,cancel_subscription
TKT-00785,"Hi there, I have a question. I recieved two charge notifications for one transaction. Please reverse the duplicate charge.",billing,high,neutral,english,refund_duplicate_charge
TKT-01345,i can't get the app to work on my phone since yesterday. i've tried using different browsers but same issue.,technical,medium,negative,english,technical_troubleshooting
TKT-00690,Seriously?? I think the system charged me twice when I placed my order. I was expecting only one charge of $49.99. Kindly process a refund for the duplicate transaction.,billing,urgent,negative,english,refund_duplicate_charge
TKT-00704,I think the system charged me twice when I placed my order. I was expecting only one charge of $149.99.,billing,urgent,negative,english,refund_duplicate_charge
TKT-00875,Your website keeps displaying a blank screen on my browser. I'd appreciate any help with this problem.,technical,high,negative,english,technical_troubleshooting
TKT-03608,This is absolutely unacceptable. I was told I would get my payment back but it hasn't appeared on my statement. This has gone on too long — I want my money back now.,refund,medium,negative,english,refund_duplicate_charge
TKT-00581,I've wasted so much time on this already. I think the system charged me twice when I placed my order.,billing,urgent,negative,english,refund_duplicate_charge
TKT-00975,The app is super slow and basically unusable right now. I attached a screenshot but can't include it here.,technical,medium,neutral,english,technical_troubleshooting
TKT-03940,I recieved the wrong item and want to return it for a full reimbursement. I'm going to dispute the charge with my bank if this isn't resolved.,refund,urgent,negative,english,refund_duplicate_charge
TKT-00394,Seriously?? Could you check my recent transactions? There seem to be two identical ones. The transaction date shows last week. Please investigate and process a correction.,billing,medium,negative,english,refund_duplicate_charge
TKT-00413,"Honestly, this is the worst experience. I received two charge notifications for one transaction. I'd like to get my money back for the extra charge",billing,medium,negative,english,refund_duplicate_charge
TKT-01992,I haven't been able to access my account since last week. Is there another way to verify my identity?,account,urgent,neutral,english,resolve_login_issue
TKT-04551,"Good morning, I'd like some help please. Can I cancel mid-cycle and get a prorated refund? Thank you for processing this promptly.",subscription,medium,neutral,english,cancel_subscription
TKT-04461,I need to downgrade or cancel my current plan. I don't want any retention offers — just cancel please...,subscription,low,negative,english,cancel_subscription
TKT-01009,"Hi there, I have a question. The software freezes whenever I try to save my work.",technical,high,neutral,english,technical_troubleshooting
TKT-03469,I've been waiting over a month for the money to come back to my account.,refund,urgent,negative,english,refund_duplicate_charge
TKT-04004,the quality of what i received doesn't justify the price. the order number is ord-594269. i'm going to dispute the charge with my bank if this isn't resolved.,refund,high,negative,english,refund_duplicate_charge
TKT-03091,i am so done with this. my neighbor says no delivery attempt was made at my address.,shipping,high,negative,english,track_order
TKT-01775,i'm really upset about this. the captcha on the login page keeps failing even when i solve it correctly.,account,low,negative,english,resolve_login_issue
TKT-00573,"I've wasted so much time on this already. I think the system charged me twice when I placed my order. This is related to order ORD-754589. I need this resolved quickly, please.",billing,high,negative,english,refund_duplicate_charge
TKT-01207,I've had it WITH YOUR SERVICE! YOUR WEBSITE keeps displaying a blank screen on my browser. I've already tried all the basic troubleshooting steps.,technical,medium,negative,english,technical_troubleshooting
TKT-03827,"I've wasted so much time on this already. I accidentally purchased the wrong plan and need my money back. The order number is ORD-885842. I want a full reimbursement, not store credit",refund,medium,negative,english,refund_duplicate_charge
TKT-03788,I returned my order two weeks ago but still haven't gotten my money back. It's been 7 days since I requested my money back.,refund,high,neutral,english,refund_duplicate_charge
TKT-01730,The login page just keeps refreshing without letting me in. This is urgent as I need acess for work. Is there another way to verify my identity?,account,high,neutral,english,resolve_login_issue
TKT-03131,"My order has been 'out for delivery' for three days straight. The tracking number is TRK5554116674. If it's lost, I need a replacement or refund.",shipping,urgent,neutral,english,track_order
TKT-01595,"After the recent update, the app doesn't load properly. I'm using version 4.2.3 on iPhone. Can you provide a timeline for when this will be resolved?",technical,urgent,neutral,english,technical_troubleshooting
TKT-04543,I've been trying to cancel for days but can't figure out how. I read the cancellation policy but still have questions. How soon will the cancellation take effect?,subscription,medium,neutral,english,cancel_subscription
TKT-04295,I signed up by mistake and need to cancel right away. I'm currently on the Premium plan. I need a confirmation email once it's done.,subscription,medium,neutral,english,cancel_subscription
TKT-03459,I CAN'T BELIEVE THIS IS happening again. The service didn't work as advertised — I want my money back.,refund,high,negative,english,refund_duplicate_charge
TKT-02783,My neighbor says no delivery attempt was made at my adress. My order number is ORD-728450. Is there any way to speed this up?,shipping,medium,neutral,english,track_order
TKT-04251,I am extremely frustrated. I signed up by mistake and need to cancel right away.,subscription,medium,negative,english,cancel_subscription
TKT-02445,I'm locked out becuase I forgot my password. I've already tried from multiple devices. What steps do I need to take to fix this?,account,high,negative,english,reset_password
TKT-04489,i want to unsubscribe from the premium tier. i already tried to cancel through the website.,subscription,medium,neutral,english,cancel_subscription
TKT-03080,This is absolutely unacceptable. The courier says they delivered it but I never recieved anything. I selected express delivery. I need to know when I'll receive my order.,shipping,urgent,negative,english,track_order
TKT-01258,The page loads very slowly and sometimes times out completely. Other users in my household are experiencing the same thing.,technical,urgent,neutral,english,technical_troubleshooting
TKT-04396,I've been trying to cancel for days but can't figure out how. My next payment date is earlier this week. Thank you for processing this promptly.,subscription,medium,neutral,english,cancel_subscription
TKT-02431,The login page just keeps refreshing without letting me in!!,account,medium,neutral,english,resolve_login_issue
TKT-04418,"Hello, I hope you're having a good day. Can I cancel mid-cycle and get a prorated refund?",subscription,urgent,neutral,english,cancel_subscription
TKT-03961,My order arrived damaged and I need a full reimbursement. The return tracking shows it was delivered back to your warehouse. How long will it take to get my money back?,refund,low,negative,english,refund_duplicate_charge
TKT-01175,The interface glitches and buttons don't respond when I tap them. I need this fixed as soon as possible!!,technical,high,neutral,english,technical_troubleshooting
TKT-00787,There are duplicate charges showing on my card. This happened on last Monday. Please fix this and credit my account!!,billing,high,negative,english,refund_duplicate_charge
TKT-04083,"Hi, I hope this message finds you well. The product I received is defective and I want my money back. The order number is ORD-702528. Please confirm when the reversal has been issued Thank you for your time.",refund,high,positive,english,refund_duplicate_charge
TKT-04541,I want to stop all future charges related to my plan. My plan is the Enterprise tier at $49.99/month. Can you also delete my stored payment information?,subscription,low,negative,english,cancel_subscription
TKT-01388,The system keeps showing error code 503 when I try to access my data. My internet connection is fine — other apps work normally.,technical,medium,neutral,english,technical_troubleshooting
TKT-00623,I am extremely frustrated. I received two charge notifications for one transaction. The duplicate amount is $14.99.,billing,low,negative,english,refund_duplicate_charge
TKT-00325,"Greetings, I'm writing to inquire about something. I recieved two charge notifications for one transaction. The duplicate amount is $39.99. Please investigate and process a correction",billing,high,neutral,english,refund_duplicate_charge
TKT-02305,How do I change my password? The current one doesn't work. I've been a customer since 2021. Please help me regain access.,account,medium,negative,english,reset_password
TKT-04575,"Good morning, I'd like some help please. The service isn't worth the monthly fee anymore Best wishes!!",subscription,medium,positive,english,cancel_subscription
TKT-00449,"Could you check my recent transactions? There seem to be two identical ones. My monthly payment should be $39.99, not double that. I'd like to get my money back for the extra charge.",billing,urgent,negative,english,refund_duplicate_charge
TKT-04804,I signed up by mistake and need to cancel right away. I'm currently on the Basic plan. I need a confirmation email once it's done.,subscription,urgent,neutral,english,cancel_subscription
TKT-00641,This is absolutely unacceptable. Looks like the payment went through two times. Please fix this and credit my account.,billing,high,negative,english,refund_duplicate_charge
TKT-03985,I am so done with this. I was overcharged and need the difference returned to my card. The return tracking shows it was delivered back to your warehouse...,refund,high,negative,english,refund_duplicate_charge
TKT-02874,The tracking information hasn't been updated in five days. My delivery address is correct — I've double checked. Is there any way to speed this up?,shipping,high,neutral,english,track_order
TKT-02711,Tracking shows my order is in a completely different city. My order number is ORD-451821.,shipping,medium,neutral,english,track_order
TKT-02272,this is absolutely unacceptable. i enter my email and password but nothing happens. i've been a customer since 2023.,account,medium,negative,english,resolve_login_issue
TKT-00334,This is the third time I'm reaching out about the same issue. The payement for my last order appears duplicated!!,billing,urgent,negative,english,refund_duplicate_charge
TKT-02049,"Good afternoon, I was wondering if you could assist me. I get an error saying my account doesn't exist, but I've had it for years.",account,medium,neutral,english,resolve_login_issue
TKT-00494,the same amount was taken from my card twice. please reverse the duplicate charge.,billing,high,negative,english,refund_duplicate_charge
TKT-00628,Something went wrong with my payment — the amount was deducted two times. The duplicate amount is $199.99.,billing,medium,neutral,english,refund_duplicate_charge
TKT-03975,This is ridiculous. I was overcharged and need the difference returned to my card. The order number is ORD-643083.,refund,urgent,negative,english,refund_duplicate_charge
TKT-03624,the service didn't work as advertised — i want my money back. the order number is ord-356493.,refund,medium,negative,english,refund_duplicate_charge
TKT-03207,I am so done with this. Where is my order? The estimated delivery date has passed. The tracking number is TRK7952780487. I need someone to investigate what happened to my package...,shipping,low,negative,english,track_order
TKT-03834,"Dear support team, I was told I would get my payement back but it hasn't appeared on my statement.",refund,urgent,neutral,english,refund_duplicate_charge
TKT-04470,This is absolutely unacceptable. I want to stop all future charges related to my plan. I'm currently on the Standard plan. How soon will the cancellation take effect?,subscription,low,negative,english,cancel_subscription
TKT-01476,The app keeps crashing every time I try to open it. I've tried restarting my iPhone but the problem persists.,technical,medium,negative,english,technical_troubleshooting
TKT-01047,The INTERFACE GLITCHES AND buttons don't respond when I tap them. This has been going on for 14 days now.,technical,urgent,negative,english,technical_troubleshooting
TKT-03606,I was charged twice and I want my money back for the extra payment. I was charged $59.99 twice. I just want my money returned.,refund,high,negative,english,refund_duplicate_charge
TKT-02919,"I'm worried my package got lost in transit. If it's lost, I need a replacement or refund...",shipping,medium,negative,english,track_order
TKT-01378,I keep GETTING A CONNECTION error when I try to use the app. Is there a workaround I can try in the meantime?,technical,high,negative,english,technical_troubleshooting
TKT-03379,The item doesn't match the description and I want my money returned. I already spoke with someone who said it would be taken care of. This has gone on too long — I want my money back now.,refund,urgent,negative,english,refund_duplicate_charge
TKT-01847,I haven't been able to update my password through your website. I've verified my email adress already. This is becoming very frustrating...,account,high,neutral,english,reset_password
TKT-00780,There are duplicate charges showing on my card. Both transactions show $149.99. Please investigate and process a correction.,billing,high,negative,english,refund_duplicate_charge
TKT-02895,I am extremely frustrated. I need to track my package but the tracking number doesn't work. I'm very disappointed with the delivery experience.,shipping,medium,negative,english,track_order
TKT-03134,The courier says they delivered it but I never received anything. I chose standard delivery.,shipping,medium,negative,english,track_order
TKT-02076,My password expired and I can't seem to create a new one. I can't access any of my saved data without logging in.,account,low,negative,english,reset_password
TKT-00955,I'm really upset about this. I'm experiencing constant buffering and lag on your platform. The error code I'm seeing is ERR-6334. Is this a known issue? Are you working on a fix?,technical,high,negative,english,technical_troubleshooting
TKT-03327,The tracking information hasn't been updated in five days. I need someone to investigate what happened to my package!!,shipping,medium,negative,english,track_order
TKT-04187,I tried to cancel online but the button doesn't seem to work. Please confirm the cancellation in writing.,subscription,medium,neutral,english,cancel_subscription
TKT-00428,I can't believe this is happening again. Something went wrong with my payement — the amount was deducted two times.,billing,high,negative,english,refund_duplicate_charge
TKT-04982,I don't want to renew my annual plan. I've been a member since 2022.,subscription,urgent,neutral,english,cancel_subscription
TKT-00685,I've wasted so much time on this already. There's a charge I don't recognize that matches my last payment exactly. I'd like to get my money back for the extra charge.,billing,high,negative,english,refund_duplicate_charge
TKT-04904,"Greetings, I'm writing to inquire about something. I've been trying to cancel for days but can't figure out how.",subscription,urgent,neutral,english,cancel_subscription
TKT-00491,Looks like the payment went through two times. Each charge is for $199.99. I need the extra payment reversed as soon as possible.,billing,high,negative,english,refund_duplicate_charge
TKT-00132,I see an unauthorized duplicate deduction on my account. Both transactions show $149.99. I need the extra payment reversed as soon as possible.,billing,medium,negative,english,refund_duplicate_charge
TKT-04479,I am extremely frustrated. Can you help me cancel before the next payment cycle? I've been a member since 2023. Please confirm the cancellation in writing.,subscription,medium,negative,english,cancel_subscription
TKT-01908,My temporary password stopped working before I could set a new one. Please help me regain access.,account,medium,negative,english,reset_password
TKT-04447,Can I cancel mid-cycle and get a prorated refund? I've been a member since 2024. Just want this taken care of.,subscription,low,neutral,english,cancel_subscription
TKT-03445,I was overcharged and need the difference returned to my card. It's been 13 days since I requested my money back. I need the amount credited to my original payment method.,refund,urgent,neutral,english,refund_duplicate_charge
TKT-03020,tracking shows my order is in a completely different city. my order number is ord-409023.,shipping,medium,negative,english,track_order
TKT-03305,The courier says they delivered it but I never recieved anything. I selected express delivery. Is there any way to speed this up?,shipping,high,neutral,english,track_order
TKT-03299,The estimated arrival keeps getting pushed back. I chose standard delivery.,shipping,medium,neutral,english,track_order
TKT-01811,i tried resetting my password but i get an error. i'd appreciate a quick resolution.,account,medium,negative,english,reset_password
TKT-02713,I'm worried my package got lost in transit.,shipping,high,negative,english,track_order
TKT-03696,My return was approved weeks ago but the credit still hasn't appeared. I returned the item via UPS on October 1st. How long will it take to get my money back?,refund,medium,negative,english,refund_duplicate_charge
TKT-03966,The quality of what I received doesn't justify the price. I'm going to dispute the charge with my bank if this isn't resolved.,refund,high,negative,english,refund_duplicate_charge
TKT-02820,I placed an order on September 28th and it still hasn't been delivered. This delay is really inconvenient,shipping,medium,negative,english,track_order
TKT-03165,Tracking shows my order is in a completely different city. I need someone to investigate what happened to my package!!,shipping,medium,negative,english,track_order
TKT-00852,My data isn't syncing across devices anymore. My internet connection is fine — other apps work normally.,technical,medium,negative,english,technical_troubleshooting
TKT-04433,I need to downgrade or cancel my current plan. Make sure no further charges are applied.,subscription,medium,neutral,english,cancel_subscription
TKT-00039,Looks like THE PAYEMENT went through two times. Reference number: ORD-894139.,billing,high,negative,english,refund_duplicate_charge
TKT-04858,"Hi, sorry to bother you but Please remove my payment method and cancel the recurring charge. My plan is the Premium tier at $79.99/month.",subscription,medium,neutral,english,cancel_subscription
TKT-01999,I haven't been able to update my password through your website.,account,medium,negative,english,reset_password
TKT-01960,"I get an error saying my account doesn't exist, but I've had it for years. This is urgent as I need access for work. I need this sorted out as soon as possible.",account,high,neutral,english,resolve_login_issue
TKT-01602,I'm really upset about this. The application is not responding after the latest update.,technical,high,negative,english,technical_troubleshooting
TKT-02438,I'm locked out of my account after too many failed attempts. I've been a customer since 2022.,account,medium,negative,english,resolve_login_issue
TKT-00960,Your website keeps displaying a blank screen on my browser. This started happening after the last update. I need this fixed as soon as possible.,technical,high,neutral,english,technical_troubleshooting
TKT-01521,"Hi, sorry to bother you but The interface glitches and buttons don't respond when I tap them.",technical,medium,neutral,english,technical_troubleshooting
TKT-03214,My package seems to be stuck in transit!!,shipping,high,neutral,english,track_order
TKT-03477,I was charged twice by mistake — can I get the extra amount returned? I was charged $19.99 twice.,refund,medium,negative,english,refund_duplicate_charge
TKT-01858,I requested a password reset but didn't get any email. Is there another way to verify my identity?,account,high,neutral,english,reset_password
TKT-03924,I was charged twice and I want my money back for the extra payment. I need the amount credited to my original payment method.,refund,high,neutral,english,refund_duplicate_charge
TKT-04957,I'm switching to a different provider and need to cancel here. My plan is the Basic tier at $14.99/month. Please confirm the cancellation in writing.,subscription,medium,negative,english,cancel_subscription
TKT-03370,My return was approved weeks ago but the credit still hasn't appeared. I returned the item via USPS on two days ago. I need the amount credited to my original payment method.,refund,low,negative,english,refund_duplicate_charge
TKT-03135,"Hello, I hope you're having a good day. Can you tell me where my order is right now? This delay is really inconvenient!!",shipping,medium,neutral,english,track_order
TKT-00751,I'm seeing a repeated charge that shouldn't be there. This is related to order ORD-174612. I'd like to get my money back for the extra charge.,billing,high,neutral,english,refund_duplicate_charge
TKT-03350,I NEVER RECEIVED my order but I was charged for it.,refund,medium,negative,english,refund_duplicate_charge
TKT-04360,"Hi, I hope this message finds you well. Please terminate my membership and confirm via email. I've been a member since 2024.",subscription,high,neutral,english,cancel_subscription
TKT-00822,I noticed an extra charge on my credit card statement. Would you be able to reverse the second charge?,billing,high,negative,english,refund_duplicate_charge
TKT-01183,I can't get the app to work on my phone since yesterday. I've already cleared the cache and reinstalled the app...,technical,high,negative,english,technical_troubleshooting
TKT-00261,"Good morning, I'd like some help please. The same amount was taken from my card twice. Please investigate and process a correction Thanks in advance!",billing,high,positive,english,refund_duplicate_charge
TKT-00850,The software freezes whenever I try to save my work. I've already cleared the cache and reinstalled the app. Please escalate this if necessary,technical,medium,negative,english,technical_troubleshooting
TKT-02721,my order still hasn't arrived and it's been over two weeks. can you check the status of my delivery?,shipping,high,neutral,english,track_order
TKT-02770,The delivery was supposed to arrive by September 28th. My order number is ORD-523316. I need to know when I'll receive my order.,shipping,low,neutral,english,track_order
TKT-01768,Seriously?? I can't sign in from my new phone. This is urgent as I need access for work. What steps do I need to take to fix this?,account,medium,negative,english,resolve_login_issue
TKT-04682,Please remove my payement method and cancel the recurring charge,subscription,medium,negative,english,cancel_subscription
TKT-00197,"Good morning, I'd like some help please. Your system appears to have processed my payment twice. I'd like to get my money back for the extra charge.",billing,high,neutral,english,refund_duplicate_charge
TKT-01751,"This is absolutely unacceptable. Every time I try to sign in, it says 'invalid credentials'. My registered email is d***@outlook.com. I'd apreciate a quick resolution...",account,medium,negative,english,resolve_login_issue
TKT-00533,My card was debited twice for a single order. Please reverse the duplicate charge.,billing,high,positive,english,refund_duplicate_charge
TKT-04871,"Hi, sorry to bother you but I want to cancel my monthly plan. I don't see a cancel option in my account settings. I don't want any retention offers — just cancel please.",subscription,medium,neutral,english,cancel_subscription
TKT-00293,Two payments of the same amount showed up on my bank statement today. Would you be able to reverse the second charge?,billing,high,negative,english,refund_duplicate_charge
TKT-04097,The service didn't work as advertised — I want my money back. Please return my payment as soon as possible,refund,high,negative,english,refund_duplicate_charge
TKT-04380,"Hello, I hope you're having a good day. Please remove my payment method and cancel the recurring charge. My plan is the Enterprise tier at $14.99/month. I don't want any retention offers — just cancel please.",subscription,high,neutral,english,cancel_subscription
TKT-02795,"Good afternoon, I was wondering if you could assist me. I haven't recieved any shipping updates since I placed my order. I selected express delivery.",shipping,urgent,neutral,english,track_order
TKT-02491,Single sign-on with Google isn't working for my account anymore. I've been a customer since 2022.,account,low,neutral,english,resolve_login_issue
TKT-00678,I think the system charged me twice when I placed my order. Can you resolve this? I shouldn't have been charged twice.,billing,high,negative,english,refund_duplicate_charge
TKT-01434,The notification system SEEMS COMPLETELY BROKEN on my end. This has been going on for 8 days now. Is there a workaround I can try in the meantime?,technical,high,negative,english,technical_troubleshooting
TKT-03335,I accidentally purchased the wrong plan and need my money back. The amount I need returned is $149.99.,refund,high,negative,english,refund_duplicate_charge
TKT-04412,Seriously?? Please cancel my auto-renewal — I don't want to be charged again.,subscription,high,negative,english,cancel_subscription
TKT-02453,"I get an error saying my account doesnt exist, but I've had it for years.",account,medium,neutral,english,resolve_login_issue
TKT-04522,the service isn't worth the monthly fee anymore. just want this taken care of.,subscription,medium,negative,english,cancel_subscription
TKT-02449,I am so done with this. The reset link I received says it has expired. I can provide ID verification if needed.,account,medium,negative,english,reset_password
TKT-00255,I was charged twice for the same purchase this month. The duplicate amount is $99.99. I need the extra payment reversed as soon as possible.,billing,medium,negative,english,refund_duplicate_charge
TKT-02400,"good morning, i'd like some help please. i can't remember my password and need to regain access. i've already tried from multiple devices. is there another way to verify my identity?",account,medium,neutral,english,reset_password
TKT-00140,The payment for my last order appears duplicated. It appeared on my statement dated yesterday. Kindly process a refund for the duplicate transaction.,billing,medium,negative,english,refund_duplicate_charge
TKT-02170,"Good afternoon, I was wondering if you could assist me. I'm locked out of my account after too many failed attempts. I can't acess any of my saved data without logging in!!",account,high,positive,english,resolve_login_issue
TKT-00312,I think the system charged me twice when I placed my order. I need the extra payment reversed as soon as possible,billing,high,negative,english,refund_duplicate_charge
TKT-04033,NOT HAPPY AT ALL. The duplicate charge on my card needs to be reversed immediately. I need the amount credited to my original payment method.,refund,high,negative,english,refund_duplicate_charge
TKT-04780,"Hi there, I have a question. I've decided to discontinue my plan. Thank you for processing this promptly Many thanks.",subscription,medium,positive,english,cancel_subscription
TKT-02537,The tracking information hasn't been updated in five days. I ordered on last Friday. I'd like to file a complaint about the delivery service,shipping,high,positive,english,track_order
TKT-02411,NOT HAPPY AT ALL. Single sign-on with Google isn't working for my account anymore. I need this sorted out as soon as possible.,account,medium,negative,english,resolve_login_issue
TKT-03000,My neighbor says no delivery attempt was made at my address. I've contacted the courier but they redirected me to you. I need to know when I'll receive my order.,shipping,medium,negative,english,track_order
TKT-04527,"Hello, I hope you're having a good day. I no longer need the service and want to cancel. Will I still have access until the end of the current period?",subscription,urgent,positive,english,cancel_subscription
TKT-02779,My parcel has been sitting at the distribution center for a week. This is a gift and I needed it by a specific date. I'd like to file a complaint about the delivery service.,shipping,low,negative,english,track_order
TKT-03471,my return was approved weeks ago but the credit still hasn't appeared. i already spoke with someone who said it would be taken care of. this has gone on too long — i want my money back now.,refund,high,neutral,english,refund_duplicate_charge
TKT-02559,This is absolutely unacceptable. I paid for express delivery but it's been 11 days already. I've contacted the courier but they redirected me to you. This delay is really inconvenient...,shipping,high,negative,english,track_order
TKT-04990,How do I stop my recurring payement? I read the cancellation policy but still have questions.,subscription,high,negative,english,cancel_subscription
TKT-00005,There are duplicate charges showing on my card. I noticed this when I checked my statement on yesterday. Please fix this and credit my account.,billing,high,negative,english,refund_duplicate_charge
TKT-02208,I haven't been able to access my account since last week. I've already tried from multiple devices. I'd appreciate a quick resolution,account,low,negative,english,resolve_login_issue
TKT-03911,The service didn't work as advertised — I want my money back. It's been 10 days since I requested my money back,refund,medium,neutral,english,refund_duplicate_charge
TKT-03984,This is ridiculous. The quality of what I recieved doesn't justify the price. This has gone on too long — I want my money back now.,refund,medium,negative,english,refund_duplicate_charge
TKT-02424,I haven't been able to access my account since last week. I need this sorted out as soon as possible.,account,high,neutral,english,resolve_login_issue
TKT-04074,The duplicate charge on my card needs to be reversed immediately. Please confirm when the reversal has been issued.,refund,medium,negative,english,refund_duplicate_charge
TKT-04720,Seriously?? I want to make sure I won't be charged next month. Just want this taken care of.,subscription,medium,negative,english,cancel_subscription
TKT-00221,i've been charged an extra amount that i didn't authorize. i was expecting only one charge of $149.99. this needs to be corrected immediatly.,billing,medium,negative,english,refund_duplicate_charge
TKT-04505,I need to downgrade or cancel my current plan. My next payment date is September 28th.,subscription,medium,neutral,english,cancel_subscription
TKT-02798,my neighbor says no delivery attempt was made at my address. i selected express delivery. this delay is really inconvenient.,shipping,medium,positive,english,track_order
TKT-03571,I canceled my order but the charge still went through. I returned the item via USPS on October 1st. Please return my payment as soon as possible.,refund,urgent,negative,english,refund_duplicate_charge
TKT-02464,"Hi there, I have a question. I forgot my password and the reset link isn't working. I've verified my email adress already. Please help me regain access.",account,medium,neutral,english,reset_password
TKT-02044,"This is ridiculous. I get an error saying my account doesn't exist, but I've had it for years. I can provide ID verification if needed. I can't access any of my saved data without logging in.",account,low,negative,english,resolve_login_issue
TKT-03757,"Greetings, I'm writing to inquire about something. I was told I would get my payment back but it hasn't appeared on my statement.",refund,medium,neutral,english,refund_duplicate_charge
TKT-00854,My data isn't syncing across devices anymore. This started happening after the last update.,technical,low,negative,english,technical_troubleshooting
TKT-04148,I'm not satisfied with my purchase and would like to return it. The amount I need returned is $199.99. I just want my money returned...,refund,urgent,positive,english,refund_duplicate_charge
TKT-04902,Please terminate my membership and confirm via email. I've been a member since 2023. I need a confirmation email once it's done.,subscription,low,positive,english,cancel_subscription
TKT-03488,I am extremely frustrated. I returned my order two weeks ago but still haven't gotten my money back. I just want my money returned.,refund,high,negative,english,refund_duplicate_charge
TKT-04996,Please cancel my auto-renewal — I don't want to be charged again. My next payment date is on the 15th. Please confirm the cancellation in writing.,subscription,urgent,negative,english,cancel_subscription
TKT-01659,My data ISN'T SYNCING ACROSS DEVICES ANYMORE. Is this a known issue? Are you working on a fix?,technical,medium,negative,english,technical_troubleshooting
TKT-00557,I think the system charged me twice when I placed my order. Each charge is for $59.99.,billing,urgent,negative,english,refund_duplicate_charge
TKT-01223,I keep getting kicked out of the app randomly. I've tried restarting my Android phone but the problem persists. Can you provide a timeline for when this will be resolved?,technical,high,neutral,english,technical_troubleshooting
TKT-01103,"Hello, I hope you're having a good day. The app keeps crashing every time I try to open it. This started happening after the last update. Is there a workaround I can try in the meantime?",technical,low,neutral,english,technical_troubleshooting
TKT-04717,"Hi, sorry to bother you but I want to stop all future charges related to my plan. My plan is the Starter tier at $59.99/month. I don't want any retention offers — just cancel please.",subscription,medium,neutral,english,cancel_subscription
TKT-00359,I've been charged an extra amount that I didn't authorize. The duplicate amount is $79.99. Kindly process a refund for the duplicate transaction.,billing,high,neutral,english,refund_duplicate_charge
TKT-04381,I want to stop all future charges related to my plan. I don't see a cancel option in my account settings. How soon will the cancellation take effect?,subscription,high,negative,english,cancel_subscription
TKT-00437,"Looks like the payment went through two times. My monthly payment should be $149.99, not double that. Please investigate and process a correction.",billing,urgent,negative,english,refund_duplicate_charge
TKT-00529,I was charged twice for the same purchase this month. The transaction date shows October 1st.,billing,high,negative,english,refund_duplicate_charge
TKT-03623,My order arrived damaged and I need a full reimbursement. I'm going to dispute the charge with my bank if this isn't resolved.,refund,medium,negative,english,refund_duplicate_charge
TKT-01573,"after the recent update, the app doesnt load properly. this has been going on for 13 days now.",technical,medium,negative,english,technical_troubleshooting
TKT-03831,I'm not satisfied with my purchase and would like to return it. The order number is ORD-497177.,refund,urgent,neutral,english,refund_duplicate_charge
TKT-00100,"honestly, this is the worst experience. your system appears to have processed my payment twice. kindly process a refund for the duplicate transaction",billing,urgent,negative,english,refund_duplicate_charge
TKT-03137,Can you tell me where my order is right now? My delivery adress is correct — I've double checked. Can you check the status of my delivery?,shipping,low,neutral,english,track_order
TKT-02666,"Hello, thank you in advance for your help. The courier says they delivered it but I never received anything. This is a gift and I needed it by a specific date.",shipping,high,neutral,english,track_order
TKT-00649,I've been charged an extra amount that I didn't authorize. Would you be able to reverse the second charge?,billing,urgent,negative,english,refund_duplicate_charge
TKT-01516,I'm really upset about this. The page loads very slowly and sometimes times out completely. I've already cleared the cache and reinstalled the app.,technical,medium,negative,english,technical_troubleshooting
TKT-03451,"I was charged twice by mistake — can I get the extra amount returned? I was charged $59.99 twice. I want a full reimbursement, not store credit.",refund,high,negative,english,refund_duplicate_charge
TKT-00282,My card was debited twice for a single order. Both transactions show $29.99. Could you look into this and issue a refund?,billing,medium,negative,english,refund_duplicate_charge
TKT-03113,"Dear support team, My package seems to be stuck in transit. I need to know when I'll receive my order!!",shipping,medium,neutral,english,track_order
TKT-02609,This is the third time I'm reaching out about the same issue. Tracking shows my order is in a completely different city. Can you contact the courier on my behalf?,shipping,medium,negative,english,track_order
TKT-02931,i received a delivery confirmation but the package isn't here. my order number is ord-978962. is there any way to speed this up?,shipping,medium,neutral,english,track_order
TKT-02617,The courier says they delivered it but I never received anything. I need someone to investigate what happened to my package.,shipping,urgent,neutral,english,track_order
TKT-04832,The service isn't worth the monthly fee anymore. I'm currently on the Standard plan.,subscription,high,negative,english,cancel_subscription
TKT-03463,I've been waiting over a month for the money to come back to my account. I was charged $39.99 twice.,refund,medium,negative,english,refund_duplicate_charge
TKT-01747,"Good afternoon, I was wondering if you could assist me. I can't log into my account even though I'm using the correct credentials.",account,low,neutral,english,resolve_login_issue
TKT-03855,I can't believe this is happening again. I canceled my order but the charge still went through. The order number is ORD-919926.,refund,medium,negative,english,refund_duplicate_charge
TKT-04692,I tried to cancel online but the button doesn't seem to work. I'm currently on the Enterprise plan.,subscription,high,negative,english,cancel_subscription
TKT-03619,This is ridiculous. The product I recieved is defective and I want my money back. Is there anything else you need from me to process this?,refund,high,negative,english,refund_duplicate_charge
TKT-00175,"Honestly, this is the worst experiance. I noticed an extra charge on my credit card statement. I noticed this when I checked my statement on two days ago.",billing,high,negative,english,refund_duplicate_charge
TKT-00604,The same amount was taken from my card twice. Please reverse the duplicate charge.,billing,medium,negative,english,refund_duplicate_charge
TKT-03487,My return was approved weeks ago but the credit still hasn't appeared. Can you expedite this reimbursement?,refund,medium,negative,english,refund_duplicate_charge
TKT-01891,I am so done with this. I keep getting 'invalid token' when I click the reset link. My username is david.lee. This is becoming very frustrating.,account,medium,negative,english,reset_password
TKT-02948,Where is my order? The estimated delivery date has passed. My order number is ORD-317731. I'm very disappointed with the delivery experience,shipping,high,negative,english,track_order
TKT-04238,i can't believe this is happening again. i want to cancel my monthly plan.,subscription,high,negative,english,cancel_subscription
TKT-02359,I'm locked out of my account after too many failed attempts. I've already tried from multiple devices. This is becoming very frustrating.,account,high,neutral,english,resolve_login_issue
TKT-03498,The quality of what I recieved doesn't justify the price. The order number is ORD-470955. This has gone on too long — I want my money back now.,refund,high,negative,english,refund_duplicate_charge
TKT-02871,not happy at all. i recieved a delivery confirmation but the package isn't here. this is a gift and i needed it by a specific date. this delay is really inconvenient.,shipping,high,negative,english,track_order
TKT-02757,I NEED to track my package but the tracking number doesn't work.,shipping,high,negative,english,track_order
TKT-00937,"After the recent update, the app doesnt load properly. How can I get this working again?",technical,low,negative,english,technical_troubleshooting
TKT-01802,I can't remember my password and need to regain access.,account,high,negative,english,reset_password
TKT-02392,"Good morning, I'd like some help please. I'm locked out because I forgot my password. This is becoming very frustrating!!",account,medium,neutral,english,reset_password
TKT-04975,please terminate my membership and confirm via email. i don't see a cancel option in my account settings. can you also delete my stored payment information?,subscription,medium,negative,english,cancel_subscription
TKT-00054,"Good afternoon, I was wondering if you could assist me. The payment for my last order appears duplicated.",billing,high,neutral,english,refund_duplicate_charge
TKT-02051,I enter my email and password but nothing happens. I've verified my email address already. This is becoming very frustrating.,account,urgent,neutral,english,resolve_login_issue
TKT-03251,My neighbor says no delivery attempt was made at my address. I've contacted the courier but they redirected me to you.,shipping,urgent,neutral,english,track_order
TKT-02785,my neighbor says no delivery attempt was made at my address. i chose standard delivery.,shipping,low,negative,english,track_order
TKT-01058,the download keeps failing at 80 percent every single time. i attached a screenshot but can't include it here.,technical,medium,negative,english,technical_troubleshooting
TKT-03805,I paid twice by mistake and need one payment returned. Can you expedite this reimbursement?,refund,high,negative,english,refund_duplicate_charge
TKT-00829,Looks like the payement went through two times. Order number ORD-296341 seems to be the one affected!!,billing,low,negative,english,refund_duplicate_charge
TKT-04180,can you help me cancel before the next payment cycle? how soon will the cancellation take effect?,subscription,high,positive,english,cancel_subscription
TKT-00727,"Good morning, I'd like some help please. My credit card was billed double for my recent purchase. Please investigate and process a correction.",billing,high,neutral,english,refund_duplicate_charge
TKT-00167,I'm seeing a repeated charge that shouldn't be there. This is related to order ORD-765824. How do I get the extra amount refunded?,billing,high,negative,english,refund_duplicate_charge
TKT-01717,The login button is greyed out and I can't click it. I've already tried from multiple devices.,account,medium,neutral,english,resolve_login_issue
TKT-02228,I forgot my password and the reset link isn't working. Is there another way to verify my identity?,account,urgent,negative,english,reset_password
TKT-03075,I received a delivery confirmation but the package isn't here. Can you check the status of my delivery?,shipping,medium,neutral,english,track_order
TKT-02332,"Good morning, I'd like some help please. I'm locked out because I forgot my password. I've been a customer since 2024. This is becoming very frustrating.",account,high,neutral,english,reset_password
TKT-04009,Seriously?? The quality of what I received doesn't justify the price. I have the receipt and can provide proof of the duplicate charge. Is there anything else you need from me to process this?,refund,medium,negative,english,refund_duplicate_charge
TKT-01338,The notification system seems completely broken on my end. I've already tried all the basic troubleshooting steps. I need this fixed as soon as possible.,technical,medium,negative,english,technical_troubleshooting
TKT-00626,Something went wrong with my payment — the amount was deducted two times. This happened on a few days ago.,billing,high,negative,english,refund_duplicate_charge
TKT-04420,"Hi, I hope this message finds you well. I don't want to renew my annual plan. Make sure no further charges are applied.",subscription,high,neutral,english,cancel_subscription
TKT-02590,"honestly, this is the worst experience. i want to know why my package is taking so long",shipping,medium,negative,english,track_order
TKT-01599,The search function in your app returns no results even though I know there should be matches. The error code I'm seeing is ERR-9578. I'm losing patience with this recurring issue.,technical,medium,negative,english,technical_troubleshooting
TKT-00090,Seriously?? I was charged twice for the same purchase this month.,billing,medium,negative,english,refund_duplicate_charge
TKT-00258,SOMETHING WENT wrong with my payment — the amount was deducted two times. I want the overcharge refunded to my card.,billing,high,negative,english,refund_duplicate_charge
TKT-04429,I can't believe this is happening again. I tried to cancel online but the button doesn't seem to work. I already tried to cancel through the website.,subscription,high,negative,english,cancel_subscription
TKT-01617,I've wasted so much time on this already. I keep getting kicked out of the app randomly. Is this a known issue? Are you working on a fix?,technical,high,negative,english,technical_troubleshooting
TKT-03970,The duplicate charge on my card needs to be reversed immediately. The amount I need returned is $199.99.,refund,medium,neutral,english,refund_duplicate_charge
TKT-00216,There are duplicate charges showing on my card. This is related to order ORD-299647. Could you look into this and issue a refund?,billing,urgent,negative,english,refund_duplicate_charge
TKT-00235,My card was debited twice for a single order. It appeared on my statement dated last Monday. Kindly process a refund for the duplicate transaction.,billing,medium,neutral,english,refund_duplicate_charge
TKT-01189,My device won't connect to your service properly. This started happening after the last update. Can someone please help me resolve this?,technical,high,neutral,english,technical_troubleshooting
TKT-02479,I enter my email and password but nothing happens. I checked my spam folder but nothing is there. Can you send me a manual reset link?,account,urgent,negative,english,resolve_login_issue
TKT-00847,Your website keeps displaying a blank screen on my browser. I've tried restarting my MacBook but the problem persists.,technical,medium,negative,english,technical_troubleshooting
TKT-03268,"My parcel has been sitting at the distribution center for a week. I ordered on last Monday. If it's lost, I need a replacement or refund.",shipping,urgent,neutral,english,track_order
TKT-04320,Seriously?? Please remove my payment method and cancel the recurring charge. Thank you for processing this promptly.,subscription,medium,negative,english,cancel_subscription
TKT-00276,I've been charged an extra amount that I didn't authorize. This happened on September 28th. Please fix this and credit my account.,billing,high,neutral,english,refund_duplicate_charge
TKT-02561,I haven't received any shipping updates since I placed my order. I've contacted the courier but they redirected me to you. Can you contact the courier on my behalf?,shipping,high,negative,english,track_order
TKT-04214,how do i stop my recurring payment?,subscription,low,negative,english,cancel_subscription
TKT-03697,the product i received is defective and i want my money back.,refund,urgent,neutral,english,refund_duplicate_charge
TKT-00699,"Hello, thank you in advance for your help. There are duplicate charges showing on my card. The amount is $99.99 each time. Please fix this and credit my account I really appreciate it.",billing,medium,positive,english,refund_duplicate_charge
TKT-04076,I was told I would get my payement back but it hasn't appeared on my statement. The return tracking shows it was delivered back to your warehouse. How long will it take to get my money back?,refund,high,negative,english,refund_duplicate_charge
TKT-00003,"Hi, sorry to bother you but My bank shows two identical transactions from your company. The duplicate amount is $14.99. Kindly process a refund for the duplicate transaction.",billing,high,neutral,english,refund_duplicate_charge
TKT-00773,The same amount was taken from my card twice. I noticed this when I checked my statement on October 1st. Please fix this and credit my account.,billing,urgent,negative,english,refund_duplicate_charge
TKT-02048,"Dear support team, I haven't been able to access my account since last week. What steps do I need to take to fix this?",account,medium,neutral,english,resolve_login_issue
TKT-00124,My card was debited twice for a single order. The amount is $199.99 each time.,billing,high,negative,english,refund_duplicate_charge
TKT-04112,"THE SERVICE DIDN'T WORK AS advertised — I want my money back. I was charged $19.99 twice. I want a full reimbursement, not store credit.",refund,urgent,negative,english,refund_duplicate_charge
TKT-03534,The quality of what I received doesn't justify the price. How long will it take to get my money back?,refund,high,negative,english,refund_duplicate_charge
TKT-01912,I can't believe this is happening again. My account seems to be suspended but I don't know why. My registered email is a***@gmail.com. I can't access any of my saved data without logging in,account,medium,negative,english,resolve_login_issue
TKT-04200,I no longer need the service and want to cancel. I don't see a cancel option in my account settings. Just want this taken care of.,subscription,high,neutral,english,cancel_subscription
TKT-02696,I want to know why my package is taking so long. This is a gift and I needed it by a specific date. Can you check the status of my delivery?,shipping,urgent,neutral,english,track_order
TKT-04132,"Dear support team, I returned my order two weeks ago but still haven't gotten my money back. It's been 13 days since I requested my money back.",refund,high,neutral,english,refund_duplicate_charge
TKT-02127,Can someone manually reset my password? The automated system isn't working for me. I've verified my email address already. I'd appreciate a quick resolution.,account,medium,neutral,english,reset_password
TKT-01060,I keep getting kicked out of the app randomly. I'm losing patience with this recurring issue.,technical,urgent,negative,english,technical_troubleshooting
TKT-03572,My order arrived damaged and I need a full reimbursement. I was charged $29.99 twice.,refund,medium,negative,english,refund_duplicate_charge
TKT-02050,I haven't been able to update my password through your website. My registered email is m***@yahoo.com.,account,high,positive,english,reset_password
TKT-04296,I WANT TO make sure I won't be charged next month. I need a confirmation email once it's done.,subscription,low,negative,english,cancel_subscription
TKT-01749,This is the third time I'm reaching out about the same issue. The CAPTCHA on the login page keeps failing even when I solve it correctly. This is urgent as I need access for work. Is there another way to verify my identity?,account,high,negative,english,resolve_login_issue
TKT-04887,Please terminate my membership and confirm via email. My plan is the Premium tier at $199.99/month. Will I still have access until the end of the current period?,subscription,low,neutral,english,cancel_subscription
TKT-03243,this is the third time i'm reaching out about the same issue. the estimated arrival keeps getting pushed back. my delivery adress is correct — i've double checked.,shipping,medium,negative,english,track_order
TKT-03742,The quality of what I received doesn't justify the price. I already spoke with someone who said it would be taken care of. Please return my payment as soon as possible.,refund,medium,neutral,english,refund_duplicate_charge
TKT-01846,The login page just keeps refreshing without letting me in. I can provide ID verification if needed...,account,medium,neutral,english,resolve_login_issue
TKT-01770,"Greetings, I'm writing to inquire about something. I need to change my password but I can't find the option. My username is user12345.",account,medium,neutral,english,reset_password
TKT-03541,I can't believe this is happening again. The service didn't work as advertised — I want my money back. I already spoke with someone who said it would be taken care of. Please confirm when the reversal has been issued.,refund,high,negative,english,refund_duplicate_charge
TKT-01746,"Hello, I hope you're having a good day. Single sign-on with Google isn't working for my account anymore. This is becoming very frustrating Thanks in advance!",account,high,positive,english,resolve_login_issue
TKT-01301,I've wasted so much time on this already. The notification system seems completely broken on my end. How can I get this working again?,technical,urgent,negative,english,technical_troubleshooting
TKT-04347,I've decided to discontinue my plan. I'm currently on the Premium plan. Thank you for processing this promptly,subscription,high,neutral,english,cancel_subscription
TKT-03140,The tracking information hasn't been updated in five days. My order number is ORD-289006. I'd like to file a complaint about the delivery service.,shipping,medium,negative,english,track_order
TKT-03830,This is ridiculous. The service didn't work as advertised — I want my money back. I was charged $59.99 twice.,refund,urgent,negative,english,refund_duplicate_charge
TKT-00385,Looks like the payment went through two times. Both transactions show $29.99. How do I get the extra amount refunded?,billing,high,neutral,english,refund_duplicate_charge
TKT-02265,I can't remember my password and need to regain access. My registered email is user***@mail.com.,account,urgent,negative,english,reset_password
TKT-01231,"Good afternoon, I was wondering if you could assist me. The application is not responding after the latest update. I'd appreciate any help with this problem I appreciate your help...",technical,medium,positive,english,technical_troubleshooting
TKT-01153,The download keeps failing at 80 percent every single time. This has been going on for 9 days now. I rely on this app daily and can't afford downtime!!,technical,high,negative,english,technical_troubleshooting
TKT-00819,There's a charge I DON'T recognize that matches my last payment exactly.,billing,medium,negative,english,refund_duplicate_charge
TKT-03745,NOT HAPPY AT ALL. I was told I would get my payment back but it hasn't appeared on my statement. I returned the item via DHL on earlier this week. This has gone on too long — I want my money back now.,refund,high,negative,english,refund_duplicate_charge
TKT-00825,Seriously?? I'm seeing a repeated charge that shouldn't be there. The transaction date shows a few days ago. I want the overcharge refunded to my card,billing,high,negative,english,refund_duplicate_charge
TKT-01171,I can't get the app to work on my phone since yesterday. I've spent hours trying to fix this myself.,technical,urgent,negative,english,technical_troubleshooting
TKT-04570,"Honestly, this is the worst experience. I no longer need the service and want to cancel. I don't see a cancel option in my account settings. Please confirm the cancellation in writing.",subscription,high,negative,english,cancel_subscription
TKT-04417,this is the third time i'm reaching out about the same issue. i've been trying to cancel for days but can't figure out how. i don't see a cancel option in my account settings. just want this taken care of.,subscription,medium,negative,english,cancel_subscription
TKT-01387,"Good afternoon, I was wondering if you could assist me. I keep getting kicked out of the app randomly Thank you for your time.",technical,medium,positive,english,technical_troubleshooting
TKT-03965,i can't believe THIS IS HAPPENING again. i was charged twice and i want my money back for the extra payment.,refund,medium,negative,english,refund_duplicate_charge
TKT-03610,"I'm not satisfied with my purchase and would like to return it. I already spoke with someone who said it would be taken care of. I want a full reimbursement, not store credit.",refund,high,negative,english,refund_duplicate_charge
TKT-04186,I am extremely frustrated. I tried to cancel online but the button doesn't seem to work. I read the cancellation policy but still have questions.,subscription,low,negative,english,cancel_subscription
TKT-02263,How do I change my password? The current one doesn't work. My registered email is m***@yahoo.com!!,account,high,neutral,english,reset_password
TKT-04387,I no longer need the service and want to cancel. I don't see a cancel option in my account settings. Can you also delete my stored payment information?,subscription,low,negative,english,cancel_subscription
TKT-04917,I've had it with your service! I'm switching to a different provider and need to cancel here. Please confirm the cancellation in writing.,subscription,medium,negative,english,cancel_subscription
TKT-04019,My order arrived damaged and I need a full reimbursement. I already spoke with someone who said it would be taken care of. How long will it take to get my money back?,refund,urgent,negative,english,refund_duplicate_charge
TKT-04521,Please terminate my membership and confirm via email. I've been a member since 2023. Make sure no further charges are applied.,subscription,low,negative,english,cancel_subscription
TKT-01986,the login button is greyed out and i can't click it. i've verified my email address already.,account,low,neutral,english,resolve_login_issue
TKT-01334,NOT HAPPY AT ALL. I can't get the app to work on my phone since yesterday. Other users in my household are experiencing the same thing. This is really affecting my work.,technical,high,negative,english,technical_troubleshooting
TKT-02286,I haven't been able to update my password through your website. My registered email is m***@yahoo.com. Is there another way to verify my identity?,account,medium,negative,english,reset_password
TKT-01869,I can't remember my password and need to regain access. I've been a customer since 2021. Please help me regain access.,account,high,neutral,english,reset_password
TKT-00129,I think the system charged me twice when I placed my order. The duplicate amount is $149.99.,billing,medium,negative,english,refund_duplicate_charge
TKT-01230,Something is broken in the app — features that used to work don't anymore. I've tried restarting my Windows laptop but the problem persists.,technical,urgent,negative,english,technical_troubleshooting
TKT-04992,Please remove my payment method and cancel the recurring charge. I already tried to cancel through the website.,subscription,medium,neutral,english,cancel_subscription
TKT-01893,I AM SO DONE with this. Can someone manually reset my password? The automated system isn't working for me. I can't access any of my saved data without logging in.,account,medium,negative,english,reset_password
TKT-00109,I think the system charged me twice when I placed my order. This needs to be corrected immediately.,billing,high,negative,english,refund_duplicate_charge
TKT-04266,I've been trying to cancel for days but can't figure out how. I'm currently on the Premium plan. Please confirm the cancellation in writing...,subscription,medium,negative,english,cancel_subscription
TKT-04866,i'm switching to a different provider and need to cancel here. i already tried to cancel through the website. will i still have access until the end of the current period?,subscription,high,neutral,english,cancel_subscription
TKT-04306,"Good afternoon, I was wondering if you could assist me. I've been trying to cancel for days but can't figure out how.",subscription,medium,neutral,english,cancel_subscription
TKT-04645,I no longer need the service and want to cancel. I don't see a cancel option in my account settings. Will I still have access until the end of the current period?,subscription,medium,negative,english,cancel_subscription
TKT-02119,This is ridiculous. I need to change my password but I can't find the option. I've verified my email address already.,account,medium,negative,english,reset_password
TKT-02754,"hi, sorry to bother you but i need to track my package but the tracking number doesnt work. please provide an updated delivery estimate regards.",shipping,high,positive,english,track_order
TKT-00795,i'm seeing a repeated charge that shouldn't be there. this is related to order ord-837411. i want the overcharge refunded to my card.,billing,medium,neutral,english,refund_duplicate_charge
TKT-00660,My card was debited twice for a single order. It appeared on my statement dated on the 15th.,billing,urgent,negative,english,refund_duplicate_charge
TKT-01151,The system keeps showing error code 503 when I try to access my data. I've spent hours trying to fix this myself!!,technical,medium,negative,english,technical_troubleshooting
TKT-03937,I've had it with your service! I accidentally purchased the wrong plan and need my money back. It's been 7 days since I requested my money back. I just want my money returned.,refund,medium,negative,english,refund_duplicate_charge
TKT-02975,I've had it with your service! My neighbor says no delivery attempt was made at my address. I'm very disappointed with the delivery experience.,shipping,high,negative,english,track_order
TKT-03861,I never recieved my order but I was charged for it. I need the amount credited to my original payment method,refund,urgent,negative,english,refund_duplicate_charge
TKT-02885,I am extremely frustrated. Where is my order? The estimated delivery date has passed. I ordered on September 28th.,shipping,low,negative,english,track_order
TKT-03807,"Honestly, this is the worst experience. I'm not satisfied with my purchase and would like to return it.",refund,high,negative,english,refund_duplicate_charge
TKT-02866,I can't BELIEVE THIS IS happening again. I haven't received any shipping updates since I placed my order.,shipping,high,negative,english,track_order
TKT-03766,NOT HAPPY AT ALL. I canceled my order but the charge still went through. I need the amount credited to my original payment method.,refund,high,negative,english,refund_duplicate_charge
TKT-04292,I am extremely frustrated. How do I stop my recurring payment? I need a confirmation email once it's done.,subscription,low,negative,english,cancel_subscription
TKT-04119,This is ridiculous. I cancled my order but the charge still went through. The amount I need returned is $49.99. Please confirm when the reversal has been issued.,refund,urgent,negative,english,refund_duplicate_charge
TKT-04155,The product broke WITHIN THE FIRST day — I need my money back. I already spoke with someone who said it would be taken care of.,refund,low,negative,english,refund_duplicate_charge
TKT-01440,This is ridiculous. The software freezes whenever I try to save my work. I've tried restarting my Windows laptop but the problem persists...,technical,urgent,negative,english,technical_troubleshooting
TKT-00453,"Hi, sorry to bother you but My bank shows two identical transactions from your company. Can you resolve this? I shouldn't have been charged twice.",billing,medium,neutral,english,refund_duplicate_charge
TKT-00946,The app is super slow and basically unusable right now. Can someone please help me resolve this?,technical,low,negative,english,technical_troubleshooting
TKT-03390,The item doesn't match the description and I want my money returned. How long will it take to get my money back?,refund,high,neutral,english,refund_duplicate_charge
TKT-02767,is there a way to expedite my delivery?,shipping,high,neutral,english,track_order
TKT-03331,The courier says they delivered it but I never received anything. I need to know when I'll receive my order.,shipping,high,neutral,english,track_order
TKT-01407,I've wasted so much time on this already. I keep getting a connection error when I try to use the app. I need this fixed as soon as possible,technical,medium,negative,english,technical_troubleshooting
TKT-01567,The system keeps showing error code 503 when I try to access my data. The error code I'm seeing is ERR-6181. I rely on this app daily and can't afford downtime.,technical,high,negative,english,technical_troubleshooting
TKT-01911,I am so done with this. The reset link I received says it has expired. I've been a customer since 2021.,account,high,negative,english,reset_password
TKT-01066,The software freezes whenever I try to save my work.,technical,high,negative,english,technical_troubleshooting
TKT-04143,This is the third time I'm reaching out about the same issue. My return was approved weeks ago but the credit still hasn't appeared. It's been 5 days since I requested my money back. How long will it take to get my money back?,refund,high,negative,english,refund_duplicate_charge
TKT-00733,Something went wrong with my payment — the amount was deducted two times. The amount is $14.99 each time.,billing,high,neutral,english,refund_duplicate_charge
TKT-02985,I want to know why my package is taking so long. The tracking number is TRK6609107242.,shipping,high,negative,english,track_order
TKT-01562,I keep getting a connection error when I try to use the app. I attached a screenshot but can't include it here. I've spent hours trying to fix this myself.,technical,low,neutral,english,technical_troubleshooting
TKT-00349,This is the third time I'm reaching out about the same issue. Something went wrong with my payment — the amount was deducted two times. This happened on last Monday.,billing,high,negative,english,refund_duplicate_charge
TKT-02354,"Hi there, I have a question. I can't log into my account even though I'm using the correct credentials. My registered email is d***@outlook.com. What steps do I need to take to fix this?",account,urgent,neutral,english,resolve_login_issue
TKT-02808,I've wasted so much time on this already. The estimated arrival keeps getting pushed back.,shipping,medium,negative,english,track_order
TKT-00287,this is the third time i'm reaching out about the same issue. looks like the payment went through two times. the duplicate amount is $149.99.,billing,high,negative,english,refund_duplicate_charge
TKT-01537,Seriously?? The search function in your app returns no results even though I know there should be matches. This has been going on for 3 days now!!,technical,medium,negative,english,technical_troubleshooting
TKT-03215,I need to track my package but the tracking number doesn't work. This is a gift and I needed it by a specific date. I need someone to investigate what happened to my package.,shipping,high,neutral,english,track_order
TKT-02296,"Hi, I hope this message finds you well. The login page just keeps refreshing without letting me in. My registered email is a***@gmail.com. What steps do I need to take to fix this?",account,high,neutral,english,resolve_login_issue
TKT-00045,I see an unauthorized duplicate deduction on my account. This happened on last Monday.,billing,urgent,negative,english,refund_duplicate_charge
TKT-03948,I can't believe this is happening again. I was charged twice by mistake — can I get the extra amount returned? The amount I need returned is $29.99. Is there anything else you need from me to process this?,refund,high,negative,english,refund_duplicate_charge
TKT-01666,The app keeps crashing every time I try to open it. I've tried using different browsers but same issue. I'm losing patience with this recurring issue.,technical,urgent,negative,english,technical_troubleshooting
TKT-01627,i am so done with this. the software freezes whenever i try to save my work. is there a workaround i can try in the meantime?,technical,urgent,negative,english,technical_troubleshooting
TKT-00302,"I noticed an extra charge on my credit card statement. My monthly payement should be $79.99, not double that.",billing,high,negative,english,refund_duplicate_charge
TKT-04276,I no longer need the service and want to cancel.,subscription,medium,positive,english,cancel_subscription
TKT-02509,i'm worried my package got lost in transit.,shipping,medium,negative,english,track_order
TKT-03829,I returned my ORDER TWO WEEKS ago but still havent gotten my money back.,refund,urgent,negative,english,refund_duplicate_charge
TKT-02183,My account seems to be suspended but I don't know why. I can provide ID verification if needed. I need this sorted out as soon as possible.,account,high,positive,english,resolve_login_issue
TKT-03129,I can't believe THIS IS HAPPENING AGAIN. TRACKING shows my order is in a completely different city. My delivery address is correct — I've double checked...,shipping,high,negative,english,track_order
TKT-03682,"This is the third time I'm reaching out about the same issue. The duplicate charge on my card needs to be reversed immediately. I was charged $24.99 twice. I want a full reimbursement, not store credit.",refund,high,negative,english,refund_duplicate_charge
TKT-03531,I'm not satisfied with my purchase and would like to return it. I returned the item via the courier on September 28th. I need the amount credited to my original payement method.,refund,urgent,positive,english,refund_duplicate_charge
TKT-00148,I think the system charged me twice when I placed my order.,billing,low,neutral,english,refund_duplicate_charge
TKT-01901,The login page just keeps refreshing without letting me in. I've been a customer since 2024.,account,medium,negative,english,resolve_login_issue
TKT-02492,"Good morning, I'd like some help please. My password expired and I can't seem to create a new one I really appreciate it.",account,medium,positive,english,reset_password
TKT-01680,"Hi, I hope this message finds you well. I get an error saying my account doesn't exist, but I've had it for years. I can provide ID verification if needed. I need this sorted out as soon as possible...",account,high,positive,english,resolve_login_issue
TKT-00580,I'm really upset about this. I was charged twice for the same purchase this month.,billing,high,negative,english,refund_duplicate_charge
TKT-00318,I've had it with your service! I was charged twice for the same purchase this month. This happened on on the 15th!!,billing,high,negative,english,refund_duplicate_charge
TKT-01856,the login button is greyed out and i can't click it. i can provide id verification if needed. this is becoming very frustrating.,account,medium,neutral,english,resolve_login_issue
TKT-01809,I'm getting a 'session expired' message immediately after logging in. Can you send me a manual reset link?,account,high,negative,english,resolve_login_issue
TKT-04147,I accidentally purchased the wrong plan and need my money back. I returned the item via USPS on October 1st. Please return my payment as soon as possible.,refund,high,negative,english,refund_duplicate_charge
TKT-02415,Can someone manually reset my password? The automated system isn't working for me. I've been a customer since 2024. I'd appreciate a quick resolution...,account,medium,positive,english,reset_password
TKT-04103,I've been waiting OVER A month for the money to come back to my account. The order number is ORD-378242. I just want my money returned!!,refund,medium,negative,english,refund_duplicate_charge
TKT-00667,"Hello, thank you in advance for your help. Something went wrong with my payement — the amount was deducted two times. Each charge is for $59.99. I need this resolved quickly, please.",billing,high,neutral,english,refund_duplicate_charge
TKT-04669,I've had it with your service! Please remove my payment method and cancel the recurring charge. I already tried to cancel through the website.,subscription,medium,negative,english,cancel_subscription
TKT-04236,I've decided to discontinue my plan. How soon will the cancellation take effect?,subscription,urgent,neutral,english,cancel_subscription
TKT-01540,I'm getting a weird error message when I use the application. This started happening after the last update. How can I get this working again?,technical,medium,negative,english,technical_troubleshooting
TKT-03265,"Honestly, this is the worst experience. My order has been 'out for delivery' for three days straight. Can you contact the courier on my behalf?",shipping,low,negative,english,track_order
TKT-04363,I'd like to end my membership effective immediatly. Just want this taken care of.,subscription,medium,neutral,english,cancel_subscription
TKT-04604,The service isn't worth the monthly fee anymore. I already tried to cancel through the website.,subscription,medium,neutral,english,cancel_subscription
TKT-01705,The LOGIN PAGE JUST KEEPS REFRESHING without letting me in.,account,low,negative,english,resolve_login_issue
TKT-00500,I see an unauthorized duplicate deduction on my account. The duplicate amount is $59.99.,billing,high,negative,english,refund_duplicate_charge
TKT-01394,"Honestly, this is the worst experience. I keep getting a connection error when I try to use the app. Other users in my household are experiencing the same thing. I need this fixed as soon as possible.",technical,high,negative,english,technical_troubleshooting
TKT-01343,the system keeps SHOWING ERROR CODE 503 WHEN i try to access my data. is there a workaround i can try in the meantime?,technical,medium,negative,english,technical_troubleshooting
TKT-02976,My order still hasn't arrived and it's been over two weeks. I need someone to investigate what happened to my package.,shipping,high,negative,english,track_order
TKT-03559,This is the third time I'm reaching out about the same issue. I canceled my order but the charge still went through. It's been 8 days since I requested my money back. I'm going to dispute the charge with my bank if this isn't resolved.,refund,high,negative,english,refund_duplicate_charge
TKT-03494,I was told I would get my payment back but it hasn't appeared on my statement. I returned the item via DHL on last week.,refund,urgent,positive,english,refund_duplicate_charge
TKT-01321,This is the third time I'm reaching out about the same issue. I keep getting a connection error when I try to use the app. The error code I'm seeing is ERR-6307. I'm losing patience with this recurring issue.,technical,medium,negative,english,technical_troubleshooting
TKT-04026,I am so done with this. I canceled my order but the charge still went through. I was charged $49.99 twice.,refund,urgent,negative,english,refund_duplicate_charge
TKT-02480,I haven't been able to access my account since last week. I've been a customer since 2024.,account,urgent,neutral,english,resolve_login_issue
TKT-01534,Something is broken in the app — features that used to work don't anymore. I need this fixed as soon as possible.,technical,high,negative,english,technical_troubleshooting
TKT-00159,I just checked my statement and there's a double payment. The transaction date shows two days ago.,billing,medium,negative,english,refund_duplicate_charge
TKT-00233,"NOT HAPPY AT ALL. Looks like the payment went through two times. My monthly payment should be $49.99, not double that. How do I get the extra amount refunded?",billing,urgent,negative,english,refund_duplicate_charge
TKT-01652,This is absolutely unacceptable. The page loads very slowly and sometimes times out completely. I've already cleared the cache and reinstalled the app. I'm losing patience with this recurring issue.,technical,high,negative,english,technical_troubleshooting
TKT-00856,NOT HAPPY AT ALL. The app is super slow and basically unusable right now. Is this a known issue? Are you working on a fix?,technical,high,negative,english,technical_troubleshooting
TKT-03843,I am so done with this. I'm not satisfied with my purchase and would like to return it. I was charged $9.99 twice. Please return my payment as soon as possible,refund,urgent,negative,english,refund_duplicate_charge
TKT-02796,My order still hasn't arrived and it's been over two weeks. Please provide an updated delivery estimate.,shipping,medium,neutral,english,track_order
TKT-03067,I can't believe this is happening again. My neighbor says no delivery attempt was made at my address. My order number is ORD-378243.,shipping,high,negative,english,track_order
TKT-03475,I accidentally purchased the wrong plan and need my money back. I have the receipt and can provide proof of the duplicate charge,refund,urgent,negative,english,refund_duplicate_charge
TKT-00354,"Honestly, this is the worst experience. The same amount was taken from my card twice. Can you resolve this? I shouldn't have been charged twice.",billing,low,negative,english,refund_duplicate_charge
TKT-02719,I'VE WASTED SO MUCH time on this already. My neighbor says no delivery attempt was made at my address. This is a gift and I needed it by a specific date.,shipping,medium,negative,english,track_order
TKT-04842,I want to make sure I won't be charged next month. I've been a member since 2023. I don't want any retention offers — just cancel please.,subscription,medium,negative,english,cancel_subscription
TKT-00061,Your system appears to have processed my payment twice. Each charge is for $19.99. Please reverse the duplicate charge.,billing,high,negative,english,refund_duplicate_charge
TKT-01608,your website keeps displaying a blank screen on my browser. other users in my household are experiencing the same thing.,technical,medium,negative,english,technical_troubleshooting
TKT-03838,I was overcharged and need the difference returned to my card. The order number is ORD-512697. Please confirm when the reversal has been issued,refund,medium,neutral,english,refund_duplicate_charge
TKT-03675,I never recieved my order but I was charged for it. I returned the item via UPS on September 28th.,refund,high,negative,english,refund_duplicate_charge
TKT-04230,NOT HAPPY AT ALL. I want to make sure I won't be charged next month.,subscription,high,negative,english,cancel_subscription
TKT-04182,I need to downgrade or cancel my current plan. I don't see a cancel option in my account settings. I don't want any retention offers — just cancel please...,subscription,medium,neutral,english,cancel_subscription
TKT-02646,this is the third time i'm reaching out about the same issue. tracking shows my order is in a completely different city. the tracking number is trk6070318668. can you contact the courier on my behalf?,shipping,high,negative,english,track_order
TKT-02289,I enter my EMAIL AND PASSWORD BUT nothing happens.,account,urgent,negative,english,resolve_login_issue
TKT-00934,NOT HAPPY AT ALL. SOMETHING IS BROKEN IN the app — features that used to work don't anymore. The error code I'm seeing is ERR-1003.,technical,low,negative,english,technical_troubleshooting
TKT-03664,"My order arrived damaged and I need a full reimbursement. It's been 6 days since I requested my money back. I want a full reimbursement, not store credit.",refund,medium,neutral,english,refund_duplicate_charge
TKT-04384,I've decided to discontinue my plan. I don't see a cancel option in my account settings. I don't want any retention offers — just cancel please.,subscription,low,neutral,english,cancel_subscription
TKT-04576,"Hello, thank you in advance for your help. I'd like to end my membership effective immediately. I've been a member since 2021. How soon will the cancellation take effect? I really appreciate it.",subscription,high,positive,english,cancel_subscription
TKT-01885,This is the third time I'm reaching out about the same issue. I forgot my password and the reset link isn't working.,account,urgent,negative,english,reset_password
TKT-04195,please remove my payement method and cancel the recurring charge. i read the cancellation policy but still have questions,subscription,medium,negative,english,cancel_subscription
TKT-04912,I don't want to renew my annual plan. My plan is the Enterprise tier at $14.99/month. Just want this taken care of.,subscription,urgent,neutral,english,cancel_subscription
TKT-01288,I can't get the app to work on my phone since yesterday. Is there a workaround I can try in the meantime?,technical,high,negative,english,technical_troubleshooting
TKT-04066,I was charged twice by mistake — can I get the extra amount returned? Can you expedite this reimbursement?,refund,high,negative,english,refund_duplicate_charge
TKT-02191,Can someone manually reset my password? The automated system isn't working for me. Is there another way to verify my identity?,account,medium,neutral,english,reset_password
TKT-04370,Can you help me cancel before the next payment cycle? I read the cancellation policy but still have questions. I don't want any retention offers — just cancel please.,subscription,low,neutral,english,cancel_subscription
TKT-03917,The service didn't work as advertised — I want my money back. The order number is ORD-279117.,refund,medium,negative,english,refund_duplicate_charge
TKT-01200,My data isn't syncing across devices anymore. I've already tried all the basic troubleshooting steps. Can you provide a timeline for when this will be resolved?,technical,urgent,neutral,english,technical_troubleshooting
TKT-04475,"Hello, I hope you're having a good day. Please cancel my auto-renewal — I don't want to be charged again.",subscription,medium,neutral,english,cancel_subscription
TKT-03508,The product broke within the first day — I need my money back. The order number is ORD-303039. Can you expedite this reimbursement?,refund,urgent,negative,english,refund_duplicate_charge
TKT-03561,I was charged twice and I want my money back for the extra payement. How long will it take to get my money back?,refund,high,negative,english,refund_duplicate_charge
TKT-04903,I want to make sure I won't be charged next month. I've been a member since 2023.,subscription,high,neutral,english,cancel_subscription
TKT-04612,I want to cancel my monthly plan. I don't want any retention offers — just cancel please.,subscription,medium,negative,english,cancel_subscription
TKT-03027,The delivery was supposed to arrive by last Monday. I'm very disappointed with the delivery experience.,shipping,medium,neutral,english,track_order
TKT-03709,I returned my order two weeks ago but still havent gotten my money back.,refund,medium,negative,english,refund_duplicate_charge
TKT-04184,I want to cancel my monthly plan. My next payment date is a few days ago. I don't want any retention offers — just cancel please.,subscription,low,negative,english,cancel_subscription
TKT-01132,this is the THIRD TIME I'M REACHING OUT about the same issue. the application is not responding after the latest update. this is really affecting my work.,technical,medium,negative,english,technical_troubleshooting
TKT-00396,I am so done with this. Looks like the payment went through two times. This happened on two days ago. Kindly process a refund for the duplicate transaction!!,billing,low,negative,english,refund_duplicate_charge
TKT-02956,the estimated arrival keeps getting pushed back. my order number is ord-918860,shipping,high,neutral,english,track_order
TKT-02977,"Honestly, this is the worst experience. I haven't received any shipping updates since I placed my order. This is a gift and I needed it by a specific date.",shipping,medium,negative,english,track_order
TKT-02217,The reset link I received says it has expired. What steps do I need to take to fix this?,account,high,negative,english,reset_password
TKT-04536,i'm switching to a different provider and need to cancel here. my next payment date is september 28th. how soon will the cancellation take effect?,subscription,urgent,neutral,english,cancel_subscription
TKT-01808,I forgot my password and the reset link isn't working. Please advise on what to do next,account,urgent,negative,english,reset_password
TKT-00655,I am so done with this. My card was debited twice for a single order. I noticed this when I checked my statement on last Friday. I'd like to get my money back for the extra charge.,billing,high,negative,english,refund_duplicate_charge
TKT-01075,the application is not responding after the latest update.,technical,urgent,negative,english,technical_troubleshooting
TKT-00414,"Good afternoon, I was wondering if you could assist me. Something went wrong with my payement — the amount was deducted two times. My monthly payment should be $39.99, not double that.",billing,high,neutral,english,refund_duplicate_charge
TKT-00062,"I see an unauthorized duplicate deduction on my account. Both transactions show $59.99. I need this resolved quickly, please!!",billing,high,neutral,english,refund_duplicate_charge
TKT-04263,I am so done with this. How do I stop my recurring payment? Will I still have access until the end of the current period?,subscription,low,negative,english,cancel_subscription
TKT-01593,Something is broken in the app — features that used to work don't anymore. I'd appreciate any help with this problem.,technical,high,neutral,english,technical_troubleshooting
TKT-00042,"Hi, sorry to bother you but Your system appears to have processed my payment twice. Both transactions show $199.99. I want the overcharge refunded to my card.",billing,high,neutral,english,refund_duplicate_charge
TKT-01399,Seriously?? The notification system seems completely broken on my end. I've tried using different browsers but same issue. I've spent hours trying to fix this myself.,technical,low,negative,english,technical_troubleshooting
TKT-03456,NOT HAPPY AT ALL. I canceled my order but the charge still went through. Can you expedite this reimbursement?,refund,urgent,negative,english,refund_duplicate_charge
TKT-03947,the quality of what i received doesn't justify the price. the amount i need returned is $99.99.,refund,high,negative,english,refund_duplicate_charge
TKT-02321,I've been trying to reset my password for the past hour!!,account,low,neutral,english,reset_password
TKT-04110,I've been waiting over a month for the money to come back to my account. I was charged $24.99 twice.,refund,medium,negative,english,refund_duplicate_charge
TKT-01319,The software freezes whenever I try to save my work. It works fine on my laptop but not on my MacBook.,technical,medium,negative,english,technical_troubleshooting
TKT-00761,Your system appears to have processed my payment twice. I expect a refund for the duplicate amount.,billing,urgent,neutral,english,refund_duplicate_charge
TKT-04518,I CAN'T BELIEVE this is happening again. I've been trying to cancel for days but can't figure out how. I'm currently on the Pro plan. Will I still have access until the end of the current period?,subscription,medium,negative,english,cancel_subscription
TKT-00430,I've been charged an extra amount that I didn't authorize. Each charge is for $14.99,billing,high,negative,english,refund_duplicate_charge
TKT-02355,This is absolutely unacceptable. I've been trying to reset my password for the past hour. Please help me regain access.,account,medium,negative,english,reset_password
TKT-02813,The tracking information hasn't been updated in five days. The tracking number is TRK8105547752. Is there any way to speed this up?,shipping,high,negative,english,track_order
TKT-02351,I'm locked out because I forgot my password. I can provide ID verification if needed.,account,urgent,neutral,english,reset_password
TKT-01560,I keep getting kicked out of the app randomly. The error code I'm seeing is ERR-8906.,technical,low,neutral,english,technical_troubleshooting
TKT-01899,I can't sign in from my new phone. I've verified my email address already. Can you send me a manual reset link?,account,high,negative,english,resolve_login_issue
TKT-03029,"Hi, I hope this message finds you well. The courier says they delivered it but I never recieved anything. The tracking number is TRK3225577170.",shipping,medium,neutral,english,track_order
TKT-02599,I am so done with this. I paid for express delivery but it's been 14 days already. This delay is really inconvenient.,shipping,medium,negative,english,track_order
TKT-03674,The service didn't work as advertised — I want my money back. I need the amount credited to my original payment method!!,refund,medium,neutral,english,refund_duplicate_charge
TKT-01197,The notification system seems completely broken on my end. I'm using version 3.9.2 on Samsung tablet.,technical,high,neutral,english,technical_troubleshooting
TKT-01046,I keep getting a connection error when I try to use the app. Please escalate this if necessary.,technical,medium,negative,english,technical_troubleshooting
TKT-02540,I need to track my package but the tracking number doesn't work. I selected express delivery.,shipping,medium,neutral,english,track_order
TKT-00820,Could you check my recent transactions? There seem to be two identical ones. Please fix this and credit my account.,billing,high,negative,english,refund_duplicate_charge
TKT-02459,I'm getting a 'session expired' message immediately after logging in. This is becoming very frustrating.,account,high,neutral,english,resolve_login_issue
TKT-00908,I've wasted so much time on this already. The app is super slow and basically unusable right now. This has been going on for 3 days now. How can I get this working again?,technical,high,negative,english,technical_troubleshooting
TKT-03177,"My package seems to be stuck in transit. I've contacted the courier but they redirected me to you. If it's lost, I need a replacement or refund.",shipping,high,negative,english,track_order
TKT-01821,Can someone manually reset my password? The automated system isn't working for me.,account,high,negative,english,reset_password
TKT-04923,I've been trying to cancel for days but can't figure out how. Make sure no further charges are applied.,subscription,high,neutral,english,cancel_subscription
TKT-04933,"Hi there, I have a question. I'd like to end my membership effective immediately.",subscription,high,neutral,english,cancel_subscription
TKT-02280,The login button is greyed out and I can't click it. My registered email is d***@outlook.com.,account,urgent,neutral,english,resolve_login_issue
TKT-01156,I can't get the app to work on my phone since yesterday. This is really affecting my work.,technical,medium,negative,english,technical_troubleshooting
TKT-04172,Seriously?? How do I stop my recurring payment? My plan is the Enterprise tier at $29.99/month.,subscription,medium,negative,english,cancel_subscription
TKT-01991,the password reset email never arrives in my inbox. i've already tried from multiple devices.,account,high,neutral,english,reset_password
TKT-04248,Seriously?? I need to downgrade or cancel my current plan. I need a confirmation email once it's done...,subscription,medium,negative,english,cancel_subscription
TKT-01630,The app is super slow and basically unusable right now. Other users in my household are experiencing the same thing. Can someone please help me resolve this?,technical,medium,negative,english,technical_troubleshooting
TKT-01672,My account shows as deactivated but I never deactivated it. Please advise on what to do next.,account,high,neutral,english,resolve_login_issue
TKT-03418,My order arrived damaged and I need a full reimbursement. I returned the item via the courier on October 1st. I just want my money returned.,refund,medium,negative,english,refund_duplicate_charge
TKT-04852,I've been trying TO CANCEL FOR DAYS but can't figure out how. I need a confirmation email once it's done.,subscription,medium,negative,english,cancel_subscription
TKT-00152,I'm seeing A REPEATED CHARGE THAT SHOULDN'T be there.,billing,high,negative,english,refund_duplicate_charge
TKT-00119,My card was debited twice for a single order. Reference number: ORD-312033.,billing,medium,negative,english,refund_duplicate_charge
TKT-04766,"Hi, sorry to bother you but I signed up by mistake and need to cancel right away.",subscription,medium,neutral,english,cancel_subscription
TKT-03232,My order has been 'out for delivery' for three days straight!!,shipping,high,negative,english,track_order
TKT-00648,"Good afternoon, I was wondering if you could assist me. Something went wrong with my payment — the amount was deducted two times. Each charge is for $199.99. Please fix this and credit my account.",billing,urgent,neutral,english,refund_duplicate_charge
TKT-01145,The search function in your app returns no results even though I know there should be matches. This started happening after the last update. I've spent hours trying to fix this myself.,technical,low,negative,english,technical_troubleshooting
TKT-01942,The login button is greyed out and I can't click it. I've verified my email address already.,account,urgent,positive,english,resolve_login_issue
TKT-03836,THE SERVICE didn't work as advertised — I want my money back. I already spoke with someone who said it would be taken care of. Please confirm when the reversal has been issued.,refund,high,negative,english,refund_duplicate_charge
TKT-02461,The CAPTCHA on the login page keeps failing even when I solve it correctly. What steps do I need to take to fix this?,account,medium,negative,english,resolve_login_issue
TKT-02641,Is there a way to expedite my delivery?,shipping,medium,negative,english,track_order
TKT-00627,"My CARD WAS DEBITED TWICE FOR a single order. It appeared on my statement dated October 1st. I need this resolved quickly, please.",billing,high,negative,english,refund_duplicate_charge
TKT-03698,I never received my order but I was charged for it. It's been 3 days since I requested my money back.,refund,high,negative,english,refund_duplicate_charge
